label,sample_idx,route_idx,lat,lng,way_id,oneway,match_margin_m,old_oneway_violation,new_oneway_violation,unchanged
渋谷→新宿,0,0,35.65957,139.70235,664492786,,0.52,False,False,True
渋谷→新宿,1,1,35.6636,139.70206,798794765,,1.718,False,False,True
渋谷→新宿,2,2,35.66473,139.70251,798739072,yes,6.564,False,False,True
渋谷→新宿,3,3,35.66846,139.70532,798739072,yes,1.151,False,False,True
渋谷→新宿,4,4,35.67018,139.70672,117083664,,2.743,False,False,True
渋谷→新宿,5,5,35.67208,139.70808,1061981261,yes,2.276,False,False,True
渋谷→新宿,6,6,35.67248,139.70807,1061981252,yes,0.519,False,False,True
渋谷→新宿,7,7,35.67453,139.70712,1061981252,yes,0.054,False,False,True
渋谷→新宿,8,8,35.67753,139.70602,670335467,,4.179,False,False,True
渋谷→新宿,9,9,35.67994,139.70451,796871114,yes,0.797,False,False,True
渋谷→新宿,10,10,35.68032,139.70451,796871114,yes,4.263,False,False,True
渋谷→新宿,11,11,35.68083,139.70453,860381103,yes,0.19,False,False,True
渋谷→新宿,12,12,35.68233,139.70455,213526441,yes,4.755,False,False,True
渋谷→新宿,13,13,35.68306,139.7045,213526441,yes,2.309,False,False,True
渋谷→新宿,14,14,35.68366,139.70429,213526441,yes,1.44,False,False,True
渋谷→新宿,15,15,35.68444,139.70381,213526441,yes,1.104,False,False,True
渋谷→新宿,16,16,35.68602,139.70336,213526441,yes,6.141,False,False,True
渋谷→新宿,17,17,35.68783,139.70284,199152190,yes,4.353,False,False,True
渋谷→新宿,18,19,35.68928,139.7022,138533178,yes,4.062,True,True,True
渋谷→新宿,19,20,35.68962,139.70208,39436592,,0.832,False,False,True
新宿→池袋,0,0,35.69136,139.70164,155224464,yes,1.748,False,False,True
新宿→池袋,1,1,35.6911,139.70338,155224464,yes,0.056,False,False,True
新宿→池袋,2,3,35.6905,139.70455,39436598,yes,0.687,False,False,True
新宿→池袋,3,4,35.69362,139.70649,1120796134,yes,6.037,False,False,True
新宿→池袋,4,6,35.6944,139.70669,688686080,yes,4.723,False,False,True
新宿→池袋,5,7,35.69487,139.7068,688686080,yes,1.526,False,False,True
新宿→池袋,6,8,35.69656,139.70716,688686080,yes,1.752,False,False,True
新宿→池袋,7,9,35.69793,139.70743,688819559,yes,1.513,False,False,True
新宿→池袋,8,10,35.69961,139.70777,691691444,yes,1.079,False,False,True
新宿→池袋,9,11,35.70088,139.70799,691691444,yes,0.192,False,False,True
新宿→池袋,10,12,35.70197,139.70818,415221604,yes,1.89,False,False,True
新宿→池袋,11,13,35.70344,139.70847,415221604,yes,0.018,False,False,True
新宿→池袋,12,14,35.7048,139.70863,69518078,,0.896,False,False,True
新宿→池袋,13,15,35.70842,139.7091,688819558,,1.292,False,False,True
新宿→池袋,14,16,35.71149,139.71,683237303,yes,0.022,False,False,True
新宿→池袋,15,17,35.7128,139.71043,415221602,yes,2.45,False,False,True
新宿→池袋,16,18,35.71436,139.71133,415221602,yes,3.154,False,False,True
新宿→池袋,17,19,35.71551,139.71194,97367343,,3.281,False,False,True
新宿→池袋,18,20,35.71687,139.71251,156260998,yes,2.224,False,False,True
新宿→池袋,19,21,35.71883,139.71341,688557393,yes,4.51,False,False,True
新宿→池袋,20,23,35.71985,139.71322,688557393,yes,5.568,False,False,True
新宿→池袋,21,24,35.7244,139.71135,648625671,yes,0.076,False,False,True
新宿→池袋,22,25,35.7252,139.71136,228180934,yes,1.518,True,True,True
新宿→池袋,23,26,35.72704,139.71183,1128023036,yes,0.127,False,False,True
新宿→池袋,24,27,35.7272,139.71112,156246572,yes,1.704,False,False,True
東京→渋谷,0,0,35.67791,139.76377,1450867353,,1.96,False,False,True
東京→渋谷,1,1,35.67841,139.76102,59266960,yes,4.422,False,False,True
東京→渋谷,2,2,35.67519,139.75985,59266960,yes,8.383,False,False,True
東京→渋谷,3,4,35.67538,139.75892,157191451,yes,6.665,False,False,True
東京→渋谷,4,5,35.67745,139.75394,206353802,yes,0.21,False,False,True
東京→渋谷,5,6,35.67736,139.75343,206353802,yes,0.523,False,False,True
東京→渋谷,6,7,35.67466,139.75165,662063657,,0.352,False,False,True
東京→渋谷,7,8,35.67293,139.7505,243268913,yes,0.886,False,False,True
東京→渋谷,8,9,35.67028,139.74934,931757787,yes,2.923,False,False,True
東京→渋谷,9,10,35.669,139.74859,931757787,yes,5.51,False,False,True
東京→渋谷,10,11,35.66449,139.74651,931757787,yes,7.106,False,False,True
東京→渋谷,11,12,35.66321,139.74533,931757787,yes,1.046,False,False,True
東京→渋谷,12,13,35.66203,139.74425,253812412,yes,2.524,False,False,True
東京→渋谷,13,14,35.66078,139.74336,253812412,yes,2.82,False,False,True
東京→渋谷,14,15,35.66019,139.74304,1035341897,yes,6.878,False,False,True
東京→渋谷,15,16,35.6598,139.743,858775693,yes,0.881,False,False,True
東京→渋谷,16,17,35.65947,139.74263,19023682,yes,3.932,False,False,True
東京→渋谷,17,18,35.65958,139.7419,858775692,yes,3.348,False,False,True
東京→渋谷,18,19,35.66017,139.74041,858775692,yes,3.682,False,False,True
東京→渋谷,19,20,35.66114,139.73794,1344791873,yes,2.106,False,False,True
東京→渋谷,20,21,35.66224,139.73429,271979231,yes,2.133,False,False,True
東京→渋谷,21,22,35.66315,139.73238,271979231,yes,2.399,False,False,True
東京→渋谷,22,23,35.66245,139.73082,927004519,yes,6.035,False,False,True
東京→渋谷,23,24,35.66101,139.72778,888162704,yes,2.051,False,False,True
東京→渋谷,24,25,35.66028,139.72567,888162704,yes,4.226,False,False,True
東京→渋谷,25,26,35.6598,139.72435,122928192,,2.224,False,False,True
東京→渋谷,26,27,35.65943,139.72214,261065068,yes,2.414,False,False,True
東京→渋谷,27,28,35.65924,139.72,755562444,,2.056,False,False,True
東京→渋谷,28,29,35.65925,139.71909,935686680,yes,1.106,False,False,True
東京→渋谷,29,30,35.65894,139.71543,775539561,yes,2.139,False,False,True
東京→渋谷,30,31,35.65862,139.71248,922476289,yes,3.713,False,False,True
東京→渋谷,31,32,35.65823,139.70837,141293470,,0.546,False,False,True
東京→渋谷,32,33,35.65811,139.70618,284075894,yes,4.717,False,False,True
東京→渋谷,33,34,35.65805,139.70434,852978896,yes,0.407,False,False,True
東京→渋谷,34,37,35.65792,139.70353,680253718,,2.795,False,False,True
品川→東京,0,0,35.62877,139.74184,680899281,yes,8.428,False,False,True
品川→東京,1,2,35.6289,139.74222,172281628,yes,0.003,False,False,True
品川→東京,2,5,35.62903,139.74278,172281627,,1.179,False,False,True
品川→東京,3,6,35.62949,139.74285,172281624,,0.834,False,False,True
品川→東京,4,7,35.62945,139.74351,265010603,yes,0.865,False,False,True
品川→東京,5,8,35.63012,139.74357,558518250,,1.304,False,False,True
品川→東京,6,11,35.63051,139.74365,558518250,,17.212,False,False,True
品川→東京,7,14,35.63065,139.74447,558518249,,44.385,False,False,True
品川→東京,8,15,35.6314,139.74456,558518249,,43.581,False,False,True
品川→東京,9,18,35.63145,139.74498,1450174835,,6.723,False,False,True
品川→東京,10,21,35.63329,139.74537,230895574,yes,4.709,False,False,True
品川→東京,11,22,35.63741,139.74669,211690605,yes,1.594,False,False,True
品川→東京,12,23,35.63939,139.74728,211690605,yes,0.314,False,False,True
品川→東京,13,24,35.64115,139.74788,23690234,,3.709,False,False,True
品川→東京,14,25,35.64181,139.7482,176674159,yes,0.791,False,False,True
品川→東京,15,27,35.64294,139.75077,59973392,,0.445,False,False,True
品川→東京,16,28,35.64296,139.75235,421300042,yes,2.073,False,False,True
品川→東京,17,29,35.6483,139.75493,1033723439,yes,1.814,False,False,True
品川→東京,18,30,35.64862,139.75466,741785139,yes,5.018,True,True,True
品川→東京,19,31,35.64911,139.75297,1033723439,yes,0.497,False,False,True
品川→東京,20,32,35.65107,139.75374,656235283,yes,3.349,False,False,True
品川→東京,21,33,35.66028,139.75507,253812419,yes,4.972,False,False,True
品川→東京,22,34,35.6608,139.75546,253812419,yes,6.021,False,False,True
品川→東京,23,35,35.66371,139.75792,4848932,yes,0.893,False,False,True
品川→東京,24,36,35.66676,139.76034,253812422,yes,0.537,False,False,True
品川→東京,25,37,35.66705,139.76072,667962674,yes,6.09,False,False,True
品川→東京,26,38,35.66833,139.76194,196380141,yes,6.042,False,False,True
品川→東京,27,39,35.66991,139.76364,196380141,yes,2.19,False,False,True
品川→東京,28,40,35.67125,139.76499,1090618166,yes,0.552,False,False,True
品川→東京,29,41,35.67476,139.76873,1026056857,yes,2.79,False,False,True
品川→東京,30,42,35.67536,139.76923,40969586,yes,1.457,False,False,True
品川→東京,31,43,35.67616,139.76965,1070720653,yes,0.081,False,False,True
品川→東京,32,44,35.67721,139.76717,203572465,yes,2.623,False,False,True
品川→東京,33,45,35.67722,139.76665,676291216,yes,5.943,False,False,True
品川→東京,34,46,35.67738,139.76579,1485371598,,3.874,False,False,True
品川→東京,35,47,35.67741,139.76558,1360102103,,0.545,False,False,True
渋谷→六本木,0,0,35.65792,139.70354,680253718,,2.796,False,False,True
渋谷→六本木,1,1,35.65798,139.7042,664881024,,5.538,False,False,True
渋谷→六本木,2,4,35.65761,139.70435,211402007,yes,32.563,False,False,True
渋谷→六本木,3,6,35.6575,139.70475,611222110,yes,0.837,False,False,True
渋谷→六本木,4,7,35.65751,139.70557,611222110,yes,47.841,False,False,True
渋谷→六本木,5,9,35.65728,139.70615,611222110,yes,6.198,False,False,True
渋谷→六本木,6,11,35.65718,139.70693,141293460,,0.758,False,False,True
渋谷→六本木,7,12,35.65682,139.70752,141293470,,1.185,False,False,True
渋谷→六本木,8,13,35.6585,139.70853,852978900,yes,1.303,False,False,True
渋谷→六本木,9,14,35.65956,139.71978,934924985,yes,1.637,False,False,True
渋谷→六本木,10,15,35.65969,139.72083,934924985,yes,6.438,False,False,True
渋谷→六本木,11,16,35.65973,139.72263,934924985,yes,3.164,False,False,True
渋谷→六本木,12,17,35.66005,139.72437,852789786,yes,1.595,False,False,True
渋谷→六本木,13,18,35.66146,139.72831,888162707,yes,0.845,False,False,True
渋谷→六本木,14,19,35.6621,139.72956,271979242,yes,2.229,False,False,True
渋谷→六本木,15,20,35.66324,139.73207,927004531,yes,4.278,False,False,True
下北沢→三軒茶屋,0,0,35.66155,139.66772,41949455,yes,0.464,False,False,True
下北沢→三軒茶屋,1,1,35.66121,139.66946,31824941,,3.785,False,False,True
下北沢→三軒茶屋,2,2,35.66018,139.66883,31824941,,0.241,False,False,True
下北沢→三軒茶屋,3,3,35.65847,139.66828,31824941,,4.816,False,False,True
下北沢→三軒茶屋,4,4,35.65767,139.66775,1455713691,,1.756,False,False,True
下北沢→三軒茶屋,5,5,35.65602,139.66749,1455713691,,1.652,False,False,True
下北沢→三軒茶屋,6,6,35.65539,139.66749,32623771,,0.09,False,False,True
下北沢→三軒茶屋,7,7,35.65502,139.66727,1455713691,,5.058,False,False,True
下北沢→三軒茶屋,8,8,35.65433,139.6672,174526353,,1.989,False,False,True
下北沢→三軒茶屋,9,9,35.65305,139.66719,174526353,,0.178,False,False,True
下北沢→三軒茶屋,10,10,35.65086,139.66731,174526353,,0.242,False,False,True
下北沢→三軒茶屋,11,11,35.64963,139.66772,900818661,,0.52,False,False,True
下北沢→三軒茶屋,12,12,35.64551,139.67034,26950358,,0.362,False,False,True
下北沢→三軒茶屋,13,13,35.6436,139.67107,1034261843,,0.549,False,False,True
下北沢→三軒茶屋,14,14,35.64365,139.67116,1034261845,yes,0.739,False,False,True
高円寺→中野,0,0,35.70566,139.65054,328155326,,1.309,False,False,True
高円寺→中野,1,2,35.70553,139.65197,177661137,yes,1.026,False,False,True
高円寺→中野,2,3,35.70567,139.65762,107538703,,2.047,False,False,True
高円寺→中野,3,5,35.70544,139.65818,223300003,,0.205,False,False,True
高円寺→中野,4,6,35.7055,139.66049,62263412,yes,41.531,False,False,True
高円寺→中野,5,7,35.70549,139.66169,49175544,,12.944,False,False,True
高円寺→中野,6,8,35.70544,139.66273,49175544,,2.72,False,False,True
高円寺→中野,7,9,35.70545,139.66424,49175544,,1.553,False,False,True
高円寺→中野,8,11,35.70544,139.66536,948945646,,3.29,False,False,True
高円寺→中野,9,12,35.70613,139.66535,687171297,,0.137,False,False,True
荻窪→阿佐ヶ谷,0,0,35.70425,139.62101,131838513,yes,4.346,False,False,True
荻窪→阿佐ヶ谷,1,1,35.70435,139.62172,131838512,yes,3.878,False,False,True
荻窪→阿佐ヶ谷,2,2,35.70437,139.62238,1071007332,yes,0.502,False,False,True
荻窪→阿佐ヶ谷,3,3,35.7044,139.62297,80832757,,4.063,False,False,True
荻窪→阿佐ヶ谷,4,4,35.70354,139.62639,1352004080,,2.76,False,False,True
荻窪→阿佐ヶ谷,5,6,35.70328,139.62749,168918384,yes,0.458,False,False,True
荻窪→阿佐ヶ谷,6,7,35.70383,139.62758,80833688,,1.276,False,False,True
荻窪→阿佐ヶ谷,7,8,35.70368,139.62866,80834023,,0.037,False,False,True
荻窪→阿佐ヶ谷,8,10,35.7038,139.6305,80835345,,14.576,False,False,True
荻窪→阿佐ヶ谷,9,11,35.7037,139.63123,80835345,,1.131,False,False,True
荻窪→阿佐ヶ谷,10,13,35.70401,139.63283,80835360,yes,1.598,True,True,True
荻窪→阿佐ヶ谷,11,14,35.70462,139.63456,87704269,yes,1.746,False,False,True
荻窪→阿佐ヶ谷,12,16,35.70456,139.635,194848488,,1.037,False,False,True
荻窪→阿佐ヶ谷,13,18,35.7047,139.63559,87703816,,0.95,False,False,True
自由が丘→等々力,0,0,35.60767,139.66856,287033954,yes,6.211,False,False,True
自由が丘→等々力,1,3,35.60656,139.6681,25533292,yes,0.156,False,False,True
自由が丘→等々力,2,4,35.60661,139.66757,350353685,yes,2.91,True,True,True
自由が丘→等々力,3,7,35.60616,139.66722,1337624814,,1.069,False,False,True
自由が丘→等々力,4,8,35.60643,139.66625,1337624814,,0.177,False,False,True
自由が丘→等々力,5,9,35.60601,139.66498,48903694,,0.883,False,False,True
自由が丘→等々力,6,11,35.60546,139.66304,1337624815,,1.261,False,False,True
自由が丘→等々力,7,12,35.60861,139.6495,59266136,,1.187,False,False,True
自由が丘→等々力,8,14,35.60826,139.64885,47483021,,1.566,False,False,True
自由が丘→等々力,9,15,35.60857,139.64751,47483021,,0.918,False,False,True
浦和→さいたま新都心,0,0,35.85878,139.65799,916790137,yes,4.962,False,False,True
浦和→さいたま新都心,1,2,35.85906,139.65813,1444864905,yes,0.505,False,False,True
浦和→さいたま新都心,2,5,35.85991,139.6569,325347769,yes,0.701,False,False,True
浦和→さいたま新都心,3,6,35.86051,139.65648,299401402,,25.784,False,False,True
浦和→さいたま新都心,4,7,35.86101,139.65633,299401402,,42.935,False,False,True
浦和→さいたま新都心,5,8,35.86137,139.65614,771672190,,1.154,False,False,True
浦和→さいたま新都心,6,9,35.86593,139.65308,100148369,,0.163,False,False,True
浦和→さいたま新都心,7,10,35.86644,139.65293,1263030291,,0.123,False,False,True
浦和→さいたま新都心,8,13,35.86665,139.65262,1378604847,,1.8,False,False,True
浦和→さいたま新都心,9,17,35.86766,139.6515,100148347,,1.356,False,False,True
浦和→さいたま新都心,10,18,35.86815,139.6512,100148347,,16.027,False,False,True
浦和→さいたま新都心,11,20,35.86828,139.65085,771672193,,2.542,False,False,True
浦和→さいたま新都心,12,21,35.87001,139.64949,100400218,,1.129,False,False,True
浦和→さいたま新都心,13,22,35.86979,139.64907,312590910,no,0.825,False,False,True
浦和→さいたま新都心,14,23,35.87263,139.64713,484454198,,0.519,False,False,True
浦和→さいたま新都心,15,24,35.87646,139.64517,323017083,no,2.047,False,False,True
浦和→さいたま新都心,16,25,35.88068,139.64305,323017083,no,5.031,False,False,True
浦和→さいたま新都心,17,26,35.88224,139.64189,1429907953,,2.671,False,False,True
浦和→さいたま新都心,18,27,35.88749,139.63856,1393674973,,3.275,False,False,True
浦和→さいたま新都心,19,28,35.89348,139.63469,1393674972,,2.259,False,False,True
浦和→さいたま新都心,20,29,35.89411,139.63417,285614711,,1.964,False,False,True
吉祥寺→三鷹,0,0,35.70293,139.57722,1253983170,,0.063,False,False,True
吉祥寺→三鷹,1,1,35.70566,139.56803,145130502,,0.095,False,False,True
吉祥寺→三鷹,2,2,35.70369,139.56694,145130484,,0.485,False,False,True
吉祥寺→三鷹,3,3,35.70352,139.56092,1527420839,yes,2.303,False,False,True
吉祥寺→三鷹,4,4,35.70333,139.56089,1527420839,yes,0.392,False,False,True
立川→国分寺,0,0,35.69665,139.4128,853388885,yes,3.984,True,True,True
立川→国分寺,1,1,35.69566,139.41228,742524875,yes,0.867,False,False,True
立川→国分寺,2,2,35.69174,139.42325,81601827,yes,2.299,False,False,True
立川→国分寺,3,3,35.69153,139.42453,1429406683,yes,2.222,True,True,True
立川→国分寺,4,4,35.69157,139.4252,138427587,yes,7.747,False,False,True
立川→国分寺,5,5,35.6915,139.42711,138427588,yes,8.334,False,False,True
立川→国分寺,6,7,35.69124,139.42831,81601830,,3.171,False,False,True
立川→国分寺,7,8,35.69027,139.43143,81848141,,0.988,False,False,True
立川→国分寺,8,9,35.69016,139.43212,81848141,,58.962,False,False,True
立川→国分寺,9,10,35.69022,139.43395,81848141,,0.835,False,False,True
立川→国分寺,10,11,35.69165,139.43391,84272034,,0.002,False,False,True
立川→国分寺,11,12,35.69184,139.43967,84271997,yes,0.278,False,False,True
立川→国分寺,12,13,35.69114,139.4397,237757473,,0.659,False,False,True
立川→国分寺,13,14,35.69135,139.44677,135230359,,0.584,False,False,True
立川→国分寺,14,15,35.69205,139.44675,84271956,,0.694,False,False,True
立川→国分寺,15,17,35.69359,139.44711,53348166,yes,0.273,False,False,True
立川→国分寺,16,18,35.69382,139.45489,172480046,yes,0.216,False,False,True
立川→国分寺,17,19,35.69437,139.45488,84271954,,0.114,False,False,True
立川→国分寺,18,20,35.69447,139.45796,728187456,,8.575,False,False,True
立川→国分寺,19,21,35.69432,139.45997,728187456,,3.816,False,False,True
立川→国分寺,20,22,35.69408,139.4623,161965524,,3.151,False,False,True
立川→国分寺,21,24,35.69483,139.46397,172480150,,1.782,False,False,True
立川→国分寺,22,26,35.69506,139.46456,161954712,,16.101,False,False,True
立川→国分寺,23,27,35.69541,139.46619,161954672,,0.608,False,False,True
立川→国分寺,24,28,35.69604,139.4692,1346808669,,0.168,False,False,True
立川→国分寺,25,29,35.69628,139.47058,1427049474,,4.899,False,False,True
立川→国分寺,26,30,35.69655,139.47463,161954707,,4.079,False,False,True
立川→国分寺,27,31,35.69646,139.47531,161954707,,6.704,False,False,True
立川→国分寺,28,32,35.69662,139.47615,258865968,,1.479,False,False,True
立川→国分寺,29,33,35.69728,139.47745,161954368,,0.487,False,False,True
立川→国分寺,30,34,35.69796,139.47823,1427049470,,2.591,False,False,True
立川→国分寺,31,35,35.69856,139.4793,161953646,,0.837,False,False,True
立川→国分寺,32,36,35.69924,139.48017,1427049470,,1.338,False,False,True
立川→国分寺,33,37,35.69941,139.48015,1427049472,,4.346,False,False,True
横浜→みなとみらい,0,0,35.46478,139.62296,548992507,,0.898,False,False,True
横浜→みなとみらい,1,4,35.46414,139.62264,28413948,yes,3.696,True,True,True
横浜→みなとみらい,2,5,35.46358,139.62261,28413948,yes,4.19,True,True,True
横浜→みなとみらい,3,7,35.46312,139.62246,32463172,,0.889,False,False,True
横浜→みなとみらい,4,9,35.46206,139.62276,111656069,,0.385,False,False,True
横浜→みなとみらい,5,10,35.46104,139.6231,26643010,,1.883,False,False,True
横浜→みなとみらい,6,11,35.46059,139.62348,26643010,,4.919,False,False,True
横浜→みなとみらい,7,13,35.4606,139.62411,1298550088,yes,4.332,False,False,True
横浜→みなとみらい,8,14,35.46044,139.62529,306336243,yes,6.586,False,False,True
横浜→みなとみらい,9,15,35.4606,139.62651,306336254,yes,0.17,False,False,True
横浜→みなとみらい,10,16,35.46117,139.62985,25944286,yes,1.359,False,False,True
横浜→みなとみらい,11,17,35.45889,139.63163,36348141,yes,3.027,False,False,True
川崎→武蔵小杉,0,0,35.53185,139.69658,153006969,,3.144,False,False,True
川崎→武蔵小杉,1,1,35.53373,139.69954,674147586,,1.746,False,False,True
川崎→武蔵小杉,2,2,35.53618,139.70223,1295585359,,2.805,False,False,True
川崎→武蔵小杉,3,3,35.53827,139.698,1226423529,yes,2.83,False,False,True
川崎→武蔵小杉,4,4,35.54013,139.69686,989951075,yes,4.789,False,False,True
川崎→武蔵小杉,5,5,35.54306,139.69367,992241606,yes,1.577,True,True,True
川崎→武蔵小杉,6,6,35.54401,139.69123,387787695,,0.311,False,False,True
川崎→武蔵小杉,7,7,35.54646,139.68509,991020675,yes,1.778,False,False,True
川崎→武蔵小杉,8,8,35.54939,139.68217,1451926119,,0.822,False,False,True
川崎→武蔵小杉,9,9,35.55289,139.67992,27639367,,5.424,False,False,True
川崎→武蔵小杉,10,10,35.55431,139.67884,31875063,yes,3.795,False,False,True
川崎→武蔵小杉,11,11,35.55607,139.67756,31875063,yes,2.642,False,False,True
川崎→武蔵小杉,12,12,35.55828,139.67599,932751006,yes,2.494,False,False,True
川崎→武蔵小杉,13,13,35.56025,139.67457,932751006,yes,5.101,False,False,True
川崎→武蔵小杉,14,14,35.56317,139.67255,294664333,yes,2.342,False,False,True
川崎→武蔵小杉,15,15,35.56546,139.671,294664333,yes,1.034,False,False,True
川崎→武蔵小杉,16,16,35.56923,139.66995,294664333,yes,2.162,False,False,True
川崎→武蔵小杉,17,18,35.56968,139.66943,159368010,,30.99,False,False,True
川崎→武蔵小杉,18,20,35.56992,139.66859,159368010,,0.497,False,False,True
川崎→武蔵小杉,19,22,35.57003,139.66775,561778848,,2.573,False,False,True
川崎→武蔵小杉,20,23,35.57043,139.66777,812902514,,38.855,False,False,True
川崎→武蔵小杉,21,25,35.57216,139.66722,812902514,,25.771,False,False,True
川崎→武蔵小杉,22,29,35.57252,139.66695,123458564,,3.882,False,False,True
川崎→武蔵小杉,23,32,35.57273,139.66661,123458564,,5.37,False,False,True
川崎→武蔵小杉,24,33,35.57323,139.66647,123458564,,1.032,False,False,True
川崎→武蔵小杉,25,34,35.57325,139.66392,31990106,,1.674,False,False,True
川崎→武蔵小杉,26,35,35.57318,139.66348,932277458,,1.438,False,False,True
川崎→武蔵小杉,27,36,35.57323,139.66325,570317028,yes,1.408,False,False,True
千葉→幕張本郷,0,0,35.61359,140.11442,702077871,,3.969,False,False,True
千葉→幕張本郷,1,1,35.61346,140.11503,702077871,,0.154,False,False,True
千葉→幕張本郷,2,2,35.61351,140.11567,702077871,,2.289,False,False,True
千葉→幕張本郷,3,3,35.6138,140.11625,702077871,,2.01,False,False,True
千葉→幕張本郷,4,4,35.61437,140.117,702077871,,3.573,False,False,True
千葉→幕張本郷,5,6,35.61486,140.11788,233583368,,0.176,False,False,True
千葉→幕張本郷,6,7,35.61519,140.11818,233583368,,0.961,False,False,True
千葉→幕張本郷,7,8,35.61556,140.11828,144785471,yes,4.901,False,False,True
千葉→幕張本郷,8,10,35.61591,140.11836,144785430,yes,1.551,False,False,True
千葉→幕張本郷,9,11,35.61662,140.11842,144785464,,4.569,False,False,True
千葉→幕張本郷,10,12,35.61834,140.11839,144785464,,53.523,False,False,True
千葉→幕張本郷,11,13,35.61896,140.11822,144785464,,7.225,False,False,True
千葉→幕張本郷,12,14,35.61954,140.11793,144785464,,2.961,False,False,True
千葉→幕張本郷,13,15,35.62083,140.11715,103755119,,4.731,False,False,True
千葉→幕張本郷,14,16,35.62147,140.11679,172896096,,0.658,False,False,True
千葉→幕張本郷,15,18,35.62368,140.11597,23052404,yes,3.722,False,False,True
千葉→幕張本郷,16,19,35.62405,140.1158,23052404,yes,8.989,False,False,True
千葉→幕張本郷,17,20,35.62516,140.1154,23053066,,0.236,False,False,True
千葉→幕張本郷,18,21,35.62607,140.11504,23052404,yes,6.578,False,False,True
千葉→幕張本郷,19,22,35.62677,140.11468,23052404,yes,6.027,False,False,True
千葉→幕張本郷,20,23,35.62823,140.11382,23052404,yes,0.86,False,False,True
千葉→幕張本郷,21,24,35.63006,140.11312,23052404,yes,0.518,False,False,True
千葉→幕張本郷,22,25,35.63246,140.11244,23052404,yes,3.682,False,False,True
千葉→幕張本郷,23,26,35.63407,140.11198,23052404,yes,7.39,False,False,True
千葉→幕張本郷,24,27,35.6346,140.11174,23052404,yes,5.044,False,False,True
千葉→幕張本郷,25,28,35.63547,140.11105,23052404,yes,6.049,False,False,True
千葉→幕張本郷,26,29,35.63694,140.10934,652775513,yes,0.283,False,False,True
千葉→幕張本郷,27,30,35.6392,140.10641,176181810,,8.351,False,False,True
千葉→幕張本郷,28,32,35.63957,140.10505,176181803,,4.205,False,False,True
千葉→幕張本郷,29,33,35.63962,140.10409,232894835,,0.09,False,False,True
千葉→幕張本郷,30,34,35.63949,140.10172,176181803,,0.592,False,False,True
千葉→幕張本郷,31,35,35.6388,140.09682,176181803,,4.129,False,False,True
千葉→幕張本郷,32,36,35.63832,140.09347,1545996537,,0.672,False,False,True
千葉→幕張本郷,33,37,35.64812,140.08627,22962353,,8.533,False,False,True
千葉→幕張本郷,34,39,35.64739,140.08533,142225531,,5.998,False,False,True
千葉→幕張本郷,35,40,35.64628,140.08398,176443607,,1.359,False,False,True
千葉→幕張本郷,36,41,35.64694,140.08385,176443607,,0.001,False,False,True
千葉→幕張本郷,37,42,35.64746,140.08364,142268720,,42.831,False,False,True
千葉→幕張本郷,38,43,35.64794,140.08327,142268720,,15.081,False,False,True
千葉→幕張本郷,39,44,35.64831,140.08289,142268720,,49.763,False,False,True
千葉→幕張本郷,40,45,35.64859,140.0825,1545985649,,1.004,False,False,True
千葉→幕張本郷,41,46,35.64884,140.08195,762649841,,1.226,False,False,True
千葉→幕張本郷,42,47,35.64903,140.08095,142268708,,18.339,False,False,True
千葉→幕張本郷,43,49,35.64894,140.0806,142268702,,16.074,False,False,True
千葉→幕張本郷,44,50,35.64886,140.0796,142268702,,0.462,False,False,True
千葉→幕張本郷,45,51,35.64886,140.07847,142268702,,1.009,False,False,True
千葉→幕張本郷,46,53,35.64915,140.07673,142268688,,0.9,False,False,True
千葉→幕張本郷,47,54,35.64964,140.07413,142268692,,1.652,False,False,True
千葉→幕張本郷,48,56,35.65152,140.06937,139813893,,0.168,False,False,True
千葉→幕張本郷,49,58,35.6522,140.06794,139815679,,0.959,False,False,True
千葉→幕張本郷,50,60,35.65275,140.0663,176913203,,0.578,False,False,True
千葉→幕張本郷,51,62,35.65273,140.06544,312441870,,2.665,False,False,True
千葉→幕張本郷,52,64,35.65337,140.06542,232975632,,0.942,False,False,True
千葉→幕張本郷,53,65,35.65333,140.06497,232975633,,1.45,False,False,True
千葉→幕張本郷,54,66,35.65338,140.06439,232975633,,6.859,False,False,True
千葉→幕張本郷,55,68,35.65405,140.06395,232975633,,11.407,False,False,True
千葉→幕張本郷,56,70,35.6548,140.06354,354213977,,0.632,False,False,True
千葉→幕張本郷,57,72,35.6552,140.06362,1328740625,,0.177,False,False,True
千葉→幕張本郷,58,75,35.65555,140.06387,1328740627,,10.22,False,False,True
千葉→幕張本郷,59,76,35.65605,140.06392,1328740627,,31.712,False,False,True
千葉→幕張本郷,60,78,35.65663,140.06335,215847591,,1.225,False,False,True
千葉→幕張本郷,61,80,35.65644,140.06299,140120585,,17.326,False,False,True
千葉→幕張本郷,62,83,35.65602,140.06282,22762849,,3.128,False,False,True
千葉→幕張本郷,63,85,35.6559,140.06241,219629137,,29.506,False,False,True
千葉→幕張本郷,64,88,35.65594,140.06193,219629137,,10.924,False,False,True
千葉→幕張本郷,65,89,35.65598,140.06121,219629137,,1.754,False,False,True
千葉→幕張本郷,66,90,35.65647,140.06135,142222808,,1.204,False,False,True
千葉→幕張本郷,67,91,35.65667,140.06068,173717935,,0.019,False,False,True
千葉→幕張本郷,68,94,35.65702,140.06007,372779290,,0.353,False,False,True
千葉→幕張本郷,69,96,35.65746,140.06003,142222805,,2.254,False,False,True
千葉→幕張本郷,70,97,35.6576,140.05961,142222805,,34.946,False,False,True
千葉→幕張本郷,71,99,35.65799,140.05919,312413970,yes,3.898,False,False,True
千葉→幕張本郷,72,100,35.65831,140.05851,312413970,yes,2.41,False,False,True
千葉→幕張本郷,73,101,35.65842,140.05803,312413970,yes,0.452,False,False,True
千葉→幕張本郷,74,104,35.65882,140.05761,142222825,,42.891,False,False,True
千葉→幕張本郷,75,106,35.6591,140.05705,142222825,,0.077,False,False,True
千葉→幕張本郷,76,108,35.65934,140.05664,142222817,yes,18.649,True,True,True
千葉→幕張本郷,77,111,35.65988,140.05621,142222832,,36.244,False,False,True
千葉→幕張本郷,78,112,35.66027,140.05599,142222832,,5.475,False,False,True
千葉→幕張本郷,79,113,35.66072,140.05572,142222832,,31.979,False,False,True
千葉→幕張本郷,80,114,35.66103,140.05537,142222832,,0.86,False,False,True
千葉→幕張本郷,81,116,35.66179,140.05488,209024338,,75.688,False,False,True
千葉→幕張本郷,82,117,35.66379,140.05254,194093217,,11.426,False,False,True
千葉→幕張本郷,83,120,35.66385,140.05217,194093231,,4.809,False,False,True
千葉→幕張本郷,84,122,35.66394,140.05166,194093231,,0.376,False,False,True
千葉→幕張本郷,85,124,35.6644,140.05169,194093227,,42.777,False,False,True
千葉→幕張本郷,86,125,35.66555,140.05035,194093227,,3.396,False,False,True
千葉→幕張本郷,87,126,35.66588,140.0499,194093227,,30.524,False,False,True
千葉→幕張本郷,88,127,35.66563,140.04937,194093227,,22.644,False,False,True
千葉→幕張本郷,89,129,35.66496,140.04776,151811151,,3.597,False,False,True
千葉→幕張本郷,90,130,35.66532,140.0472,151811151,,0.968,False,False,True
千葉→幕張本郷,91,131,35.66622,140.04704,208926175,,1.367,False,False,True
千葉→幕張本郷,92,132,35.66688,140.04659,208926181,,1.238,False,False,True
千葉→幕張本郷,93,133,35.66728,140.04608,141626539,,0.78,False,False,True
千葉→幕張本郷,94,134,35.67089,140.04181,151808598,,0.393,False,False,True
千葉→幕張本郷,95,135,35.67176,140.04293,151808574,,1.685,False,False,True
千葉→幕張本郷,96,136,35.6721,140.04245,151808609,yes,3.605,True,True,True
千葉→幕張本郷,97,139,35.67235,140.04207,151808575,,0.115,False,False,True
