label,way_id,start_idx,end_idx,oneway,highway,name,closed_way,result
渋谷→新宿,274499723,9,10,yes,tertiary,神宮通り,False,forward_travel
渋谷→新宿,390536924,10,11,yes,tertiary,神宮通り,False,forward_travel
渋谷→新宿,282172100,11,12,yes,tertiary,神宮通り,False,forward_travel
渋谷→新宿,261815524,12,13,yes,tertiary,神宮通り,False,forward_travel
渋谷→新宿,215955235,13,14,yes,tertiary,神宮通り,False,forward_travel
渋谷→新宿,310155095,14,15,yes,tertiary,神宮通り,False,forward_travel
渋谷→新宿,1414217947,15,16,yes,tertiary,神宮通り,False,forward_travel
渋谷→新宿,265139656,16,17,yes,tertiary,神宮通り,False,forward_travel
渋谷→新宿,1143863679,17,18,yes,tertiary,神宮通り,False,forward_travel
渋谷→新宿,215955234,18,19,yes,tertiary,神宮通り,False,forward_travel
渋谷→新宿,1143863680,19,20,yes,tertiary,神宮通り,False,forward_travel
渋谷→新宿,1134562284,20,21,yes,tertiary,神宮通り,False,forward_travel
渋谷→新宿,1391289379,21,22,yes,tertiary,神宮通り,False,forward_travel
渋谷→新宿,376162311,22,23,yes,tertiary,神宮通り,False,forward_travel
渋谷→新宿,1156909226,23,24,yes,tertiary,神宮通り,False,forward_travel
渋谷→新宿,798794764,39,43,yes,primary,明治通り,False,forward_travel
渋谷→新宿,798739072,43,49,yes,primary,明治通り,False,forward_travel
渋谷→新宿,1368012337,49,54,yes,primary,明治通り,False,forward_travel
渋谷→新宿,1061981261,54,57,yes,primary,明治通り,False,forward_travel
渋谷→新宿,1061981253,57,58,yes,primary,明治通り,False,bicycle_exempt
渋谷→新宿,1061981252,58,67,yes,primary,明治通り,False,forward_travel
渋谷→新宿,798794766,67,74,yes,primary,明治通り,False,forward_travel
渋谷→新宿,796871114,74,80,yes,primary,明治通り,False,forward_travel
渋谷→新宿,860381102,80,81,yes,primary,明治通り,False,forward_travel
渋谷→新宿,860381103,81,84,yes,primary,明治通り,False,forward_travel
渋谷→新宿,213526441,84,94,yes,primary,明治通り,False,forward_travel
渋谷→新宿,199152190,94,99,yes,primary,明治通り,False,forward_travel
渋谷→新宿,887779305,99,102,yes,unclassified,,False,forward_travel
渋谷→新宿,924844761,102,103,yes,unclassified,,False,forward_travel
渋谷→新宿,170232029,103,108,yes,unclassified,,False,forward_travel
東京→渋谷,145405919,11,12,yes,secondary,行幸通り,False,forward_travel
東京→渋谷,239796983,12,13,yes,secondary,行幸通り,False,forward_travel
東京→渋谷,691015446,13,15,yes,primary,内堀通り,False,forward_travel
東京→渋谷,538982921,15,17,yes,primary,内堀通り,False,forward_travel
東京→渋谷,1352491738,17,18,yes,primary,内堀通り,False,forward_travel
東京→渋谷,1352491739,18,19,yes,primary,内堀通り,False,forward_travel
東京→渋谷,156645911,19,20,yes,primary,内堀通り,False,forward_travel
東京→渋谷,862139024,20,24,yes,primary,祝田通り,False,forward_travel
東京→渋谷,538982917,24,26,yes,primary,祝田通り,False,forward_travel
東京→渋谷,23671260,26,29,yes,primary,祝田通り,False,forward_travel
東京→渋谷,150857443,29,30,yes,primary,祝田通り,False,forward_travel
東京→渋谷,150868751,30,31,yes,secondary,外堀通り,False,forward_travel
東京→渋谷,931757786,31,32,yes,secondary,外堀通り,False,forward_travel
東京→渋谷,931757789,32,41,yes,secondary,外堀通り,False,forward_travel
東京→渋谷,206286735,41,42,yes,tertiary,,False,forward_travel
東京→渋谷,760775980,42,43,yes,tertiary,,False,forward_travel
東京→渋谷,760775979,43,47,yes,tertiary,,False,forward_travel
東京→渋谷,24487307,53,54,yes,unclassified,榎坂,False,forward_travel
東京→渋谷,261065070,54,55,yes,secondary,六本木通り,False,forward_travel
東京→渋谷,924743237,55,56,yes,secondary,六本木通り,False,forward_travel
東京→渋谷,924743240,56,58,yes,secondary,六本木通り,False,forward_travel
東京→渋谷,924385392,58,59,yes,secondary,六本木通り,False,forward_travel
東京→渋谷,350053180,59,60,yes,secondary,六本木通り,False,forward_travel
東京→渋谷,261065060,60,62,yes,secondary,高輪麻布線,False,forward_travel
東京→渋谷,23581721,62,64,yes,secondary,高輪麻布線,False,forward_travel
東京→渋谷,24402565,64,69,yes,secondary_link,,False,forward_travel
東京→渋谷,23648785,69,70,yes,secondary,,False,forward_travel
東京→渋谷,23812407,70,77,yes,secondary_link,,False,forward_travel
東京→渋谷,367462235,77,79,yes,secondary,六本木通り,False,forward_travel
東京→渋谷,934621081,79,80,yes,secondary,六本木通り,False,forward_travel
東京→渋谷,927004526,80,81,yes,secondary,六本木通り,False,forward_travel
東京→渋谷,934621076,81,83,yes,secondary,六本木通り,False,forward_travel
東京→渋谷,927004516,83,84,yes,secondary,六本木通り,False,forward_travel
東京→渋谷,271979227,84,85,yes,secondary,六本木通り,False,forward_travel
東京→渋谷,927004519,85,87,yes,secondary,六本木通り,False,forward_travel
東京→渋谷,271979229,87,88,yes,secondary,六本木通り(六本木六丁目),False,forward_travel
東京→渋谷,888162706,88,89,yes,secondary,六本木通り(六本木六丁目),False,forward_travel
東京→渋谷,257223007,89,90,yes,secondary,六本木通り(六本木六丁目),False,forward_travel
東京→渋谷,888162704,90,94,yes,secondary,六本木通り,False,forward_travel
東京→渋谷,253070419,94,95,yes,secondary,霞ヶ関渋谷線(霞町陸橋),False,forward_travel
東京→渋谷,253070422,95,101,yes,secondary,霞ヶ関渋谷線(霞町陸橋),False,forward_travel
東京→渋谷,253070416,101,104,yes,secondary,六本木通り,False,forward_travel
東京→渋谷,935686680,104,105,yes,secondary,六本木通り(高樹町),False,forward_travel
東京→渋谷,935686679,105,106,yes,secondary,六本木通り(高樹町),False,forward_travel
東京→渋谷,390852604,106,107,yes,secondary,六本木通り,False,forward_travel
東京→渋谷,1118680558,107,110,yes,secondary,六本木通り,False,forward_travel
東京→渋谷,775539561,110,111,yes,secondary,六本木通り,False,forward_travel
東京→渋谷,1035575358,111,112,yes,secondary,六本木通り,False,forward_travel
東京→渋谷,1328569396,112,113,yes,secondary,六本木通り,False,forward_travel
東京→渋谷,922476291,113,114,yes,secondary,六本木通り,False,forward_travel
東京→渋谷,922476289,114,115,yes,secondary,六本木通り,False,forward_travel
東京→渋谷,821526547,115,116,yes,secondary,六本木通り,False,forward_travel
東京→渋谷,821526544,116,117,yes,secondary,六本木通り,False,forward_travel
東京→渋谷,922476294,117,118,yes,secondary,六本木通り,False,forward_travel
東京→渋谷,922476295,118,119,yes,secondary,六本木通り,False,forward_travel
東京→渋谷,56757425,123,124,yes,unclassified,,False,bicycle_exempt
東京→渋谷,310155079,124,131,yes,primary,明治通り,False,forward_travel
東京→渋谷,1087233628,131,133,yes,primary,明治通り,False,forward_travel
東京→渋谷,1117318750,133,137,yes,trunk_link,玉川通り,False,forward_travel
東京→渋谷,1117318761,137,138,yes,trunk_link,玉川通り,False,forward_travel
東京→渋谷,1117318760,138,139,yes,trunk_link,玉川通り,False,forward_travel
東京→渋谷,1117793792,139,140,yes,trunk_link,玉川通り,False,forward_travel
東京→渋谷,1117318753,140,141,yes,tertiary,神宮通り,False,forward_travel
東京→渋谷,87250179,141,142,yes,tertiary,神宮通り,False,forward_travel
東京→渋谷,1379883567,142,143,yes,tertiary,神宮通り,False,forward_travel
東京→渋谷,274499718,143,144,yes,tertiary,神宮通り,False,forward_travel
東京→渋谷,274499723,144,145,yes,tertiary,神宮通り,False,forward_travel
新宿→池袋,39436594,18,21,yes,residential,,False,forward_travel
新宿→池袋,137189954,22,24,yes,residential,,False,forward_travel
新宿→池袋,136938165,30,34,yes,unclassified,,False,forward_travel
新宿→池袋,39436597,34,37,yes,unclassified,新宿中央通り,False,bicycle_exempt
新宿→池袋,886386615,37,39,yes,primary,明治通り,False,forward_travel
新宿→池袋,199152193,39,42,yes,primary,明治通り,False,forward_travel
新宿→池袋,1120796134,42,45,yes,primary,明治通り,False,forward_travel
新宿→池袋,688686080,45,50,yes,primary,明治通り,False,forward_travel
新宿→池袋,688819559,50,51,yes,primary,明治通り,False,forward_travel
新宿→池袋,691691444,51,52,yes,primary,明治通り,False,forward_travel
新宿→池袋,415221604,52,58,yes,primary,明治通り,False,forward_travel
新宿→池袋,688819561,58,61,yes,primary,明治通り,False,forward_travel
新宿→池袋,683237303,61,62,yes,primary,明治通り,False,forward_travel
新宿→池袋,415221602,62,67,yes,primary,明治通り,False,forward_travel
新宿→池袋,156260997,67,68,yes,primary,明治通り,False,forward_travel
新宿→池袋,156260998,68,70,yes,primary,明治通り,False,forward_travel
新宿→池袋,688557393,70,77,yes,primary,明治通り,False,forward_travel
新宿→池袋,648625671,77,86,yes,primary,明治通り,False,forward_travel
新宿→池袋,213526433,86,87,yes,primary,明治通,False,forward_travel
新宿→池袋,1128023036,87,89,yes,primary,明治通,False,forward_travel
品川→東京,680899281,11,12,yes,unclassified,,False,forward_travel
品川→東京,172281628,12,13,yes,unclassified,,False,forward_travel
品川→東京,1035479906,13,14,yes,primary,旧海岸通り,False,forward_travel
品川→東京,1366369042,14,15,yes,primary,旧海岸通り,False,forward_travel
品川→東京,1110456260,15,16,yes,primary,旧海岸通り,False,forward_travel
品川→東京,356912946,16,17,yes,primary,旧海岸通り,False,forward_travel
品川→東京,230895574,17,21,yes,primary,旧海岸通り,False,forward_travel
品川→東京,1147401990,21,22,yes,primary,旧海岸通り,False,forward_travel
品川→東京,23690259,22,23,yes,primary,旧海岸通り,False,forward_travel
品川→東京,211690605,23,27,yes,primary,旧海岸通り,False,forward_travel
品川→東京,211690603,27,28,yes,primary,八千代橋,False,forward_travel
品川→東京,4848884,28,38,yes,primary,旧海岸通り,False,forward_travel
品川→東京,421300041,38,39,yes,primary,芝潟橋,False,forward_travel
品川→東京,421300042,39,40,yes,primary,旧海岸通り,False,forward_travel
品川→東京,47025715,50,52,yes,residential,,False,forward_travel
品川→東京,47025714,52,53,yes,residential,,False,forward_travel
品川→東京,176741267,53,54,yes,residential,,False,forward_travel
品川→東京,176741268,54,56,yes,residential,,False,forward_travel
品川→東京,1325116952,56,58,yes,residential,,False,forward_travel
品川→東京,1325116953,58,59,yes,residential,,False,forward_travel
品川→東京,265068937,97,99,yes,unclassified,,False,forward_travel
品川→東京,1293834330,99,100,yes,unclassified,,False,forward_travel
品川→東京,257233099,101,103,yes,unclassified,,False,forward_travel
品川→東京,1419992140,103,104,yes,secondary,錦町有楽町線,False,forward_travel
品川→東京,257228938,108,110,yes,secondary,丸の内室町線,False,forward_travel
品川→東京,1024216110,110,111,yes,secondary,丸の内室町線,False,forward_travel
品川→東京,477949432,111,112,yes,secondary,丸の内室町線,False,forward_travel
品川→東京,387627973,112,113,yes,secondary,丸の内室町線,False,forward_travel
渋谷→六本木,274499723,9,10,yes,tertiary,神宮通り,False,forward_travel
渋谷→六本木,390536924,10,11,yes,tertiary,神宮通り,False,forward_travel
渋谷→六本木,282172100,11,12,yes,tertiary,神宮通り,False,forward_travel
渋谷→六本木,261815524,12,13,yes,tertiary,神宮通り,False,forward_travel
渋谷→六本木,215955235,13,14,yes,tertiary,神宮通り,False,forward_travel
渋谷→六本木,310155095,14,15,yes,tertiary,神宮通り,False,forward_travel
渋谷→六本木,1414217947,15,16,yes,tertiary,神宮通り,False,forward_travel
渋谷→六本木,265139656,16,17,yes,tertiary,神宮通り,False,forward_travel
渋谷→六本木,1143863679,17,18,yes,tertiary,神宮通り,False,forward_travel
渋谷→六本木,215955234,18,19,yes,tertiary,神宮通り,False,forward_travel
渋谷→六本木,1143863680,19,20,yes,tertiary,神宮通り,False,forward_travel
渋谷→六本木,1134562284,20,21,yes,tertiary,神宮通り,False,forward_travel
渋谷→六本木,1391289379,21,22,yes,tertiary,神宮通り,False,forward_travel
渋谷→六本木,376162311,22,23,yes,tertiary,神宮通り,False,forward_travel
渋谷→六本木,1156909226,23,24,yes,tertiary,神宮通り,False,forward_travel
渋谷→六本木,1419311958,44,45,yes,secondary,六本木通り,False,forward_travel
渋谷→六本木,922476299,45,46,yes,secondary,六本木通り,False,forward_travel
渋谷→六本木,852978900,46,47,yes,secondary,六本木通り,False,forward_travel
渋谷→六本木,821526545,47,48,yes,secondary,六本木通り,False,forward_travel
渋谷→六本木,922476290,48,49,yes,secondary,六本木通り,False,forward_travel
渋谷→六本木,821526546,49,50,yes,secondary,六本木通り,False,forward_travel
渋谷→六本木,284075900,50,52,yes,secondary,六本木通り,False,forward_travel
渋谷→六本木,775539564,52,53,yes,secondary,六本木通り,False,forward_travel
渋谷→六本木,1035575359,53,54,yes,secondary,六本木通り,False,forward_travel
渋谷→六本木,1118680559,54,55,yes,secondary,六本木通り,False,forward_travel
渋谷→六本木,934924983,55,56,yes,secondary,六本木通り(高樹町),False,forward_travel
渋谷→六本木,261065066,56,57,yes,secondary,六本木通り(高樹町),False,forward_travel
渋谷→六本木,934924985,57,64,yes,secondary,六本木通り(側道),False,forward_travel
渋谷→六本木,17620011,64,65,yes,secondary,六本木通り,False,forward_travel
渋谷→六本木,852789779,65,66,yes,secondary,六本木通り,False,forward_travel
渋谷→六本木,852789786,66,69,yes,secondary,六本木通り,False,forward_travel
渋谷→六本木,1208277135,69,70,yes,secondary,六本木通り,False,forward_travel
渋谷→六本木,724685826,70,71,yes,secondary_link,六本木通り,False,forward_travel
渋谷→六本木,724685825,71,74,yes,secondary_link,六本木通り,False,forward_travel
渋谷→六本木,898573320,74,75,yes,secondary_link,Roppongi dori,False,forward_travel
渋谷→六本木,888162700,75,76,yes,secondary_link,Roppongi dori,False,forward_travel
渋谷→六本木,724685823,76,78,yes,primary_link,(六本木六丁目),False,forward_travel
渋谷→六本木,203832858,78,79,yes,primary_link,(六本木六丁目),False,forward_travel
渋谷→六本木,888162705,79,80,yes,primary_link,(六本木六丁目),False,forward_travel
渋谷→六本木,257223005,80,81,yes,primary_link,,False,forward_travel
渋谷→六本木,257224642,81,83,yes,unclassified,,False,forward_travel
渋谷→六本木,724685821,83,86,yes,service,,False,forward_travel
渋谷→六本木,390735636,91,94,yes,service,,False,forward_travel
渋谷→六本木,390735638,94,99,yes,service,,False,forward_travel
渋谷→六本木,390852603,99,100,yes,service,,False,forward_travel
渋谷→六本木,1051722758,100,101,yes,service,,False,forward_travel
渋谷→六本木,390735628,101,104,yes,service,,False,forward_travel
下北沢→三軒茶屋,41949455,2,3,yes,unclassified,,False,forward_travel
下北沢→三軒茶屋,41949457,3,7,yes,unclassified,下北沢南口商店街,False,forward_travel
下北沢→三軒茶屋,31856617,7,12,yes,unclassified,下北沢南口商店街,False,forward_travel
高円寺→中野,1290585555,3,4,yes,unclassified,,False,bicycle_exempt
高円寺→中野,101706602,4,7,yes,unclassified,,False,bicycle_exempt
高円寺→中野,101706556,7,9,yes,unclassified,,False,bicycle_exempt
高円寺→中野,328155325,16,17,yes,primary,環七通り,False,bicycle_exempt
高円寺→中野,62263412,19,21,yes,unclassified,,False,bicycle_exempt
高円寺→中野,219064991,35,36,yes,service,三番街,False,bicycle_exempt
荻窪→阿佐ヶ谷,92039093,0,2,yes,residential,,False,bicycle_exempt
自由が丘→等々力,58420262,0,1,yes,residential,E通り,False,forward_travel
自由が丘→等々力,51984628,1,2,yes,residential,E通り,False,forward_travel
浦和→さいたま新都心,444227691,1,2,yes,unclassified,,False,bicycle_exempt
浦和→さいたま新都心,174712188,49,54,yes,tertiary_link,,False,forward_travel
浦和→さいたま新都心,174712185,54,57,yes,tertiary_link,,False,forward_travel
浦和→さいたま新都心,813470388,57,60,yes,secondary,さいたま北袋線,False,forward_travel
浦和→さいたま新都心,813470387,60,61,yes,secondary,さいたま北袋線,False,forward_travel
浦和→さいたま新都心,99152465,62,67,yes,tertiary,西大通り,False,forward_travel
吉祥寺→三鷹,381689888,4,5,yes,tertiary,吉祥寺大通り,False,forward_travel
吉祥寺→三鷹,39217799,5,6,yes,unclassified,平和通り,False,forward_travel
吉祥寺→三鷹,1527498768,6,7,yes,unclassified,平和通り,False,forward_travel
吉祥寺→三鷹,1348130136,7,8,yes,unclassified,平和通り,False,forward_travel
吉祥寺→三鷹,276479576,8,13,yes,secondary,平和通り,False,bicycle_exempt
吉祥寺→三鷹,37860785,42,43,yes,unclassified,,False,forward_travel
吉祥寺→三鷹,153378267,47,49,yes,residential,,False,forward_travel
立川→国分寺,853388885,11,12,yes,tertiary,,False,forward_travel
立川→国分寺,135539740,12,16,yes,tertiary,すずらん通り,False,forward_travel
立川→国分寺,237757019,37,38,yes,secondary,立川国分寺線,False,bicycle_exempt
立川→国分寺,85221060,38,39,yes,unclassified,,False,bicycle_exempt
立川→国分寺,161959860,64,67,yes,secondary,多喜窪通り,False,forward_travel
横浜→みなとみらい,28413952,12,13,yes,unclassified,,False,forward_travel
横浜→みなとみらい,28413949,13,14,yes,unclassified,,False,forward_travel
横浜→みなとみらい,28413951,14,18,yes,primary,県道80号,True,forward_travel
横浜→みなとみらい,38913182,31,32,yes,tertiary,,False,forward_travel
横浜→みなとみらい,1298550088,32,34,yes,tertiary,すずかけ通り,False,forward_travel
横浜→みなとみらい,306336243,34,37,yes,tertiary,すずかけ通り,False,forward_travel
横浜→みなとみらい,1215885243,37,38,yes,tertiary,すずかけ通り,False,forward_travel
横浜→みなとみらい,25944286,38,46,yes,tertiary,すずかけ通り,False,forward_travel
横浜→みなとみらい,220878901,46,51,yes,tertiary,国際大通り,False,forward_travel
横浜→みなとみらい,301926836,51,52,yes,service,,False,forward_travel
横浜→みなとみらい,216075126,52,55,yes,service,,False,forward_travel
横浜→みなとみらい,1477382070,55,56,yes,service,,False,forward_travel
川崎→武蔵小杉,103427282,16,18,yes,unclassified,,False,bicycle_exempt
川崎→武蔵小杉,200005000,21,23,yes,unclassified,,False,forward_travel
川崎→武蔵小杉,655958377,24,29,yes,cycleway,,False,forward_travel
川崎→武蔵小杉,655958381,29,30,yes,cycleway,,False,forward_travel
川崎→武蔵小杉,655958383,30,31,yes,cycleway,,False,forward_travel
川崎→武蔵小杉,989114280,35,37,yes,tertiary,温泉通り,False,forward_travel
川崎→武蔵小杉,1246785325,37,38,yes,tertiary,温泉通り,False,forward_travel
川崎→武蔵小杉,989140705,38,39,yes,tertiary,温泉通り,False,forward_travel
川崎→武蔵小杉,989140703,39,40,yes,tertiary,温泉通り,False,forward_travel
川崎→武蔵小杉,80916735,44,46,yes,residential,中幸町仲通り,False,forward_travel
川崎→武蔵小杉,80916750,46,47,yes,residential,中幸町仲通り,False,forward_travel
川崎→武蔵小杉,1131149149,47,48,yes,residential,中幸町仲通り,False,forward_travel
川崎→武蔵小杉,1131149147,48,53,yes,residential,中幸町仲通り,False,forward_travel
川崎→武蔵小杉,294664333,136,149,yes,tertiary,南武沿線道路,False,forward_travel
川崎→武蔵小杉,680507398,149,151,yes,tertiary,南武沿線道路,False,forward_travel
川崎→武蔵小杉,557828569,151,159,yes,tertiary,南武沿線道路,False,forward_travel
川崎→武蔵小杉,680507400,159,163,yes,tertiary,南武沿線道路,False,forward_travel
川崎→武蔵小杉,61755741,174,175,yes,unclassified,,False,forward_travel
川崎→武蔵小杉,288110974,176,177,yes,residential,,False,forward_travel
川崎→武蔵小杉,139546937,179,180,yes,residential,,False,forward_travel
