label,sample_idx,route_idx,lat,lng,candidate_count,node_rank1_way_id,node_rank1_group,rank1_way_id,rank1_group,rank1_highway,rank1_oneway,rank1_name,rank1_bicycle,rank1_dist_m,rank2_way_id,rank2_highway,rank2_oneway,rank2_dist_m,match_margin_m,match_ambiguous,rank1_is_nonroad,rank1_bicycle_exempt,rank1_excluded,filt_rank1_way_id,filt_rank1_group,filt_rank1_highway,filt_rank1_oneway,filt_rank1_name,filt_rank1_dist_m,filt_fallback_used,switched,oneway_violation_baseline,oneway_confidence_baseline,oneway_misaligned_baseline,oneway_violation_filtered,oneway_confidence_filtered,oneway_misaligned_filtered,violation_changed,diag_angle_baseline_deg,diag_angle_filtered_deg
渋谷→新宿,0,0,35.65957,139.70235,206,664527476,,664492786,,footway,,,,0.412,534157302,primary,yes,0.932,0.52,True,True,False,True,534157302,,primary,yes,明治通り,0.932,False,True,False,0.0,True,False,0.0,False,False,90.0,0.2
渋谷→新宿,1,1,35.6636,139.70206,206,798794765,,798794765,,tertiary,,神宮通り,,0.187,1069882500,footway,,1.905,1.718,True,False,False,False,798794765,,tertiary,,神宮通り,0.187,False,False,False,0.0,True,False,0.0,True,False,110.0,110.0
渋谷→新宿,2,2,35.66473,139.70251,206,798739072,,798739072,,primary,yes,明治通り,,0.951,1073294152,footway,,7.516,6.564,False,False,False,False,798739072,,primary,yes,明治通り,0.951,False,False,False,0.0,False,False,0.0,False,False,2.4,2.4
渋谷→新宿,3,3,35.66846,139.70532,206,798739072,,798739072,,primary,yes,明治通り,,0.765,944268180,secondary,yes,1.916,1.151,True,False,False,False,798739072,,primary,yes,明治通り,0.765,False,False,False,0.0,False,False,0.0,False,False,1.4,1.4
渋谷→新宿,4,4,35.67018,139.70672,206,26604007,,117083664,,residential,,,,0.12,1368012337,primary,yes,2.862,2.743,False,False,False,False,117083664,,residential,,,0.12,False,False,False,0.0,True,False,0.0,True,False,98.5,98.5
渋谷→新宿,5,5,35.67208,139.70808,206,1061981253,,1061981261,,primary,yes,明治通り,,1.016,1061981255,tertiary,,3.292,2.276,False,False,False,False,1061981261,,primary,yes,明治通り,1.016,False,False,False,0.0,False,False,0.0,False,False,1.7,1.7
渋谷→新宿,6,6,35.67248,139.70807,206,1061981252,,1061981252,,primary,yes,明治通り,,2.648,665965038,footway,,3.167,0.519,True,False,False,False,1061981252,,primary,yes,明治通り,2.648,False,False,False,0.0,False,False,0.0,False,False,3.2,3.2
渋谷→新宿,7,7,35.67453,139.70712,206,670335461,,1061981252,,primary,yes,明治通り,,2.852,670335461,footway,,2.906,0.054,True,False,False,False,1061981252,,primary,yes,明治通り,2.852,False,False,False,0.0,False,False,0.0,False,False,2.6,2.6
渋谷→新宿,8,8,35.67753,139.70602,206,798794766,,670335467,,footway,,,,1.013,798794766,primary,yes,5.192,4.179,False,True,False,True,798794766,,primary,yes,明治通り,5.192,False,True,False,0.0,False,False,0.0,False,False,178.1,4.4
渋谷→新宿,9,9,35.67994,139.70451,206,41857396,,796871114,,primary,yes,明治通り,,0.735,41857396,residential,,1.531,0.797,True,False,False,False,796871114,,primary,yes,明治通り,0.735,False,False,False,0.0,False,False,0.0,False,False,1.1,1.1
渋谷→新宿,10,10,35.68032,139.70451,206,796871114,,796871114,,primary,yes,明治通り,,0.007,860381101,secondary,,4.269,4.263,False,False,False,False,796871114,,primary,yes,明治通り,0.007,False,False,False,0.0,False,False,0.0,False,False,28.6,28.6
渋谷→新宿,11,11,35.68083,139.70453,206,39683367,,860381103,,primary,yes,明治通り,,1.693,39683367,unclassified,yes,1.884,0.19,True,False,False,False,860381103,,primary,yes,明治通り,1.693,False,False,False,0.0,False,False,0.0,False,False,0.2,0.2
渋谷→新宿,12,12,35.68233,139.70455,206,213526441,,213526441,,primary,yes,明治通り,,1.499,39683528,residential,,6.254,4.755,False,False,False,False,213526441,,primary,yes,明治通り,1.499,False,False,False,0.0,False,False,0.0,False,False,14.4,14.4
渋谷→新宿,13,13,35.68306,139.7045,206,1119117311,,213526441,,primary,yes,明治通り,,0.797,1119117311,primary,yes,3.106,2.309,False,False,False,False,213526441,,primary,yes,明治通り,0.797,False,False,False,0.0,False,False,0.0,False,False,4.1,4.1
渋谷→新宿,14,14,35.68366,139.70429,206,39683340,,213526441,,primary,yes,明治通り,,0.556,1463063079,footway,,1.996,1.44,True,False,False,False,213526441,,primary,yes,明治通り,0.556,False,False,False,0.0,False,False,0.0,False,False,11.4,11.4
渋谷→新宿,15,15,35.68444,139.70381,206,199152225,,213526441,,primary,yes,明治通り,,0.934,199152225,unclassified,,2.039,1.104,True,False,False,False,213526441,,primary,yes,明治通り,0.934,False,False,False,0.0,False,False,0.0,False,False,6.3,6.3
渋谷→新宿,16,16,35.68602,139.70336,206,213526441,,213526441,,primary,yes,明治通り,,0.923,567002242,footway,,7.065,6.141,False,False,False,False,213526441,,primary,yes,明治通り,0.923,False,False,False,0.0,False,False,0.0,False,False,0.8,0.8
渋谷→新宿,17,17,35.68783,139.70284,206,199152190,,199152190,,primary,yes,明治通り,,0.172,924378580,unclassified,yes,4.525,4.353,False,False,False,False,199152190,,primary,yes,明治通り,0.172,False,False,False,0.0,False,False,0.0,False,False,40.7,40.7
渋谷→新宿,18,19,35.68928,139.7022,206,138533178,A,138533178,A,unclassified,yes,,,1.392,670733022,footway,,5.454,4.062,False,False,False,False,138533178,A,unclassified,yes,,1.392,False,False,True,1.0,False,True,1.0,False,False,175.5,175.5
渋谷→新宿,19,20,35.68962,139.70208,206,39436592,,39436592,,unclassified,,新宿ランブリングロード,,1.072,692356898,living_street,yes,1.905,0.832,True,False,False,False,39436592,,unclassified,,新宿ランブリングロード,1.072,False,False,False,0.0,False,False,0.0,False,False,8.9,8.9
新宿→池袋,0,0,35.69136,139.70164,188,155224464,,155224464,,unclassified,yes,,,0.685,306838996,secondary,yes,2.433,1.748,True,False,False,False,155224464,,unclassified,yes,,0.685,False,False,False,0.0,False,False,0.0,False,False,1.0,1.0
新宿→池袋,1,1,35.6911,139.70338,188,155224464,,155224464,,unclassified,yes,,,2.319,39436618,unclassified,yes,2.375,0.056,True,False,False,False,155224464,,unclassified,yes,,2.319,False,False,False,0.0,False,False,0.0,False,False,7.0,7.0
新宿→池袋,2,3,35.6905,139.70455,188,39436598,,39436598,,unclassified,yes,,,0.894,670763643,footway,,1.581,0.687,True,False,False,False,39436598,,unclassified,yes,,0.894,False,False,False,0.0,True,False,0.0,True,False,114.5,114.5
新宿→池袋,3,4,35.69362,139.70649,188,1120796134,,1120796134,,primary,yes,明治通り,,0.566,660599138,footway,,6.603,6.037,False,False,False,False,1120796134,,primary,yes,明治通り,0.566,False,False,False,0.0,False,False,0.0,False,False,9.8,9.8
新宿→池袋,4,6,35.6944,139.70669,188,688686080,,688686080,,primary,yes,明治通り,,2.811,318034646,footway,,7.534,4.723,False,False,False,False,688686080,,primary,yes,明治通り,2.811,False,False,False,0.0,False,False,0.0,False,False,5.1,5.1
新宿→池袋,5,7,35.69487,139.7068,188,39436538,,688686080,,primary,yes,明治通り,,0.867,39436538,unclassified,,2.393,1.526,True,False,False,False,688686080,,primary,yes,明治通り,0.867,False,False,False,0.0,False,False,0.0,False,False,3.1,3.1
新宿→池袋,6,8,35.69656,139.70716,188,244906595,,688686080,,primary,yes,明治通り,,0.655,244906595,tertiary,,2.407,1.752,True,False,False,False,688686080,,primary,yes,明治通り,0.655,False,False,False,0.0,False,False,0.0,False,False,2.4,2.4
新宿→池袋,7,9,35.69793,139.70743,188,39655490,,688819559,,primary,yes,明治通り,,1.181,697197851,footway,,2.694,1.513,True,False,False,False,688819559,,primary,yes,明治通り,1.181,False,False,False,0.0,False,False,0.0,False,False,1.8,1.8
新宿→池袋,8,10,35.69961,139.70777,188,39436481,,691691444,,primary,yes,明治通り,,0.756,682765997,footway,,1.835,1.079,True,False,False,False,691691444,,primary,yes,明治通り,0.756,False,False,False,0.0,False,False,0.0,False,False,0.1,0.1
新宿→池袋,9,11,35.70088,139.70799,188,98726948,,691691444,,primary,yes,明治通り,,1.428,98726948,secondary,,1.62,0.192,True,False,False,False,691691444,,primary,yes,明治通り,1.428,False,False,False,0.0,False,False,0.0,False,False,1.0,1.0
新宿→池袋,10,12,35.70197,139.70818,188,415221604,,415221604,,primary,yes,明治通り,,0.997,1334924028,residential,,2.886,1.89,True,False,False,False,415221604,,primary,yes,明治通り,0.997,False,False,False,0.0,False,False,0.0,False,False,2.5,2.5
新宿→池袋,11,13,35.70344,139.70847,188,94515954,,415221604,,primary,yes,明治通り,,4.006,94515954,unclassified,,4.024,0.018,True,False,False,False,415221604,,primary,yes,明治通り,4.006,False,False,False,0.0,False,False,0.0,False,False,0.9,0.9
新宿→池袋,12,14,35.7048,139.70863,188,69518078,,69518078,,residential,,,,0.357,415221604,primary,yes,1.253,0.896,True,False,False,False,69518078,,residential,,,0.357,False,False,False,0.0,True,False,0.0,True,False,87.4,87.4
新宿→池袋,13,15,35.70842,139.7091,188,214274760,,688819558,,primary,,諏訪通り,,0.616,415221604,primary,yes,1.908,1.292,True,False,False,False,688819558,,primary,,諏訪通り,0.616,False,False,False,0.0,True,False,0.0,True,False,98.7,98.7
新宿→池袋,14,16,35.71149,139.71,188,213866016,,683237303,,primary,yes,明治通り,,2.783,415221599,primary,yes,2.804,0.022,True,False,False,False,683237303,,primary,yes,明治通り,2.783,False,False,False,0.0,False,False,0.0,False,False,2.4,2.4
新宿→池袋,15,17,35.7128,139.71043,188,415221602,,415221602,,primary,yes,明治通り,,3.349,117083662,primary,yes,5.798,2.45,False,False,False,False,415221602,,primary,yes,明治通り,3.349,False,False,False,0.0,False,False,0.0,False,False,0.5,0.5
新宿→池袋,16,18,35.71436,139.71133,188,415221602,,415221602,,primary,yes,明治通り,,1.997,467676904,primary,yes,5.151,3.154,False,False,False,False,415221602,,primary,yes,明治通り,1.997,False,False,False,0.0,False,False,0.0,False,False,3.8,3.8
新宿→池袋,17,19,35.71551,139.71194,188,97367343,,97367343,,residential,,,,0.281,156260998,primary,yes,3.562,3.281,False,False,False,False,97367343,,residential,,,0.281,False,False,False,0.0,True,False,0.0,True,False,66.4,66.4
新宿→池袋,18,20,35.71687,139.71251,188,376630575,,156260998,,primary,yes,明治通り,,1.647,376630575,footway,,3.871,2.224,False,False,False,False,156260998,,primary,yes,明治通り,1.647,False,False,False,0.0,False,False,0.0,False,False,1.3,1.3
新宿→池袋,19,21,35.71883,139.71341,188,688557393,,688557393,,primary,yes,明治通り,,0.804,376630575,footway,,5.313,4.51,False,False,False,False,688557393,,primary,yes,明治通り,0.804,False,False,False,0.0,False,False,0.0,False,False,22.4,22.4
新宿→池袋,20,23,35.71985,139.71322,188,37865970,,688557393,,primary,yes,明治通り,,0.423,228137437,primary,yes,5.992,5.568,False,False,False,False,688557393,,primary,yes,明治通り,0.423,False,False,False,0.0,False,False,0.0,False,False,22.0,22.0
新宿→池袋,21,24,35.7244,139.71135,188,648625671,,648625671,,primary,yes,明治通り,,3.575,228180934,primary,yes,3.651,0.076,True,False,False,False,648625671,,primary,yes,明治通り,3.575,False,False,False,0.0,False,False,0.0,False,False,7.3,7.3
新宿→池袋,22,25,35.7252,139.71136,188,648625671,,228180934,,primary,yes,明治通り,,2.964,648625671,primary,yes,4.482,1.518,True,False,False,False,228180934,,primary,yes,明治通り,2.964,False,False,True,1.0,False,True,1.0,False,False,169.4,169.4
新宿→池袋,23,26,35.72704,139.71183,188,156246572,,1128023036,,primary,yes,明治通,,1.924,156246572,residential,yes,2.051,0.127,True,False,False,False,1128023036,,primary,yes,明治通,1.924,False,False,False,0.0,False,False,0.0,False,False,15.2,15.2
新宿→池袋,24,27,35.7272,139.71112,188,156246572,,156246572,,residential,yes,,,0.87,1128023039,footway,,2.573,1.704,True,False,False,False,156246572,,residential,yes,,0.87,False,False,False,0.0,False,False,0.0,False,False,15.7,15.7
東京→渋谷,0,0,35.67791,139.76377,342,682973093,,1450867353,,footway,,,,3.744,387312965,secondary,yes,5.704,1.96,True,True,False,True,387312965,,secondary,yes,鍛冶橋通り,5.704,False,True,False,0.0,False,False,0.0,False,False,178.4,1.8
東京→渋谷,1,1,35.67841,139.76102,342,59266960,,59266960,,trunk,yes,日比谷通り,,0.23,387312967,secondary,yes,4.652,4.422,False,False,False,False,59266960,,trunk,yes,日比谷通り,0.23,False,False,False,0.0,False,False,0.0,False,False,33.8,33.8
東京→渋谷,2,2,35.67519,139.75985,342,59266960,,59266960,,trunk,yes,日比谷通り,,0.259,474593059,footway,,8.642,8.383,False,False,False,False,59266960,,trunk,yes,日比谷通り,0.259,False,False,False,0.0,False,False,0.0,False,False,1.0,1.0
東京→渋谷,3,4,35.67538,139.75892,342,157191451,,157191451,,trunk,yes,晴海通り,,0.82,45171692,primary,yes,7.485,6.665,False,False,False,False,157191451,,trunk,yes,晴海通り,0.82,False,False,False,0.0,False,False,0.0,False,False,1.3,1.3
東京→渋谷,4,5,35.67745,139.75394,342,391703261,,206353802,,trunk_link,yes,桜田通り,,1.721,631239776,trunk,yes,1.932,0.21,True,False,False,False,206353802,,trunk_link,yes,桜田通り,1.721,False,False,False,0.0,False,False,0.0,False,False,25.7,25.7
東京→渋谷,5,6,35.67736,139.75343,342,206353802,,206353802,,trunk_link,yes,桜田通り,,0.848,583110309,footway,,1.371,0.523,True,False,False,False,206353802,,trunk_link,yes,桜田通り,0.848,False,False,False,0.0,False,False,0.0,False,False,44.8,44.8
東京→渋谷,6,7,35.67466,139.75165,342,662063657,,662063657,,footway,,霞ケ関,,1.98,813532923,trunk,yes,2.332,0.352,True,True,False,True,813532923,,trunk,yes,桜田通り,2.332,False,True,False,0.0,False,False,0.0,False,False,59.4,3.9
東京→渋谷,7,8,35.67293,139.7505,342,243268913,,243268913,,tertiary,yes,国会通り,,0.961,813532923,trunk,yes,1.847,0.886,True,False,False,False,243268913,,tertiary,yes,国会通り,0.961,False,False,False,0.0,True,False,0.0,True,False,84.1,84.1
東京→渋谷,8,9,35.67028,139.74934,342,678474455,,931757787,,trunk,yes,桜田通り,,1.785,678476157,footway,,4.707,2.923,False,False,False,False,931757787,,trunk,yes,桜田通り,1.785,False,False,False,0.0,False,False,0.0,False,False,3.7,3.7
東京→渋谷,9,10,35.669,139.74859,342,431885999,,931757787,,trunk,yes,桜田通り,,0.246,474603749,footway,,5.756,5.51,False,False,False,False,931757787,,trunk,yes,桜田通り,0.246,False,False,False,0.0,False,False,0.0,False,False,3.6,3.6
東京→渋谷,10,11,35.66449,139.74651,342,931757787,,931757787,,trunk,yes,桜田通り,,0.017,474600371,footway,,7.123,7.106,False,False,False,False,931757787,,trunk,yes,桜田通り,0.017,False,False,False,0.0,False,False,0.0,False,False,0.2,0.2
東京→渋谷,11,12,35.66321,139.74533,342,253812412,,931757787,,trunk,yes,桜田通り,,1.843,683135150,tertiary,,2.889,1.046,True,False,False,False,931757787,,trunk,yes,桜田通り,1.843,False,False,False,0.0,False,False,0.0,False,False,13.0,13.0
東京→渋谷,12,13,35.66203,139.74425,342,253812412,,253812412,,trunk,yes,桜田通り,yes,1.223,1192656136,footway,,3.747,2.524,False,False,False,False,253812412,,trunk,yes,桜田通り,1.223,False,False,False,0.0,False,False,0.0,False,False,0.8,0.8
東京→渋谷,13,14,35.66078,139.74336,342,204077031,,253812412,,trunk,yes,桜田通り,yes,3.2,474600366,footway,,6.021,2.82,False,False,False,False,253812412,,trunk,yes,桜田通り,3.2,False,False,False,0.0,False,False,0.0,False,False,6.5,6.5
東京→渋谷,14,15,35.66019,139.74304,342,1035341897,,1035341897,,trunk,yes,桜田通り,yes,3.021,858775690,trunk,yes,9.9,6.878,False,False,False,False,1035341897,,trunk,yes,桜田通り,3.021,False,False,False,0.0,False,False,0.0,False,False,0.1,0.1
東京→渋谷,15,16,35.6598,139.743,342,474601303,B,858775693,,trunk,yes,桜田通り,yes,1.34,858775686,primary,yes,2.22,0.881,True,False,False,False,858775693,,trunk,yes,桜田通り,1.34,False,False,False,0.0,False,False,0.0,False,False,22.8,22.8
東京→渋谷,16,17,35.65947,139.74263,342,19023682,,19023682,,primary_link,yes,,,0.238,858775692,primary,yes,4.17,3.932,False,False,False,False,19023682,,primary_link,yes,,0.238,False,False,False,0.0,False,False,0.0,False,False,37.4,37.4
東京→渋谷,17,18,35.65958,139.7419,342,1254228152,,858775692,,primary,yes,外苑東通り,,0.215,1254228152,footway,,3.562,3.348,False,False,False,False,858775692,,primary,yes,外苑東通り,0.215,False,False,False,0.0,False,False,0.0,False,False,0.1,0.1
東京→渋谷,18,19,35.66017,139.74041,342,271979254,B,858775692,,primary,yes,外苑東通り,,0.802,682315373,footway,,4.484,3.682,False,False,False,False,858775692,,primary,yes,外苑東通り,0.802,False,False,False,0.0,False,False,0.0,False,False,4.1,4.1
東京→渋谷,19,20,35.66114,139.73794,342,858775692,,1344791873,,primary,yes,外苑東通り,,0.078,1344791874,secondary,yes,2.184,2.106,False,False,False,False,1344791873,,primary,yes,外苑東通り,0.078,False,False,False,0.0,False,False,0.0,False,False,1.6,1.6
東京→渋谷,20,21,35.66224,139.73429,342,271979231,,271979231,,primary,yes,外苑東通り,,0.165,927004529,footway,,2.298,2.133,False,False,False,False,271979231,,primary,yes,外苑東通り,0.165,False,False,False,0.0,False,False,0.0,False,False,0.2,0.2
東京→渋谷,21,22,35.66315,139.73238,342,271979227,,271979231,,primary,yes,外苑東通り,,0.943,927004516,secondary,yes,3.341,2.399,False,False,False,False,271979231,,primary,yes,外苑東通り,0.943,False,False,False,0.0,False,False,0.0,False,False,16.6,16.6
東京→渋谷,22,23,35.66245,139.73082,342,253067268,,927004519,,secondary,yes,六本木通り,,1.025,693373501,footway,,7.06,6.035,False,False,False,False,927004519,,secondary,yes,六本木通り,1.025,False,False,False,0.0,False,False,0.0,False,False,0.2,0.2
東京→渋谷,23,24,35.66101,139.72778,342,755562447,,888162704,,secondary,yes,六本木通り,,1.327,755562447,footway,,3.378,2.051,False,False,False,False,888162704,,secondary,yes,六本木通り,1.327,False,False,False,0.0,False,False,0.0,False,False,2.8,2.8
東京→渋谷,24,25,35.66028,139.72567,342,888162704,,888162704,,secondary,yes,六本木通り,,0.17,755562446,footway,,4.396,4.226,False,False,False,False,888162704,,secondary,yes,六本木通り,0.17,False,False,False,0.0,False,False,0.0,False,False,0.6,0.6
東京→渋谷,25,26,35.6598,139.72435,342,122928192,,122928192,,residential,,,,0.862,261065059,secondary,yes,3.086,2.224,False,False,False,False,122928192,,residential,,,0.862,False,False,False,0.0,True,False,0.0,True,False,77.4,77.4
東京→渋谷,26,27,35.65943,139.72214,342,755562443,,261065068,,secondary,yes,六本木通り,,1.204,755562443,footway,,3.618,2.414,False,False,False,False,261065068,,secondary,yes,六本木通り,1.204,False,False,False,0.0,False,False,0.0,False,False,4.0,4.0
東京→渋谷,27,28,35.65924,139.72,342,261065068,,755562444,,footway,,,,3.488,261065068,secondary,yes,5.545,2.056,False,True,False,True,261065068,,secondary,yes,六本木通り,5.545,False,True,False,0.0,False,False,0.0,False,False,3.8,0.0
東京→渋谷,28,29,35.65925,139.71909,342,682312821,,935686680,,secondary,yes,六本木通り(高樹町),,2.784,755562444,footway,,3.891,1.106,True,False,False,False,935686680,,secondary,yes,六本木通り(高樹町),2.784,False,False,False,0.0,False,False,0.0,False,False,1.4,1.4
東京→渋谷,29,30,35.65894,139.71543,342,203832853,,775539561,,secondary,yes,六本木通り,,0.861,775539562,secondary,,3.0,2.139,False,False,False,False,775539561,,secondary,yes,六本木通り,0.861,False,False,False,0.0,False,False,0.0,False,False,0.1,0.1
東京→渋谷,30,31,35.65862,139.71248,342,350053191,,922476289,,secondary,yes,六本木通り,,1.732,350053191,tertiary,,5.445,3.713,False,False,False,False,922476289,,secondary,yes,六本木通り,1.732,False,False,False,0.0,False,False,0.0,False,False,0.7,0.7
東京→渋谷,31,32,35.65823,139.70837,342,141293470,,141293470,,tertiary,,八幡通り,,1.601,922476295,secondary,yes,2.148,0.546,True,False,False,False,141293470,,tertiary,,八幡通り,1.601,False,False,False,0.0,False,False,0.0,False,False,54.9,54.9
東京→渋谷,32,33,35.65811,139.70618,342,622021127,,284075894,,secondary,yes,六本木通り,,0.514,141293465,residential,,5.231,4.717,False,False,False,False,284075894,,secondary,yes,六本木通り,0.514,False,False,False,0.0,False,False,0.0,False,False,0.3,0.3
東京→渋谷,33,34,35.65805,139.70434,342,853216379,,852978896,,secondary,yes,六本木通り,,1.498,211402007,service,yes,1.905,0.407,True,False,False,False,852978896,,secondary,yes,六本木通り,1.498,False,False,False,0.0,False,False,0.0,False,False,3.1,3.1
東京→渋谷,34,37,35.65792,139.70353,342,680253718,,680253718,,pedestrian,,,,0.363,664521510,footway,,3.158,2.795,False,True,False,True,172125347,,trunk,yes,六本木通り,9.905,False,True,False,0.0,False,False,0.0,False,False,179.3,0.6
品川→東京,0,0,35.62877,139.74184,313,680899281,,680899281,,unclassified,yes,,,1.218,680899279,footway,,9.646,8.428,False,False,False,False,680899281,,unclassified,yes,,1.218,False,False,False,0.0,True,False,0.0,True,False,114.2,114.2
品川→東京,1,2,35.6289,139.74222,313,172281627,,172281628,,unclassified,yes,,,0.406,172281627,footway,,0.409,0.003,True,False,False,False,172281628,,unclassified,yes,,0.406,False,False,False,0.0,False,False,0.0,False,False,19.1,19.1
品川→東京,2,5,35.62903,139.74278,313,23690216,A,172281627,,footway,,,,0.951,23690216,unclassified,yes,2.13,1.179,True,True,False,True,23690216,A,unclassified,yes,,2.13,False,True,False,0.0,False,True,1.0,False,True,27.3,134.6
品川→東京,3,6,35.62949,139.74285,313,172281624,,172281624,,unclassified,,,,0.12,1035597852,tertiary,yes,0.955,0.834,True,False,False,False,172281624,,unclassified,,,0.12,False,False,False,0.0,False,False,0.0,False,False,51.7,51.7
品川→東京,4,7,35.62945,139.74351,313,265010603,,265010603,,tertiary,yes,,,0.181,558518250,pedestrian,,1.046,0.865,True,False,False,False,265010603,,tertiary,yes,,0.181,False,False,False,0.0,False,False,0.0,False,False,45.4,45.4
品川→東京,5,8,35.63012,139.74357,313,558518250,,558518250,,pedestrian,,,,0.369,582256211,pedestrian,,1.672,1.304,True,True,False,True,265010600,,unclassified,,,58.914,False,True,False,0.0,False,False,0.0,False,False,168.3,1.7
品川→東京,6,11,35.63051,139.74365,313,558518250,,558518250,,pedestrian,,,,2.875,558518249,pedestrian,,20.087,17.212,False,True,False,True,265010600,,unclassified,,,62.528,False,True,False,0.0,False,False,0.0,False,False,164.0,29.3
品川→東京,7,14,35.63065,139.74447,313,558518249,,558518249,,pedestrian,,,,4.335,1450174835,footway,,48.72,44.385,False,True,False,True,356912946,,primary,yes,旧海岸通り,55.699,False,True,False,0.0,False,False,0.0,False,False,25.4,34.8
品川→東京,8,15,35.6314,139.74456,313,558518249,,558518249,,pedestrian,,,,3.737,1450174835,footway,,47.318,43.581,False,True,False,True,356912946,,primary,yes,旧海岸通り,54.065,False,True,False,0.0,False,False,0.0,False,False,33.2,27.0
品川→東京,9,18,35.63145,139.74498,313,1450174835,,1450174835,,footway,,,,9.889,356912946,primary,yes,16.612,6.723,False,True,False,True,356912946,,primary,yes,旧海岸通り,16.612,False,True,False,0.0,True,False,0.0,True,False,65.3,65.4
品川→東京,10,21,35.63329,139.74537,313,230895574,,230895574,,primary,yes,旧海岸通り,,1.111,1450872526,footway,,5.82,4.709,False,False,False,False,230895574,,primary,yes,旧海岸通り,1.111,False,False,False,0.0,False,False,0.0,False,False,1.4,1.4
品川→東京,11,22,35.63741,139.74669,313,19247435,,211690605,,primary,yes,旧海岸通り,,0.215,19247435,tertiary,,1.809,1.594,True,False,False,False,211690605,,primary,yes,旧海岸通り,0.215,False,False,False,0.0,False,False,0.0,False,False,0.4,0.4
品川→東京,12,23,35.63939,139.74728,313,155010048,,211690605,,primary,yes,旧海岸通り,,0.816,252127020,tertiary,,1.13,0.314,True,False,False,False,211690605,,primary,yes,旧海岸通り,0.816,False,False,False,0.0,False,False,0.0,False,False,0.7,0.7
品川→東京,13,24,35.64115,139.74788,313,23690234,,23690234,,tertiary,,,,0.405,211690605,primary,yes,4.114,3.709,False,False,False,False,23690234,,tertiary,,,0.405,False,False,False,0.0,False,False,0.0,False,False,150.2,150.2
品川→東京,14,25,35.64181,139.7482,313,4848884,,176674159,,secondary,yes,日比谷芝浦線,,0.162,4848884,primary,yes,0.953,0.791,True,False,False,False,176674159,,secondary,yes,日比谷芝浦線,0.162,False,False,False,0.0,False,False,0.0,False,False,58.5,58.5
品川→東京,15,27,35.64294,139.75077,313,4848884,,59973392,,tertiary,,,,0.456,4848884,primary,yes,0.901,0.445,True,False,False,False,59973392,,tertiary,,,0.456,False,False,False,0.0,True,False,0.0,True,False,76.0,76.0
品川→東京,16,28,35.64296,139.75235,313,59973382,,421300042,,primary,yes,旧海岸通り,,0.202,59973382,tertiary,,2.275,2.073,False,False,False,False,421300042,,primary,yes,旧海岸通り,0.202,False,False,False,0.0,False,False,0.0,False,False,51.6,51.6
品川→東京,17,29,35.6483,139.75493,313,1033723439,,1033723439,,trunk,yes,旧海岸通り,,3.476,1033723438,tertiary,,5.291,1.814,True,False,False,False,1033723439,,trunk,yes,旧海岸通り,3.476,False,False,False,0.0,True,False,0.0,True,False,90.7,90.7
品川→東京,18,30,35.64862,139.75466,313,741785139,B,741785139,B,tertiary_link,yes,,,0.346,1033723439,trunk,yes,5.365,5.018,False,False,False,False,741785139,B,tertiary_link,yes,,0.346,False,False,True,1.0,False,True,1.0,False,False,168.8,168.8
品川→東京,19,31,35.64911,139.75297,313,147812389,,1033723439,,trunk,yes,旧海岸通り,,1.086,656235284,trunk,yes,1.583,0.497,True,False,False,False,1033723439,,trunk,yes,旧海岸通り,1.086,False,False,False,0.0,False,False,0.0,False,False,47.9,47.9
品川→東京,20,32,35.65107,139.75374,313,60544335,,656235283,,trunk,yes,第一京浜,,0.995,111594585,residential,,4.343,3.349,False,False,False,False,656235283,,trunk,yes,第一京浜,0.995,False,False,False,0.0,False,False,0.0,False,False,10.7,10.7
品川→東京,21,33,35.66028,139.75507,313,253812419,,253812419,,trunk,yes,第一京浜,yes,2.932,25824167,tertiary,,7.903,4.972,False,False,False,False,253812419,,trunk,yes,第一京浜,2.932,False,False,False,0.0,False,False,0.0,False,False,28.6,28.6
品川→東京,22,34,35.6608,139.75546,313,665351157,,253812419,,trunk,yes,第一京浜,yes,0.711,665351157,footway,,6.732,6.021,False,False,False,False,253812419,,trunk,yes,第一京浜,0.711,False,False,False,0.0,False,False,0.0,False,False,1.1,1.1
品川→東京,23,35,35.66371,139.75792,313,4848932,,4848932,,trunk,yes,第一京浜,yes,0.437,1123745365,secondary,yes,1.33,0.893,True,False,False,False,4848932,,trunk,yes,第一京浜,0.437,False,False,False,0.0,False,False,0.0,False,False,0.6,0.6
品川→東京,24,36,35.66676,139.76034,313,253812422,,253812422,,trunk,yes,中央通り,,5.625,261065061,secondary,yes,6.162,0.537,True,False,False,False,253812422,,trunk,yes,中央通り,5.625,False,False,False,0.0,False,False,0.0,False,False,15.6,15.6
品川→東京,25,37,35.66705,139.76072,313,667962675,B,667962674,,trunk,yes,中央通り,,0.738,191327485,footway,,6.828,6.09,False,False,False,False,667962674,,trunk,yes,中央通り,0.738,False,False,False,0.0,False,False,0.0,False,False,5.1,5.1
品川→東京,26,38,35.66833,139.76194,313,196380141,,196380141,,trunk,yes,中央通り,,1.017,538982927,trunk,yes,7.06,6.042,False,False,False,False,196380141,,trunk,yes,中央通り,1.017,False,False,False,0.0,False,False,0.0,False,False,1.0,1.0
品川→東京,27,39,35.66991,139.76364,313,191327487,,196380141,,trunk,yes,中央通り,,2.31,538982927,trunk,yes,4.499,2.19,False,False,False,False,196380141,,trunk,yes,中央通り,2.31,False,False,False,0.0,False,False,0.0,False,False,0.4,0.4
品川→東京,28,40,35.67125,139.76499,313,669770287,,1090618166,,trunk,yes,中央通り,,1.929,669755800,footway,,2.482,0.552,True,False,False,False,1090618166,,trunk,yes,中央通り,1.929,False,False,False,0.0,False,False,0.0,False,False,1.0,1.0
品川→東京,29,41,35.67476,139.76873,313,1026056857,,1026056857,,trunk,yes,中央通り,,0.126,1070720649,tertiary,,2.916,2.79,False,False,False,False,1026056857,,trunk,yes,中央通り,0.126,False,False,False,0.0,False,False,0.0,False,False,0.7,0.7
品川→東京,30,42,35.67536,139.76923,313,40969585,,40969586,,unclassified,yes,,,0.525,40969585,unclassified,yes,1.981,1.457,True,False,False,False,40969586,,unclassified,yes,,0.525,False,False,False,0.0,True,False,0.0,True,False,100.0,100.0
品川→東京,31,43,35.67616,139.76965,313,23770583,,1070720653,,trunk,yes,中央通り,,2.513,23770583,tertiary,yes,2.594,0.081,True,False,False,False,1070720653,,trunk,yes,中央通り,2.513,False,False,False,0.0,True,False,0.0,True,False,82.0,82.0
品川→東京,32,44,35.67721,139.76717,313,23770583,,203572465,,secondary,yes,外堀通り,,2.719,23770583,tertiary,yes,5.342,2.623,False,False,False,False,203572465,,secondary,yes,外堀通り,2.719,False,False,False,0.0,True,False,0.0,True,False,80.1,80.1
品川→東京,33,45,35.67722,139.76665,313,665316180,,676291216,,secondary,yes,鍛冶橋通り,,1.978,203572501,footway,,7.921,5.943,False,False,False,False,676291216,,secondary,yes,鍛冶橋通り,1.978,False,False,False,0.0,False,False,0.0,False,False,3.8,3.8
品川→東京,34,46,35.67738,139.76579,313,517127276,,1485371598,,footway,,,,0.107,1105155928,secondary,yes,3.981,3.874,False,True,False,True,1105155928,,secondary,yes,鍛冶橋通り,3.981,False,True,False,0.0,False,False,0.0,False,False,31.8,2.5
品川→東京,35,47,35.67741,139.76558,313,1450867348,,1360102103,,footway,,,,1.812,1450867349,steps,,2.357,0.545,True,True,False,True,517127276,,secondary,yes,鍛冶橋通り,5.779,False,True,False,0.0,False,False,0.0,False,False,0.8,2.5
渋谷→六本木,0,0,35.65792,139.70354,127,680253718,,680253718,,pedestrian,,,,0.265,664521510,footway,,3.061,2.796,False,True,False,True,172125347,,trunk,yes,六本木通り,10.021,False,True,False,0.0,False,True,1.0,False,True,0.6,179.3
渋谷→六本木,1,1,35.65798,139.7042,127,664881024,,664881024,,footway,,,,1.624,680253719,pedestrian,,7.162,5.538,False,True,False,True,172125347,,trunk,yes,六本木通り,8.451,False,True,False,0.0,False,True,1.0,False,True,33.9,154.5
渋谷→六本木,2,4,35.65761,139.70435,127,211402007,,211402007,,service,yes,,,0.087,664819019,footway,,32.649,32.563,False,False,False,False,211402007,,service,yes,,0.087,False,False,False,0.0,False,False,0.0,False,False,1.2,1.2
渋谷→六本木,3,6,35.6575,139.70475,127,211286456,,611222110,,unclassified,yes,,,0.269,211286456,unclassified,yes,1.105,0.837,True,False,False,False,611222110,,unclassified,yes,,0.269,False,False,False,0.0,False,False,0.0,False,False,5.1,5.1
渋谷→六本木,4,7,35.65751,139.70557,127,611222110,,611222110,,unclassified,yes,,,0.806,109231692,residential,,48.646,47.841,False,False,False,False,611222110,,unclassified,yes,,0.806,False,False,False,0.0,False,False,0.0,False,False,9.4,9.4
渋谷→六本木,5,9,35.65728,139.70615,127,611222110,,611222110,,unclassified,yes,,,0.277,511276639,steps,,6.475,6.198,False,False,False,False,611222110,,unclassified,yes,,0.277,False,False,False,0.0,False,False,0.0,False,False,18.9,18.9
渋谷→六本木,6,11,35.65718,139.70693,127,141293467,,141293460,,tertiary,,,,2.318,141293467,tertiary,,3.076,0.758,True,False,False,False,141293460,,tertiary,,,2.318,False,False,False,0.0,False,False,0.0,False,False,8.0,8.0
渋谷→六本木,7,12,35.65682,139.70752,127,141293460,,141293470,,tertiary,,八幡通り,,0.34,141293460,tertiary,,1.525,1.185,True,False,False,False,141293470,,tertiary,,八幡通り,0.34,False,False,False,0.0,False,False,0.0,False,False,160.0,160.0
渋谷→六本木,8,13,35.6585,139.70853,127,852978900,,852978900,,secondary,yes,六本木通り,,0.521,914330752,tertiary,,1.824,1.303,True,False,False,False,852978900,,secondary,yes,六本木通り,0.521,False,False,False,0.0,False,False,0.0,False,False,7.1,7.1
渋谷→六本木,9,14,35.65956,139.71978,127,185745188,,934924985,,secondary,yes,六本木通り(側道),,0.636,202809279,motorway_link,yes,2.274,1.637,True,False,False,False,934924985,,secondary,yes,六本木通り(側道),0.636,False,False,False,0.0,False,False,0.0,False,False,1.1,1.1
渋谷→六本木,10,15,35.65969,139.72083,127,139972196,,934924985,,secondary,yes,六本木通り(側道),,0.105,185745188,footway,,6.543,6.438,False,False,False,False,934924985,,secondary,yes,六本木通り(側道),0.105,False,False,False,0.0,False,False,0.0,False,False,1.0,1.0
渋谷→六本木,11,16,35.65973,139.72263,127,934924985,,934924985,,secondary,yes,六本木通り(側道),,0.966,628330003,secondary,yes,4.13,3.164,False,False,False,False,934924985,,secondary,yes,六本木通り(側道),0.966,False,False,False,0.0,False,False,0.0,False,False,1.4,1.4
渋谷→六本木,12,17,35.66005,139.72437,127,628330002,,852789786,,secondary,yes,六本木通り,,1.349,628330003,secondary,yes,2.945,1.595,True,False,False,False,852789786,,secondary,yes,六本木通り,1.349,False,False,False,0.0,False,False,0.0,False,False,3.4,3.4
渋谷→六本木,13,18,35.66146,139.72831,127,261065069,,888162707,,secondary,yes,六本木通り(六本木六丁目),,0.087,261065069,secondary,yes,0.932,0.845,True,False,False,False,888162707,,secondary,yes,六本木通り(六本木六丁目),0.087,False,False,False,0.0,False,False,0.0,False,False,4.6,4.6
渋谷→六本木,14,19,35.6621,139.72956,127,271979242,,271979242,,secondary,yes,六本木通り,,0.63,600251619,residential,,2.859,2.229,False,False,False,False,271979242,,secondary,yes,六本木通り,0.63,False,False,False,0.0,False,False,0.0,False,False,0.3,0.3
渋谷→六本木,15,20,35.66324,139.73207,127,693373502,,927004531,,secondary,yes,六本木通り,,0.466,1328383040,motorway,yes,4.745,4.278,False,False,False,False,927004531,,secondary,yes,六本木通り,0.466,False,False,False,0.0,False,False,0.0,False,False,0.0,0.0
下北沢→三軒茶屋,0,0,35.66155,139.66772,88,41949455,,41949455,,unclassified,yes,,,0.025,850994489,footway,,0.489,0.464,True,False,False,False,41949455,,unclassified,yes,,0.025,False,False,False,0.0,True,False,0.0,True,False,119.5,119.5
下北沢→三軒茶屋,1,1,35.66121,139.66946,88,31824941,,31824941,,tertiary,,茶沢通り,,0.021,1076444529,pedestrian,,3.806,3.785,False,False,False,False,31824941,,tertiary,,茶沢通り,0.021,False,False,False,0.0,True,False,0.0,True,False,114.2,114.2
下北沢→三軒茶屋,2,2,35.66018,139.66883,88,31824941,,31824941,,tertiary,,茶沢通り,,1.076,33614319,unclassified,,1.318,0.241,True,False,False,False,31824941,,tertiary,,茶沢通り,1.076,False,False,False,0.0,False,False,0.0,False,False,176.5,176.5
下北沢→三軒茶屋,3,3,35.65847,139.66828,88,31824941,,31824941,,tertiary,,茶沢通り,,1.431,1455713749,footway,,6.246,4.816,False,False,False,False,31824941,,tertiary,,茶沢通り,1.431,False,False,False,0.0,False,False,0.0,False,False,176.4,176.4
下北沢→三軒茶屋,4,4,35.65767,139.66775,88,31824941,,1455713691,,tertiary,,茶沢通り,,0.379,31824941,tertiary,,2.136,1.756,True,False,False,False,1455713691,,tertiary,,茶沢通り,0.379,False,False,False,0.0,False,False,0.0,False,False,7.7,7.7
下北沢→三軒茶屋,5,5,35.65602,139.66749,88,32623898,,1455713691,,tertiary,,茶沢通り,,1.035,41949703,residential,yes,2.687,1.652,True,False,False,False,1455713691,,tertiary,,茶沢通り,1.035,False,False,False,0.0,False,False,0.0,False,False,3.7,3.7
下北沢→三軒茶屋,6,6,35.65539,139.66749,88,32623771,,32623771,,unclassified,,,,1.303,1455713691,tertiary,,1.394,0.09,True,False,False,False,32623771,,unclassified,,,1.303,False,False,False,0.0,True,False,0.0,True,False,92.3,92.3
下北沢→三軒茶屋,7,7,35.65502,139.66727,88,1455713691,,1455713691,,tertiary,,茶沢通り,,0.237,1455626153,footway,,5.294,5.058,False,False,False,False,1455713691,,tertiary,,茶沢通り,0.237,False,False,False,0.0,False,False,0.0,False,False,5.1,5.1
下北沢→三軒茶屋,8,8,35.65433,139.6672,88,1455626148,,174526353,,tertiary,,茶沢通り,,1.547,1455626149,footway,,3.536,1.989,True,False,False,False,174526353,,tertiary,,茶沢通り,1.547,False,False,False,0.0,False,False,0.0,False,False,5.6,5.6
下北沢→三軒茶屋,9,9,35.65305,139.66719,88,48728743,,174526353,,tertiary,,茶沢通り,,1.121,48728743,residential,yes,1.299,0.178,True,False,False,False,174526353,,tertiary,,茶沢通り,1.121,False,False,False,0.0,False,False,0.0,False,False,1.5,1.5
下北沢→三軒茶屋,10,10,35.65086,139.66731,88,174526353,,174526353,,tertiary,,茶沢通り,,1.378,277209534,secondary,,1.62,0.242,True,False,False,False,174526353,,tertiary,,茶沢通り,1.378,False,False,False,0.0,False,False,0.0,False,False,5.5,5.5
下北沢→三軒茶屋,11,11,35.64963,139.66772,88,1245239907,,900818661,,tertiary,,茶沢通り,,1.172,1286492781,footway,,1.691,0.52,True,False,False,False,900818661,,tertiary,,茶沢通り,1.172,False,False,False,0.0,False,False,0.0,False,False,4.3,4.3
下北沢→三軒茶屋,12,12,35.64551,139.67034,88,26950358,,26950358,,tertiary,,茶沢通り,yes,0.03,36710485,service,,0.392,0.362,True,False,False,False,26950358,,tertiary,,茶沢通り,0.03,False,False,False,0.0,False,False,0.0,False,False,0.3,0.3
下北沢→三軒茶屋,13,13,35.6436,139.67107,88,261193601,,1034261843,,primary,,世田谷通り;三軒茶屋,,1.475,1034261844,tertiary,,2.024,0.549,True,False,False,False,1034261843,,primary,,世田谷通り;三軒茶屋,1.475,False,False,False,0.0,True,False,0.0,True,False,69.3,69.3
下北沢→三軒茶屋,14,14,35.64365,139.67116,88,252731098,,1034261845,,trunk,yes,玉川通り;三軒茶屋,,1.383,1034261846,footway,,2.122,0.739,True,False,False,False,1034261845,,trunk,yes,玉川通り;三軒茶屋,1.383,False,False,False,0.0,True,False,0.0,True,False,103.9,103.9
高円寺→中野,0,0,35.70566,139.65054,55,193752446,,328155326,,tertiary,,,,1.478,193752446,service,,2.787,1.309,True,False,False,False,328155326,,tertiary,,,1.478,False,False,False,0.0,False,False,0.0,False,False,177.0,177.0
高円寺→中野,1,2,35.70553,139.65197,55,75889835,,177661137,,residential,yes,,,0.222,328155326,tertiary,,1.248,1.026,True,False,False,False,177661137,,residential,yes,,0.222,False,False,False,0.0,True,False,0.0,True,False,103.3,103.3
高円寺→中野,2,3,35.70567,139.65762,55,60433913,,107538703,,unclassified,,,,0.441,60433913,residential,,2.488,2.047,False,False,False,False,107538703,,unclassified,,,0.441,False,False,False,0.0,False,False,0.0,False,False,2.3,2.3
高円寺→中野,3,5,35.70544,139.65818,55,62263412,,223300003,,unclassified,,,,0.192,223300016,unclassified,,0.397,0.205,True,False,False,False,223300003,,unclassified,,,0.192,False,False,False,0.0,True,False,0.0,True,False,60.6,60.6
高円寺→中野,4,6,35.7055,139.66049,55,49175544,,62263412,,unclassified,yes,,,0.192,49175544,unclassified,,41.723,41.531,False,False,False,False,62263412,,unclassified,yes,,0.192,False,False,False,0.0,False,False,0.0,False,False,179.5,179.5
高円寺→中野,5,7,35.70549,139.66169,55,49175544,,49175544,,unclassified,,,,0.602,64378178,residential,yes,13.546,12.944,False,False,False,False,49175544,,unclassified,,,0.602,False,False,False,0.0,False,False,0.0,False,False,179.4,179.4
高円寺→中野,6,8,35.70544,139.66273,55,49175544,,49175544,,unclassified,,,,1.252,58206774,service,yes,3.973,2.72,False,False,False,False,49175544,,unclassified,,,1.252,False,False,False,0.0,False,False,0.0,False,False,179.9,179.9
高円寺→中野,7,9,35.70545,139.66424,55,49175544,,49175544,,unclassified,,,,1.218,1330235066,unclassified,yes,2.771,1.553,True,False,False,False,49175544,,unclassified,,,1.218,False,False,False,0.0,False,False,0.0,False,False,179.0,179.0
高円寺→中野,8,11,35.70544,139.66536,55,1092867993,,948945646,,unclassified,,,,0.788,326864721,footway,,4.077,3.29,False,False,False,False,948945646,,unclassified,,,0.788,False,False,False,0.0,False,False,0.0,False,False,143.6,143.6
高円寺→中野,9,12,35.70613,139.66535,55,676591001,,687171297,,secondary,,中野通り,,1.799,676591001,secondary,,1.936,0.137,True,False,False,False,687171297,,secondary,,中野通り,1.799,False,False,False,0.0,False,False,0.0,False,False,173.8,173.8
荻窪→阿佐ヶ谷,0,0,35.70425,139.62101,63,1073928340,,131838513,,tertiary,yes,,,0.251,131841691,footway,,4.597,4.346,False,False,False,False,131838513,,tertiary,yes,,0.251,False,False,False,0.0,False,False,0.0,False,False,4.7,4.7
荻窪→阿佐ヶ谷,1,1,35.70435,139.62172,63,131838512,,131838512,,tertiary,yes,,,0.476,131841690,footway,,4.354,3.878,False,False,False,False,131838512,,tertiary,yes,,0.476,False,False,False,0.0,False,False,0.0,False,False,2.1,2.1
荻窪→阿佐ヶ谷,2,2,35.70437,139.62238,63,39816294,,1071007332,,tertiary,yes,,,1.204,39816294,tertiary,,1.705,0.502,True,False,False,False,1071007332,,tertiary,yes,,1.204,False,False,False,0.0,False,False,0.0,False,False,0.2,0.2
荻窪→阿佐ヶ谷,3,3,35.7044,139.62297,63,80832757,,80832757,,tertiary,,,,0.373,566652198,footway,,4.436,4.063,False,False,False,False,80832757,,tertiary,,,0.373,False,False,False,0.0,False,False,0.0,False,False,176.6,176.6
荻窪→阿佐ヶ谷,4,4,35.70354,139.62639,63,566652201,,1352004080,,tertiary,,,,0.535,566652201,tertiary,yes,3.295,2.76,False,False,False,False,1352004080,,tertiary,,,0.535,False,False,False,0.0,False,False,0.0,False,False,0.6,0.6
荻窪→阿佐ヶ谷,5,6,35.70328,139.62749,63,80833412,,168918384,,primary,yes,青梅街道,,3.722,80833412,residential,,4.179,0.458,True,False,False,False,168918384,,primary,yes,青梅街道,3.722,False,False,False,0.0,False,False,0.0,False,False,35.5,35.5
荻窪→阿佐ヶ谷,6,7,35.70383,139.62758,63,80833412,,80833688,,residential,,,,0.373,80833767,residential,,1.649,1.276,True,False,False,False,80833688,,residential,,,0.373,False,False,False,0.0,False,False,0.0,False,False,120.1,120.1
荻窪→阿佐ヶ谷,7,8,35.70368,139.62866,63,80833767,,80834023,,unclassified,,,,0.261,80833767,residential,,0.298,0.037,True,False,False,False,80834023,,unclassified,,,0.261,False,False,False,0.0,True,False,0.0,True,False,109.5,109.5
荻窪→阿佐ヶ谷,8,10,35.7038,139.6305,63,80835345,,80835345,,residential,,,,1.761,99998235,service,,16.337,14.576,False,False,False,False,80835345,,residential,,,1.761,False,False,False,0.0,False,False,0.0,False,False,180.0,180.0
荻窪→阿佐ヶ谷,9,11,35.7037,139.63123,63,80835231,,80835345,,residential,,,,1.189,80835305,residential,yes,2.32,1.131,True,False,False,False,80835345,,residential,,,1.189,False,False,False,0.0,False,False,0.0,False,False,169.1,169.1
荻窪→阿佐ヶ谷,10,13,35.70401,139.63283,63,80835359,,80835360,A,residential,yes,,,0.548,80835361,residential,,2.146,1.598,True,False,False,False,80835360,A,residential,yes,,0.548,False,False,True,1.0,False,True,1.0,False,False,175.0,175.0
荻窪→阿佐ヶ谷,11,14,35.70462,139.63456,63,80835360,A,87704269,,residential,yes,,,0.639,80835360,residential,yes,2.384,1.746,True,False,False,False,87704269,,residential,yes,,0.639,False,False,False,0.0,True,False,0.0,True,False,77.8,77.8
荻窪→阿佐ヶ谷,12,16,35.70456,139.635,63,194848475,,194848488,,service,,,,0.281,194848475,service,,1.317,1.037,True,False,False,False,194848488,,service,,,0.281,False,False,False,0.0,False,False,0.0,False,False,3.2,3.2
荻窪→阿佐ヶ谷,13,18,35.7047,139.63559,63,87703816,,87703816,,residential,,,,0.12,194848480,residential,,1.07,0.95,True,False,False,False,87703816,,residential,,,0.12,False,False,False,0.0,True,False,0.0,True,False,96.2,96.2
自由が丘→等々力,0,0,35.60767,139.66856,42,287033954,,287033954,,unclassified,yes,,,0.728,114060649,unclassified,yes,6.939,6.211,False,False,False,False,287033954,,unclassified,yes,,0.728,False,False,False,0.0,True,False,0.0,True,False,90.5,90.5
自由が丘→等々力,1,3,35.60656,139.6681,42,25533292,,25533292,,unclassified,yes,カトレア通り,,1.291,350353685,service,yes,1.448,0.156,True,False,False,False,25533292,,unclassified,yes,カトレア通り,1.291,False,False,False,0.0,False,False,0.0,False,False,26.1,26.1
自由が丘→等々力,2,4,35.60661,139.66757,42,350353685,A,350353685,A,service,yes,,,0.208,200093226,footway,,3.119,2.91,False,False,False,False,350353685,A,service,yes,,0.208,False,False,True,1.0,False,True,1.0,False,False,164.8,164.8
自由が丘→等々力,3,7,35.60616,139.66722,42,55047413,,1337624814,,residential,,,,0.486,55047413,residential,yes,1.556,1.069,True,False,False,False,1337624814,,residential,,,0.486,False,False,False,0.0,False,False,0.0,False,False,157.7,157.7
自由が丘→等々力,4,8,35.60643,139.66625,42,48678504,,1337624814,,residential,,,,0.811,48678504,service,,0.988,0.177,True,False,False,False,1337624814,,residential,,,0.811,False,False,False,0.0,False,False,0.0,False,False,161.3,161.3
自由が丘→等々力,5,9,35.60601,139.66498,42,48678504,,48903694,,residential,,,,0.74,48678504,service,,1.623,0.883,True,False,False,False,48903694,,residential,,,0.74,False,False,False,0.0,False,False,0.0,False,False,147.4,147.4
自由が丘→等々力,6,11,35.60546,139.66304,42,295477986,,1337624815,,service,,,,0.073,295477986,tertiary,,1.334,1.261,True,False,False,False,1337624815,,service,,,0.073,False,False,False,0.0,False,False,0.0,False,False,28.9,28.9
自由が丘→等々力,7,12,35.60861,139.6495,42,28980185,,59266136,,tertiary,,等々力通り,,0.131,190122592,residential,,1.318,1.187,True,False,False,False,59266136,,tertiary,,等々力通り,0.131,False,False,False,0.0,False,False,0.0,False,False,1.9,1.9
自由が丘→等々力,8,14,35.60826,139.64885,42,47483021,,47483021,,footway,,,,0.02,190122593,residential,,1.586,1.566,True,True,False,True,190122593,,residential,,,1.586,False,True,False,0.0,False,False,0.0,False,False,164.1,137.1
自由が丘→等々力,9,15,35.60857,139.64751,42,47483021,,47483021,,footway,,,,0.144,91465367,footway,,1.062,0.918,True,True,False,True,26196153,,primary,yes,目黒通り,125.54,False,True,False,0.0,False,False,0.0,True,False,180.0,119.8
浦和→さいたま新都心,0,0,35.85878,139.65799,108,916790137,,916790137,,tertiary,yes,,,2.776,916790138,tertiary,yes,7.738,4.962,False,False,False,False,916790137,,tertiary,yes,,2.776,False,False,False,0.0,True,False,0.0,True,False,60.9,60.9
浦和→さいたま新都心,1,2,35.85906,139.65813,108,325347768,A,1444864905,,tertiary,yes,,,0.51,325347768,unclassified,yes,1.014,0.505,True,False,False,False,1444864905,,tertiary,yes,,0.51,False,False,False,0.0,True,False,0.0,True,False,98.4,98.4
浦和→さいたま新都心,2,5,35.85991,139.6569,108,155587099,,325347769,,unclassified,yes,,,0.169,155587099,residential,,0.871,0.701,True,False,False,False,325347769,,unclassified,yes,,0.169,False,False,False,0.0,False,False,0.0,False,False,177.1,177.1
浦和→さいたま新都心,3,6,35.86051,139.65648,108,299401402,,299401402,,unclassified,,,,0.1,325347769,unclassified,yes,25.884,25.784,False,False,False,False,299401402,,unclassified,,,0.1,False,False,False,0.0,False,False,0.0,False,False,178.8,178.8
浦和→さいたま新都心,4,7,35.86101,139.65633,108,299401402,,299401402,,unclassified,,,,0.16,771672190,residential,,43.095,42.935,False,False,False,False,299401402,,unclassified,,,0.16,False,False,False,0.0,False,False,0.0,False,False,172.9,172.9
浦和→さいたま新都心,5,8,35.86137,139.65614,108,299401402,,771672190,,residential,,,,0.02,299401402,unclassified,,1.173,1.154,True,False,False,False,771672190,,residential,,,0.02,False,False,False,0.0,True,False,0.0,True,False,107.3,107.3
浦和→さいたま新都心,6,9,35.86593,139.65308,108,100148369,,100148369,,tertiary,,東通り,,1.139,100298047,unclassified,,1.302,0.163,True,False,False,False,100148369,,tertiary,,東通り,1.139,False,False,False,0.0,False,False,0.0,False,False,178.8,178.8
浦和→さいたま新都心,7,10,35.86644,139.65293,108,100148369,,1263030291,,unclassified,,,,0.721,100148369,tertiary,,0.844,0.123,True,False,False,False,1263030291,,unclassified,,,0.721,False,False,False,0.0,False,False,0.0,False,False,46.2,46.2
浦和→さいたま新都心,8,13,35.86665,139.65262,108,1378633397,,1378604847,,footway,,,,1.377,1378633397,footway,,3.177,1.8,True,True,False,True,34062541,,trunk,yes,越谷浦和バイパス,7.458,False,True,False,0.0,False,True,1.0,False,True,130.5,136.6
浦和→さいたま新都心,9,17,35.86766,139.6515,108,100148347,,100148347,,unclassified,,,,2.083,100400218,residential,,3.439,1.356,True,False,False,False,100148347,,unclassified,,,2.083,False,False,False,0.0,False,False,0.0,False,False,13.1,13.1
浦和→さいたま新都心,10,18,35.86815,139.6512,108,100148347,,100148347,,unclassified,,,,0.471,100400235,unclassified,,16.498,16.027,False,False,False,False,100148347,,unclassified,,,0.471,False,False,False,0.0,False,False,0.0,False,False,17.1,17.1
浦和→さいたま新都心,11,20,35.86828,139.65085,108,100400218,,771672193,,service,,,,0.142,100400218,residential,,2.684,2.542,False,False,False,False,771672193,,service,,,0.142,False,False,False,0.0,True,False,0.0,True,False,105.2,105.2
浦和→さいたま新都心,12,21,35.87001,139.64949,108,100400218,,100400218,,residential,,,,0.32,771672195,residential,,1.449,1.129,True,False,False,False,100400218,,residential,,,0.32,False,False,False,0.0,False,False,0.0,False,False,4.4,4.4
浦和→さいたま新都心,13,22,35.86979,139.64907,108,312590910,,312590910,,primary,no,旧中山道,,0.077,771672195,residential,,0.902,0.825,True,False,False,False,312590910,,primary,no,旧中山道,0.077,False,False,False,0.0,False,False,0.0,False,False,3.7,3.7
浦和→さいたま新都心,14,23,35.87263,139.64713,108,207813769,,484454198,,footway,,,,1.164,906817331,primary,no,1.684,0.519,True,True,False,True,906817331,,primary,no,旧中山道,1.684,False,True,False,0.0,False,False,0.0,False,False,53.4,178.6
浦和→さいたま新都心,15,24,35.87646,139.64517,108,99170884,,323017083,,secondary,no,旧中山道,yes,0.23,99170884,unclassified,,2.277,2.047,False,False,False,False,323017083,,secondary,no,旧中山道,0.23,False,False,False,0.0,False,False,0.0,False,False,178.5,178.5
浦和→さいたま新都心,16,25,35.88068,139.64305,108,1429902657,,323017083,,secondary,no,旧中山道,yes,0.973,1429902657,footway,,6.004,5.031,False,False,False,False,323017083,,secondary,no,旧中山道,0.973,False,False,False,0.0,False,False,0.0,False,False,178.8,178.8
浦和→さいたま新都心,17,26,35.88224,139.64189,108,99170594,,1429907953,,footway,,,yes,0.209,99170594,residential,,2.88,2.671,False,True,True,False,1429907953,,footway,,,0.209,False,False,False,0.0,False,False,0.0,False,False,4.9,4.9
浦和→さいたま新都心,18,27,35.88749,139.63856,108,1393674973,,1393674973,,secondary,,旧中山道,designated,3.163,770936314,footway,,6.438,3.275,False,False,False,False,1393674973,,secondary,,旧中山道,3.163,False,False,False,0.0,False,False,0.0,False,False,179.2,179.2
浦和→さいたま新都心,19,28,35.89348,139.63469,108,200913405,,1393674972,,secondary,,旧中山道,,1.547,57898235,motorway,yes,3.806,2.259,False,False,False,False,1393674972,,secondary,,旧中山道,1.547,False,False,False,0.0,False,False,0.0,False,False,176.9,176.9
浦和→さいたま新都心,20,29,35.89411,139.63417,108,770927661,,285614711,,pedestrian,,,,2.855,770927661,footway,,4.819,1.964,True,True,False,True,1393674972,,secondary,,旧中山道,6.401,False,True,False,0.0,True,False,0.0,False,False,90.0,177.1
吉祥寺→三鷹,0,0,35.70293,139.57722,56,31887269,,1253983170,,secondary,,吉祥寺通り,,0.719,1253983167,primary,,0.783,0.063,True,False,False,False,1253983170,,secondary,,吉祥寺通り,0.719,False,False,False,0.0,True,False,0.0,True,False,102.0,102.0
吉祥寺→三鷹,1,1,35.70566,139.56803,56,145130502,,145130502,,tertiary,,,,0.379,178772547,primary,,0.474,0.095,True,False,False,False,145130502,,tertiary,,,0.379,False,False,False,0.0,True,False,0.0,True,False,114.5,114.5
吉祥寺→三鷹,2,2,35.70369,139.56694,56,33036424,,145130484,,tertiary,,成蹊通り,,0.781,209297871,residential,yes,1.266,0.485,True,False,False,False,145130484,,tertiary,,成蹊通り,0.781,False,False,False,0.0,False,False,0.0,False,False,136.2,136.2
吉祥寺→三鷹,3,3,35.70352,139.56092,56,37586056,,1527420839,,service,yes,,,0.975,153167829,tertiary,,3.278,2.303,False,False,False,False,1527420839,,service,yes,,0.975,False,False,False,0.0,True,False,0.0,True,False,87.6,87.6
吉祥寺→三鷹,4,4,35.70333,139.56089,56,1527420839,,1527420839,,service,yes,,,2.034,1527420840,service,yes,2.426,0.392,True,False,False,False,1527420839,,service,yes,,2.034,False,False,False,0.0,True,False,0.0,True,False,87.6,87.6
立川→国分寺,0,0,35.69665,139.4128,163,853388885,C,853388885,C,tertiary,yes,,,0.123,823191579,pedestrian,,4.107,3.984,False,False,False,False,853388885,C,tertiary,yes,,0.123,False,False,True,1.0,False,True,1.0,False,False,179.0,179.0
立川→国分寺,1,1,35.69566,139.41228,163,742524875,,742524875,,tertiary,yes,,,1.541,853388888,tertiary,,2.408,0.867,True,False,False,False,742524875,,tertiary,yes,,1.541,False,False,False,0.0,True,False,0.0,True,False,88.0,88.0
立川→国分寺,2,2,35.69174,139.42325,163,81601827,,81601827,,unclassified,yes,,,1.917,138427594,tertiary,yes,4.217,2.299,False,False,False,False,81601827,,unclassified,yes,,1.917,False,False,False,0.0,True,False,0.0,True,False,105.5,105.5
立川→国分寺,3,3,35.69153,139.42453,163,1429406683,B,1429406683,B,tertiary,yes,立川南通り,,1.399,1453544791,footway,,3.621,2.222,False,False,False,False,1429406683,B,tertiary,yes,立川南通り,1.399,False,False,True,1.0,False,True,1.0,False,False,178.1,178.1
立川→国分寺,4,4,35.69157,139.4252,163,138427587,,138427587,,tertiary,yes,立川南通り,,0.86,1429406683,tertiary,yes,8.607,7.747,False,False,False,False,138427587,,tertiary,yes,立川南通り,0.86,False,False,False,0.0,False,False,0.0,False,False,9.6,9.6
立川→国分寺,5,5,35.6915,139.42711,163,138427588,,138427588,,tertiary,yes,立川南通り,,1.131,854935399,tertiary,yes,9.465,8.334,False,False,False,False,138427588,,tertiary,yes,立川南通り,1.131,False,False,False,0.0,False,False,0.0,False,False,1.4,1.4
立川→国分寺,6,7,35.69124,139.42831,163,77067799,,81601830,,tertiary,,,,1.161,77067799,tertiary,,4.332,3.171,False,False,False,False,81601830,,tertiary,,,1.161,False,False,False,0.0,True,False,0.0,True,False,110.7,110.7
立川→国分寺,7,8,35.69027,139.43143,163,81848101,,81848141,,tertiary,,,,0.973,81848101,tertiary,,1.962,0.988,True,False,False,False,81848141,,tertiary,,,0.973,False,False,False,0.0,False,False,0.0,False,False,173.1,173.1
立川→国分寺,8,9,35.69016,139.43212,163,81848141,,81848141,,tertiary,,,,2.422,81848101,tertiary,,61.384,58.962,False,False,False,False,81848141,,tertiary,,,2.422,False,False,False,0.0,False,False,0.0,False,False,172.2,172.2
立川→国分寺,9,10,35.69022,139.43395,163,81848109,,81848141,,tertiary,,,,1.463,81848109,tertiary,,2.298,0.835,True,False,False,False,81848141,,tertiary,,,1.463,False,False,False,0.0,False,False,0.0,False,False,131.3,131.3
立川→国分寺,10,11,35.69165,139.43391,163,84271997,,84272034,,tertiary,,,,1.624,84271997,residential,yes,1.626,0.002,True,False,False,False,84272034,,tertiary,,,1.624,False,False,False,0.0,True,False,0.0,True,False,77.5,77.5
立川→国分寺,11,12,35.69184,139.43967,163,84271997,,84271997,,residential,yes,,,1.673,237757473,service,,1.951,0.278,True,False,False,False,84271997,,residential,yes,,1.673,False,False,False,0.0,False,False,0.0,False,False,6.9,6.9
立川→国分寺,12,13,35.69114,139.4397,163,84271985,,237757473,,service,,,,0.346,84271985,residential,,1.005,0.659,True,False,False,False,237757473,,service,,,0.346,False,False,False,0.0,True,False,0.0,True,False,97.9,97.9
立川→国分寺,13,14,35.69135,139.44677,163,84271957,,135230359,,footway,,,,0.048,84271957,residential,,0.632,0.584,True,True,False,True,84271957,,residential,,,0.632,False,True,False,0.0,True,False,0.0,False,False,94.7,5.7
立川→国分寺,14,15,35.69205,139.44675,163,84271956,,84271956,,residential,,,,0.407,135230359,footway,,1.101,0.694,True,False,False,False,84271956,,residential,,,0.407,False,False,False,0.0,False,False,0.0,False,False,58.8,58.8
立川→国分寺,15,17,35.69359,139.44711,163,53348166,,53348166,,residential,yes,,,0.459,135230354,footway,,0.731,0.273,True,False,False,False,53348166,,residential,yes,,0.459,False,False,False,0.0,False,False,0.0,False,False,11.0,11.0
立川→国分寺,16,18,35.69382,139.45489,163,86478865,,172480046,,residential,yes,,,0.067,86478865,unclassified,yes,0.283,0.216,True,False,False,False,172480046,,residential,yes,,0.067,False,False,False,0.0,False,False,0.0,False,False,4.0,4.0
立川→国分寺,17,19,35.69437,139.45488,163,84271954,,84271954,,secondary,,多喜窪通り,,0.937,86478865,unclassified,yes,1.051,0.114,True,False,False,False,84271954,,secondary,,多喜窪通り,0.937,False,False,False,0.0,False,False,0.0,False,False,10.2,10.2
立川→国分寺,18,20,35.69447,139.45796,163,454008763,,728187456,,secondary,,多喜窪通り,,0.263,454008763,service,,8.838,8.575,False,False,False,False,728187456,,secondary,,多喜窪通り,0.263,False,False,False,0.0,False,False,0.0,False,False,179.3,179.3
立川→国分寺,19,21,35.69432,139.45997,163,184674220,,728187456,,secondary,,多喜窪通り,,0.397,184674220,primary,yes,4.212,3.816,False,False,False,False,728187456,,secondary,,多喜窪通り,0.397,False,False,False,0.0,False,False,0.0,False,False,176.1,176.1
立川→国分寺,20,22,35.69408,139.4623,163,161965524,,161965524,,secondary,,多喜窪通り,,2.338,1252310694,footway,,5.489,3.151,False,False,False,False,161965524,,secondary,,多喜窪通り,2.338,False,False,False,0.0,False,False,0.0,False,False,178.7,178.7
立川→国分寺,21,24,35.69483,139.46397,163,86751479,,172480150,,secondary,,多喜窪通り,,1.341,86751479,tertiary,,3.123,1.782,True,False,False,False,172480150,,secondary,,多喜窪通り,1.341,False,False,False,0.0,False,False,0.0,False,False,178.3,178.3
立川→国分寺,22,26,35.69506,139.46456,163,161954712,,161954712,,secondary,,多喜窪通り,,0.113,1410570716,service,,16.213,16.101,False,False,False,False,161954712,,secondary,,多喜窪通り,0.113,False,False,False,0.0,False,False,0.0,False,False,176.7,176.7
立川→国分寺,23,27,35.69541,139.46619,163,86751499,,161954672,,secondary,,多喜窪通り,,1.413,887546947,residential,,2.021,0.608,True,False,False,False,161954672,,secondary,,多喜窪通り,1.413,False,False,False,0.0,False,False,0.0,False,False,179.6,179.6
立川→国分寺,24,28,35.69604,139.4692,163,28919945,,1346808669,,tertiary,,,,0.184,1427049474,secondary,,0.352,0.168,True,False,False,False,1346808669,,tertiary,,,0.184,False,False,False,0.0,True,False,0.0,True,False,71.0,71.0
立川→国分寺,25,29,35.69628,139.47058,163,1427049474,,1427049474,,secondary,,多喜窪通り,,1.054,1349229546,footway,,5.953,4.899,False,False,False,False,1427049474,,secondary,,多喜窪通り,1.054,False,False,False,0.0,False,False,0.0,False,False,179.8,179.8
立川→国分寺,26,30,35.69655,139.47463,163,161954707,,161954707,,secondary,,多喜窪通り,,0.158,161953549,residential,,10.134,9.975,False,False,False,False,161954707,,secondary,,多喜窪通り,0.158,False,False,False,0.0,False,False,0.0,False,False,164.3,164.3
立川→国分寺,27,31,35.69646,139.47531,163,161954707,,161954707,,secondary,,多喜窪通り,,1.336,401781054,service,,8.365,7.029,False,False,False,False,161954707,,secondary,,多喜窪通り,1.336,False,False,False,0.0,False,False,0.0,False,False,164.7,164.7
立川→国分寺,28,32,35.69662,139.47615,163,161954707,,258865968,,residential,,,,0.494,161954707,secondary,,1.974,1.479,True,False,False,False,258865968,,residential,,,0.494,False,False,False,0.0,False,False,0.0,False,False,1.9,1.9
立川→国分寺,29,33,35.69728,139.47745,163,161954368,,161954368,,residential,,,,0.083,161954707,secondary,,0.811,0.727,True,False,False,False,161954368,,residential,,,0.083,False,False,False,0.0,False,False,0.0,False,False,132.3,132.3
立川→国分寺,30,34,35.69796,139.47823,163,28850943,,1427049470,,secondary,,多喜窪通り,,0.705,28850943,tertiary,,3.297,2.591,False,False,False,False,1427049470,,secondary,,多喜窪通り,0.705,False,False,False,0.0,False,False,0.0,False,False,177.4,177.4
立川→国分寺,31,35,35.69856,139.4793,163,161953646,,161953646,,unclassified,,,,0.546,1427049473,unclassified,,1.384,0.837,True,False,False,False,161953646,,unclassified,,,0.546,False,False,False,0.0,False,False,0.0,False,False,151.4,151.4
立川→国分寺,32,36,35.69924,139.48017,163,1427049470,,1427049470,,secondary,,多喜窪通り,,0.52,1427049472,tertiary,,1.858,1.338,True,False,False,False,1427049470,,secondary,,多喜窪通り,0.52,False,False,False,0.0,False,False,0.0,False,False,167.0,167.0
立川→国分寺,33,37,35.69941,139.48015,163,1427049472,,1427049472,,tertiary,,,,0.142,1082813744,footway,,4.488,4.346,False,False,False,False,1427049472,,tertiary,,,0.142,False,False,False,0.0,False,False,0.0,False,False,59.5,59.5
横浜→みなとみらい,0,0,35.46478,139.62296,109,542886819,,548992507,,service,,,,0.062,542886819,footway,,0.96,0.898,True,False,False,False,548992507,,service,,,0.062,False,False,False,0.0,False,False,0.0,False,False,44.8,44.8
横浜→みなとみらい,1,4,35.46414,139.62264,109,28413948,C,28413948,C,unclassified,yes,,,0.999,1083959345,footway,,4.695,3.696,False,False,False,False,28413948,C,unclassified,yes,,0.999,False,False,True,1.0,False,True,1.0,False,False,173.4,173.4
横浜→みなとみらい,2,5,35.46358,139.62261,109,28413948,C,28413948,C,unclassified,yes,,,0.717,1083959354,footway,,4.907,4.19,False,False,False,False,28413948,C,unclassified,yes,,0.717,False,False,True,1.0,False,True,1.0,False,False,173.4,173.4
横浜→みなとみらい,3,7,35.46312,139.62246,109,26643010,,32463172,,tertiary,,,,0.559,1216392564,primary,,1.447,0.889,True,False,False,False,32463172,,tertiary,,,0.559,False,False,False,0.0,True,False,0.0,True,False,85.8,85.8
横浜→みなとみらい,4,9,35.46206,139.62276,109,26643010,,111656069,,tertiary,,,,0.028,26643010,tertiary,,0.412,0.385,True,False,False,False,111656069,,tertiary,,,0.028,False,False,False,0.0,True,False,0.0,True,False,98.1,98.1
横浜→みなとみらい,5,10,35.46104,139.6231,109,26643010,,26643010,,tertiary,,,,0.773,134758809,residential,yes,2.656,1.883,True,False,False,False,26643010,,tertiary,,,0.773,False,False,False,0.0,False,False,0.0,False,False,0.1,0.1
横浜→みなとみらい,6,11,35.46059,139.62348,109,26643010,,26643010,,tertiary,,,,2.785,389322199,footway,,7.705,4.919,False,False,False,False,26643010,,tertiary,,,2.785,False,False,False,0.0,False,False,0.0,False,False,40.3,40.3
横浜→みなとみらい,7,13,35.4606,139.62411,109,38913182,,1298550088,,tertiary,yes,すずかけ通り,,0.483,306336242,trunk,yes,4.815,4.332,False,False,False,False,1298550088,,tertiary,yes,すずかけ通り,0.483,False,False,False,0.0,False,False,0.0,False,False,4.8,4.8
横浜→みなとみらい,8,14,35.46044,139.62529,109,452383849,,306336243,,tertiary,yes,すずかけ通り,,0.315,452383849,footway,,6.901,6.586,False,False,False,False,306336243,,tertiary,yes,すずかけ通り,0.315,False,False,False,0.0,False,False,0.0,False,False,4.6,4.6
横浜→みなとみらい,9,15,35.4606,139.62651,109,25758158,,306336254,,tertiary,yes,みなとみらい大通り,,0.825,1215885243,tertiary,yes,0.995,0.17,True,False,False,False,306336254,,tertiary,yes,みなとみらい大通り,0.825,False,False,False,0.0,True,False,0.0,True,False,82.4,82.4
横浜→みなとみらい,10,16,35.46117,139.62985,109,25944240,,25944286,,tertiary,yes,すずかけ通り,,1.321,25944240,tertiary,yes,2.679,1.359,True,False,False,False,25944286,,tertiary,yes,すずかけ通り,1.321,False,False,False,0.0,False,False,0.0,False,False,23.8,23.8
横浜→みなとみらい,11,17,35.45889,139.63163,109,36348141,,36348141,,tertiary,yes,,,0.666,421423861,footway,,3.694,3.027,False,False,False,False,36348141,,tertiary,yes,,0.666,False,False,False,0.0,False,False,0.0,False,False,0.2,0.2
川崎→武蔵小杉,0,0,35.53185,139.69658,168,153006969,,153006969,,tertiary,,西口通り,,0.651,682642039,pedestrian,,3.795,3.144,False,False,False,False,153006969,,tertiary,,西口通り,0.651,False,False,False,0.0,False,False,0.0,False,False,5.0,5.0
川崎→武蔵小杉,1,1,35.53373,139.69954,168,205715352,,674147586,,pedestrian,,,,0.382,205715297,cycleway,yes,2.129,1.746,True,True,False,True,205715297,,cycleway,yes,,2.129,False,True,False,0.0,True,False,0.0,True,False,90.0,105.7
川崎→武蔵小杉,2,2,35.53618,139.70223,168,1295585359,,1295585359,,footway,,,,2.89,262825873,tertiary,no,5.695,2.805,False,True,False,True,262825873,,tertiary,no,堀川町線,5.695,False,True,False,0.0,True,False,0.0,True,False,90.5,65.4
川崎→武蔵小杉,3,3,35.53827,139.698,168,1226423529,,1226423529,,trunk,yes,府中街道,,1.386,989906376,footway,,4.215,2.83,False,False,False,False,1226423529,,trunk,yes,府中街道,1.386,False,False,False,0.0,False,False,0.0,False,False,8.0,8.0
川崎→武蔵小杉,4,4,35.54013,139.69686,168,989951075,,989951075,,trunk,yes,府中街道,,1.844,992703183,trunk,yes,6.634,4.789,False,False,False,False,989951075,,trunk,yes,府中街道,1.844,False,False,False,0.0,False,False,0.0,False,False,0.7,0.7
川崎→武蔵小杉,5,5,35.54306,139.69367,168,263456981,,992241606,,trunk,yes,府中街道,,2.754,263456981,trunk,yes,4.331,1.577,True,False,False,False,992241606,,trunk,yes,府中街道,2.754,False,False,True,1.0,False,True,1.0,False,False,170.3,170.3
川崎→武蔵小杉,6,6,35.54401,139.69123,168,263456981,,387787695,,footway,,,,0.056,991711775,trunk,yes,0.367,0.311,True,True,False,True,991711775,,trunk,yes,府中街道,0.367,False,True,False,0.0,False,False,0.0,False,False,133.1,4.1
川崎→武蔵小杉,7,7,35.54646,139.68509,168,991020675,,991020675,,trunk,yes,府中街道,designated,2.669,990058492,trunk,yes,4.447,1.778,True,False,False,False,991020675,,trunk,yes,府中街道,2.669,False,False,False,0.0,False,False,0.0,False,False,5.7,5.7
川崎→武蔵小杉,8,8,35.54939,139.68217,168,991020675,,1451926119,,footway,,,,1.95,991020675,trunk,yes,2.772,0.822,True,True,False,True,991020675,,trunk,yes,府中街道,2.772,False,True,False,0.0,False,False,0.0,False,False,3.7,14.8
川崎→武蔵小杉,9,9,35.55289,139.67992,168,27639367,,27639367,,trunk,,府中街道,,0.25,1011150937,footway,,5.674,5.424,False,False,False,False,27639367,,trunk,,府中街道,0.25,False,False,False,0.0,False,False,0.0,False,False,179.1,179.1
川崎→武蔵小杉,10,10,35.55431,139.67884,168,31875063,,31875063,,tertiary,yes,南武沿線道路,,0.227,155790743,service,,4.022,3.795,False,False,False,False,31875063,,tertiary,yes,南武沿線道路,0.227,False,False,False,0.0,False,False,0.0,False,False,0.2,0.2
川崎→武蔵小杉,11,11,35.55607,139.67756,168,263457845,B,31875063,,tertiary,yes,南武沿線道路,,1.23,1537673791,footway,,3.872,2.642,False,False,False,False,31875063,,tertiary,yes,南武沿線道路,1.23,False,False,False,0.0,False,False,0.0,False,False,0.7,0.7
川崎→武蔵小杉,12,12,35.55828,139.67599,168,37712600,,932751006,,tertiary,yes,南武沿線道路,,0.484,37712600,tertiary,,2.978,2.494,False,False,False,False,932751006,,tertiary,yes,南武沿線道路,0.484,False,False,False,0.0,False,False,0.0,False,False,0.1,0.1
川崎→武蔵小杉,13,13,35.56025,139.67457,168,932751006,,932751006,,tertiary,yes,南武沿線道路,,0.108,1144230124,unclassified,yes,5.209,5.101,False,False,False,False,932751006,,tertiary,yes,南武沿線道路,0.108,False,False,False,0.0,False,False,0.0,False,False,0.5,0.5
川崎→武蔵小杉,14,14,35.56317,139.67255,168,159367393,,294664333,,tertiary,yes,南武沿線道路,,0.289,159367393,residential,,2.631,2.342,False,False,False,False,294664333,,tertiary,yes,南武沿線道路,0.289,False,False,False,0.0,False,False,0.0,False,False,14.5,14.5
川崎→武蔵小杉,15,15,35.56546,139.671,168,294664333,,294664333,,tertiary,yes,南武沿線道路,,0.765,557828565,residential,,1.799,1.034,True,False,False,False,294664333,,tertiary,yes,南武沿線道路,0.765,False,False,False,0.0,False,False,0.0,False,False,3.3,3.3
川崎→武蔵小杉,16,16,35.56923,139.66995,168,123451443,,294664333,,tertiary,yes,南武沿線道路,,0.045,159367636,unclassified,,2.207,2.162,False,False,False,False,294664333,,tertiary,yes,南武沿線道路,0.045,False,False,False,0.0,False,False,0.0,False,False,0.5,0.5
川崎→武蔵小杉,17,18,35.56968,139.66943,168,159368010,,159368010,,service,,,,0.071,228751920,footway,,31.061,30.99,False,False,False,False,159368010,,service,,,0.071,False,False,False,0.0,False,False,0.0,False,False,161.8,161.8
川崎→武蔵小杉,18,20,35.56992,139.66859,168,680507396,,159368010,,service,,,,0.932,680507396,residential,,1.428,0.497,True,False,False,False,159368010,,service,,,0.932,False,False,False,0.0,False,False,0.0,False,False,163.7,163.7
川崎→武蔵小杉,19,22,35.57003,139.66775,168,561778848,,561778848,,path,,,,0.531,812902514,path,,3.103,2.573,False,True,False,True,267964155,,service,,,11.667,False,True,False,0.0,False,False,0.0,False,False,27.7,149.3
川崎→武蔵小杉,20,23,35.57043,139.66777,168,812902514,,812902514,,path,,,,5.229,561778848,path,,44.084,38.855,False,True,False,True,123451445,,service,,,44.416,False,True,False,0.0,False,False,0.0,True,False,5.3,93.5
川崎→武蔵小杉,21,25,35.57216,139.66722,168,812902514,,812902514,,path,,,,3.42,267954379,footway,,29.19,25.771,False,True,False,True,123458564,,unclassified,,,34.491,False,True,False,0.0,False,False,0.0,False,False,4.0,174.3
川崎→武蔵小杉,22,29,35.57252,139.66695,168,123458564,,123458564,,unclassified,,,,0.047,267954379,footway,,3.929,3.882,False,False,False,False,123458564,,unclassified,,,0.047,False,False,False,0.0,False,False,0.0,False,False,147.6,147.6
川崎→武蔵小杉,23,32,35.57273,139.66661,168,123458564,,123458564,,unclassified,,,,0.002,267954378,footway,,5.373,5.37,False,False,False,False,123458564,,unclassified,,,0.002,False,False,False,0.0,False,False,0.0,False,False,163.5,163.5
川崎→武蔵小杉,24,33,35.57323,139.66647,168,31990106,,123458564,,unclassified,,,,1.394,1034802251,tertiary,,2.426,1.032,True,False,False,False,123458564,,unclassified,,,1.394,False,False,False,0.0,True,False,0.0,True,False,118.5,118.5
川崎→武蔵小杉,25,34,35.57325,139.66392,168,267975548,,31990106,,tertiary,,,,1.231,267975548,footway,,2.905,1.674,True,False,False,False,31990106,,tertiary,,,1.231,False,False,False,0.0,False,False,0.0,False,False,179.3,179.3
川崎→武蔵小杉,26,35,35.57318,139.66348,168,267954378,,932277458,,tertiary,,,,2.018,267954378,footway,,3.456,1.438,True,False,False,False,932277458,,tertiary,,,2.018,False,False,False,0.0,False,False,0.0,False,False,179.6,179.6
川崎→武蔵小杉,27,36,35.57323,139.66325,168,570317028,,570317028,,unclassified,yes,,,1.384,1028316658,tertiary,,2.793,1.408,True,False,False,False,570317028,,unclassified,yes,,1.384,False,False,False,0.0,True,False,0.0,True,False,116.3,116.3
千葉→幕張本郷,0,0,35.61359,140.11442,278,350247461,,702077871,,tertiary,,千葉公園通り,,1.144,350247461,footway,,5.113,3.969,False,False,False,False,702077871,,tertiary,,千葉公園通り,1.144,False,False,False,0.0,False,False,0.0,False,False,18.8,18.8
千葉→幕張本郷,1,1,35.61346,140.11503,278,233565187,,702077871,,tertiary,,千葉公園通り,,0.454,233565187,unclassified,yes,0.609,0.154,True,False,False,False,702077871,,tertiary,,千葉公園通り,0.454,False,False,False,0.0,False,False,0.0,False,False,10.4,10.4
千葉→幕張本郷,2,2,35.61351,140.11567,278,702077871,,702077871,,tertiary,,千葉公園通り,,1.509,1386938765,footway,,3.798,2.289,False,False,False,False,702077871,,tertiary,,千葉公園通り,1.509,False,False,False,0.0,False,False,0.0,False,False,8.8,8.8
千葉→幕張本郷,3,3,35.6138,140.11625,278,144846303,,702077871,,tertiary,,千葉公園通り,,2.102,1386938765,footway,,4.112,2.01,False,False,False,False,702077871,,tertiary,,千葉公園通り,2.102,False,False,False,0.0,False,False,0.0,False,False,26.1,26.1
千葉→幕張本郷,4,4,35.61437,140.117,278,144846307,,702077871,,tertiary,,千葉公園通り,,0.741,144846307,unclassified,yes,4.314,3.573,False,False,False,False,702077871,,tertiary,,千葉公園通り,0.741,False,False,False,0.0,False,False,0.0,False,False,26.9,26.9
千葉→幕張本郷,5,6,35.61486,140.11788,278,181993578,,233583368,,footway,,,,1.768,144785471,tertiary_link,yes,1.945,0.176,True,True,False,True,144785471,,tertiary_link,yes,千葉公園通り,1.945,False,True,False,0.0,False,False,0.0,False,False,159.0,12.9
千葉→幕張本郷,6,7,35.61519,140.11818,278,233583368,,233583368,,footway,,,,1.487,144785471,tertiary_link,yes,2.448,0.961,True,True,False,True,144785471,,tertiary_link,yes,千葉公園通り,2.448,False,True,False,0.0,False,False,0.0,False,False,179.1,9.0
千葉→幕張本郷,7,8,35.61556,140.11828,278,144785471,,144785471,,tertiary_link,yes,千葉公園通り,,0.658,181993567,footway,,5.56,4.901,False,False,False,False,144785471,,tertiary_link,yes,千葉公園通り,0.658,False,False,False,0.0,False,False,0.0,False,False,29.1,29.1
千葉→幕張本郷,8,10,35.61591,140.11836,278,144785430,,144785430,,tertiary,yes,千葉公園通り,,0.807,144785471,tertiary_link,yes,2.358,1.551,True,False,False,False,144785430,,tertiary,yes,千葉公園通り,0.807,False,False,False,0.0,False,False,0.0,False,False,4.6,4.6
千葉→幕張本郷,9,11,35.61662,140.11842,278,23053071,,144785464,,tertiary,,,,0.916,219685759,unclassified,,5.485,4.569,False,False,False,False,144785464,,tertiary,,,0.916,False,False,False,0.0,False,False,0.0,False,False,14.6,14.6
千葉→幕張本郷,10,12,35.61834,140.11839,278,144785464,,144785464,,tertiary,,,,0.62,172621192,unclassified,,54.143,53.523,False,False,False,False,144785464,,tertiary,,,0.62,False,False,False,0.0,False,False,0.0,False,False,9.0,9.0
千葉→幕張本郷,11,13,35.61896,140.11822,278,1083937781,,144785464,,tertiary,,,,1.123,1083937781,footway,,8.348,7.225,False,False,False,False,144785464,,tertiary,,,1.123,False,False,False,0.0,False,False,0.0,False,False,7.1,7.1
千葉→幕張本郷,12,14,35.61954,140.11793,278,144785464,,144785464,,tertiary,,,,2.276,1083937781,footway,,5.236,2.961,False,False,False,False,144785464,,tertiary,,,2.276,False,False,False,0.0,False,False,0.0,False,False,15.9,15.9
千葉→幕張本郷,13,15,35.62083,140.11715,278,103755119,,103755119,,tertiary,,,,0.413,1083937775,footway,,5.143,4.731,False,False,False,False,103755119,,tertiary,,,0.413,False,False,False,0.0,False,False,0.0,False,False,0.2,0.2
千葉→幕張本郷,14,16,35.62147,140.11679,278,103755119,,172896096,,unclassified,,,,1.028,103755119,tertiary,,1.686,0.658,True,False,False,False,172896096,,unclassified,,,1.028,False,False,False,0.0,True,False,0.0,True,False,92.6,92.6
千葉→幕張本郷,15,18,35.62368,140.11597,278,23052404,,23052404,,trunk,yes,国道126号,,0.143,178600326,unclassified,,3.865,3.722,False,False,False,False,23052404,,trunk,yes,国道126号,0.143,False,False,False,0.0,False,False,0.0,False,False,2.5,2.5
千葉→幕張本郷,16,19,35.62405,140.1158,278,23052404,,23052404,,trunk,yes,国道126号,,0.349,22961575,trunk,yes,9.337,8.989,False,False,False,False,23052404,,trunk,yes,国道126号,0.349,False,False,False,0.0,False,False,0.0,False,False,3.3,3.3
千葉→幕張本郷,17,20,35.62516,140.1154,278,23052404,,23053066,,tertiary,,作草部坂通り,,0.925,23052404,trunk,yes,1.161,0.236,True,False,False,False,23053066,,tertiary,,作草部坂通り,0.925,False,False,False,0.0,True,False,0.0,True,False,72.6,72.6
千葉→幕張本郷,18,21,35.62607,140.11504,278,23052404,,23052404,,trunk,yes,国道126号,,0.235,1083988791,footway,,6.814,6.578,False,False,False,False,23052404,,trunk,yes,国道126号,0.235,False,False,False,0.0,False,False,0.0,False,False,0.2,0.2
千葉→幕張本郷,19,22,35.62677,140.11468,278,22961575,B,23052404,,trunk,yes,国道126号,,3.348,22961575,trunk,yes,9.375,6.027,False,False,False,False,23052404,,trunk,yes,国道126号,3.348,False,False,False,0.0,False,False,0.0,False,False,5.1,5.1
千葉→幕張本郷,20,23,35.62823,140.11382,278,23052404,,23052404,,trunk,yes,国道126号,,0.576,153600800,tertiary,,1.436,0.86,True,False,False,False,23052404,,trunk,yes,国道126号,0.576,False,False,False,0.0,False,False,0.0,False,False,1.0,1.0
千葉→幕張本郷,21,24,35.63006,140.11312,278,23052404,,23052404,,trunk,yes,国道126号,,0.173,233960862,residential,yes,0.691,0.518,True,False,False,False,23052404,,trunk,yes,国道126号,0.173,False,False,False,0.0,False,False,0.0,False,False,6.3,6.3
千葉→幕張本郷,22,25,35.63246,140.11244,278,400848983,,23052404,,trunk,yes,国道126号,,0.657,400848983,trunk,,4.338,3.682,False,False,False,False,23052404,,trunk,yes,国道126号,0.657,False,False,False,0.0,False,False,0.0,False,False,8.5,8.5
千葉→幕張本郷,23,26,35.63407,140.11198,278,23052404,,23052404,,trunk,yes,国道126号,,1.854,22961575,trunk,yes,9.243,7.39,False,False,False,False,23052404,,trunk,yes,国道126号,1.854,False,False,False,0.0,False,False,0.0,False,False,6.2,6.2
千葉→幕張本郷,24,27,35.6346,140.11174,278,22961575,B,23052404,,trunk,yes,国道126号,,2.931,22961575,trunk,yes,7.975,5.044,False,False,False,False,23052404,,trunk,yes,国道126号,2.931,False,False,False,0.0,False,False,0.0,False,False,9.3,9.3
千葉→幕張本郷,25,28,35.63547,140.11105,278,23052404,,23052404,,trunk,yes,国道126号,,1.322,22961576,tertiary,,7.37,6.049,False,False,False,False,23052404,,trunk,yes,国道126号,1.322,False,False,False,0.0,False,False,0.0,False,False,21.4,21.4
千葉→幕張本郷,26,29,35.63694,140.10934,278,652775513,,652775513,,trunk,yes,国道126号,,1.166,1066868407,trunk,,1.449,0.283,True,False,False,False,652775513,,trunk,yes,国道126号,1.166,False,False,False,0.0,True,False,0.0,True,False,83.8,83.8
千葉→幕張本郷,27,30,35.6392,140.10641,278,176181810,,176181810,,primary,,穴川天戸線,,0.93,1275353170,steps,,9.281,8.351,False,False,False,False,176181810,,primary,,穴川天戸線,0.93,False,False,False,0.0,False,False,0.0,False,False,179.7,179.7
千葉→幕張本郷,28,32,35.63957,140.10505,278,176181803,,176181803,,secondary,,稲毛停車場穴川線,,1.149,193838554,residential,,5.354,4.205,False,False,False,False,176181803,,secondary,,稲毛停車場穴川線,1.149,False,False,False,0.0,False,False,0.0,False,False,167.9,167.9
千葉→幕張本郷,29,33,35.63962,140.10409,278,176181803,,232894835,,service,,,,0.622,176181803,secondary,,0.712,0.09,True,False,False,False,232894835,,service,,,0.622,False,False,False,0.0,True,False,0.0,True,False,95.7,95.7
千葉→幕張本郷,30,34,35.63949,140.10172,278,176181803,,176181803,,secondary,,稲毛停車場穴川線,,1.117,178600354,tertiary,,1.71,0.592,True,False,False,False,176181803,,secondary,,稲毛停車場穴川線,1.117,False,False,False,0.0,False,False,0.0,False,False,178.2,178.2
千葉→幕張本郷,31,35,35.6388,140.09682,278,144532234,,176181803,,secondary,,稲毛停車場穴川線,,1.251,144532234,unclassified,,5.38,4.129,False,False,False,False,176181803,,secondary,,稲毛停車場穴川線,1.251,False,False,False,0.0,False,False,0.0,False,False,176.6,176.6
千葉→幕張本郷,32,36,35.63832,140.09347,278,176181803,,1409472286,,tertiary,,放医研通り,,0.504,176181803,secondary,,1.446,0.942,True,False,False,False,1409472286,,tertiary,,放医研通り,0.504,False,False,False,0.0,False,False,0.0,False,False,172.1,172.1
千葉→幕張本郷,33,37,35.64812,140.08627,278,22962353,,22962353,,tertiary,,小仲台坂通り,,0.556,162096522,tertiary,yes,9.089,8.533,False,False,False,False,22962353,,tertiary,,小仲台坂通り,0.556,False,False,False,0.0,False,False,0.0,False,False,179.0,179.0
千葉→幕張本郷,34,39,35.64739,140.08533,278,142225531,,142225531,,footway,,,,0.596,162096522,tertiary,yes,6.594,5.998,False,True,False,True,162096522,,tertiary,yes,,6.594,False,True,False,0.0,False,False,0.0,False,False,12.1,21.7
千葉→幕張本郷,35,40,35.64628,140.08398,278,176443607,,176443607,,residential,,,,0.04,142225531,footway,,1.399,1.359,True,False,False,False,176443607,,residential,,,0.04,False,False,False,0.0,True,False,0.0,True,False,85.4,85.4
千葉→幕張本郷,36,41,35.64694,140.08385,278,142268720,,176443607,,residential,,,,1.17,142259721,footway,,1.171,0.001,True,False,False,False,176443607,,residential,,,1.17,False,False,False,0.0,False,False,0.0,False,False,176.2,176.2
千葉→幕張本郷,37,42,35.64746,140.08364,278,142268720,,142268720,,residential,,,,1.759,1280925031,steps,,44.589,42.831,False,False,False,False,142268720,,residential,,,1.759,False,False,False,0.0,False,False,0.0,False,False,150.0,150.0
千葉→幕張本郷,38,43,35.64794,140.08327,278,142268720,,142268720,,residential,,,,0.513,162096538,tertiary,,15.594,15.081,False,False,False,False,142268720,,residential,,,0.513,False,False,False,0.0,False,False,0.0,False,False,161.4,161.4
千葉→幕張本郷,39,44,35.64831,140.08289,278,142268720,,142268720,,residential,,,,2.208,139653292,tertiary,,51.244,49.036,False,False,False,False,142268720,,residential,,,2.208,False,False,False,0.0,False,False,0.0,False,False,169.8,169.8
千葉→幕張本郷,40,45,35.64859,140.0825,278,142268720,,142268720,,residential,,,,3.561,139653292,tertiary,,4.312,0.751,True,False,False,False,142268720,,residential,,,3.561,False,False,False,0.0,False,False,0.0,False,False,179.5,179.5
千葉→幕張本郷,41,46,35.64884,140.08195,278,142268708,,142268708,,residential,,,,0.458,762649841,residential,,0.788,0.329,True,False,False,False,142268708,,residential,,,0.458,False,False,False,0.0,False,False,0.0,False,False,19.2,19.2
千葉→幕張本郷,42,47,35.64903,140.08095,278,142268708,,142268708,,residential,,,,1.034,142268702,residential,,19.373,18.339,False,False,False,False,142268708,,residential,,,1.034,False,False,False,0.0,False,False,0.0,False,False,30.8,30.8
千葉→幕張本郷,43,49,35.64894,140.0806,278,142268702,,142268702,,residential,,,,2.338,1494455755,track,,18.412,16.074,False,False,False,False,142268702,,residential,,,2.338,False,False,False,0.0,False,False,0.0,False,False,167.3,167.3
千葉→幕張本郷,44,50,35.64886,140.0796,278,142268702,,142268702,,residential,,,,0.006,762649858,residential,,0.467,0.462,True,False,False,False,142268702,,residential,,,0.006,False,False,False,0.0,False,False,0.0,False,False,172.3,172.3
千葉→幕張本郷,45,51,35.64886,140.07847,278,142268702,,142268702,,residential,,,,0.371,142268736,residential,,1.38,1.009,True,False,False,False,142268702,,residential,,,0.371,False,False,False,0.0,False,False,0.0,False,False,179.8,179.8
千葉→幕張本郷,46,53,35.64915,140.07673,278,142268688,,142268688,,residential,,,,0.444,142268692,residential,,1.344,0.9,True,False,False,False,142268688,,residential,,,0.444,False,False,False,0.0,True,False,0.0,True,False,89.6,89.6
千葉→幕張本郷,47,54,35.64964,140.07413,278,142268692,,142268692,,residential,,,,0.626,142268726,residential,,2.278,1.652,True,False,False,False,142268692,,residential,,,0.626,False,False,False,0.0,False,False,0.0,False,False,8.9,8.9
千葉→幕張本郷,48,56,35.65152,140.06937,278,139653293,,139813893,,unclassified,,,,0.156,139653293,unclassified,,0.324,0.168,True,False,False,False,139813893,,unclassified,,,0.156,False,False,False,0.0,False,False,0.0,False,False,178.4,178.4
千葉→幕張本郷,49,58,35.6522,140.06794,278,139815669,,139815679,,residential,,,,0.097,139815669,residential,,1.057,0.959,True,False,False,False,139815679,,residential,,,0.097,False,False,False,0.0,False,False,0.0,False,False,167.9,167.9
千葉→幕張本郷,50,60,35.65275,140.0663,278,176913203,,176913203,,footway,,,,0.493,312441870,footway,,1.071,0.578,True,True,False,True,140120609,,residential,,,12.134,False,True,False,0.0,False,False,0.0,False,False,171.5,178.1
千葉→幕張本郷,51,62,35.65273,140.06544,278,312441870,,312441870,,footway,,,,0.141,1410024945,tertiary,,2.807,2.665,False,True,False,True,1410024945,,tertiary,,,2.807,False,True,False,0.0,False,False,0.0,True,False,58.0,89.9
千葉→幕張本郷,52,64,35.65337,140.06542,278,232975632,,232975632,,unclassified,,,,1.592,232975633,residential,,2.535,0.942,True,False,False,False,232975632,,unclassified,,,1.592,False,False,False,0.0,True,False,0.0,True,False,68.8,68.8
千葉→幕張本郷,53,65,35.65333,140.06497,278,232975631,,232975633,,residential,,,,0.873,232975631,residential,,2.323,1.45,True,False,False,False,232975633,,residential,,,0.873,False,False,False,0.0,False,False,0.0,False,False,160.0,160.0
千葉→幕張本郷,54,66,35.65338,140.06439,278,232975633,,232975633,,residential,,,,1.885,232975637,residential,,8.744,6.859,False,False,False,False,232975633,,residential,,,1.885,False,False,False,0.0,False,False,0.0,False,False,171.9,171.9
千葉→幕張本郷,55,68,35.65405,140.06395,278,232975633,,232975633,,residential,,,,0.763,232975638,residential,,12.17,11.407,False,False,False,False,232975633,,residential,,,0.763,False,False,False,0.0,False,False,0.0,False,False,131.4,131.4
千葉→幕張本郷,56,70,35.6548,140.06354,278,232975641,,354213977,,unclassified,,,,0.818,232975641,residential,,1.449,0.632,True,False,False,False,354213977,,unclassified,,,0.818,False,False,False,0.0,False,False,0.0,False,False,3.4,3.4
千葉→幕張本郷,57,72,35.6552,140.06362,278,1328740625,,1328740625,,cycleway,,Hanamigawa Cycling Road,designated,0.144,438970764,footway,,0.321,0.177,True,False,False,False,1328740625,,cycleway,,Hanamigawa Cycling Road,0.144,False,False,False,0.0,False,False,0.0,False,False,4.8,4.8
千葉→幕張本郷,58,75,35.65555,140.06387,278,1328740627,,1328740627,,cycleway,,Hanamigawa Cycling Road,designated,0.336,1328740626,cycleway,,10.556,10.22,False,False,False,False,1328740627,,cycleway,,Hanamigawa Cycling Road,0.336,False,False,False,0.0,False,False,0.0,False,False,7.0,7.0
千葉→幕張本郷,59,76,35.65605,140.06392,278,1328740627,,1328740627,,cycleway,,Hanamigawa Cycling Road,designated,0.356,215847533,unclassified,,32.068,31.712,False,False,False,False,1328740627,,cycleway,,Hanamigawa Cycling Road,0.356,False,False,False,0.0,False,False,0.0,False,False,1.8,1.8
千葉→幕張本郷,60,78,35.65663,140.06335,278,140120618,,215847591,,track,,,,0.051,140120618,unclassified,,1.276,1.225,True,False,False,False,215847591,,track,,,0.051,False,False,False,0.0,True,False,0.0,True,False,82.0,82.0
千葉→幕張本郷,61,80,35.65644,140.06299,278,140120585,,140120585,,unclassified,,,,0.409,140120618,unclassified,,17.735,17.326,False,False,False,False,140120585,,unclassified,,,0.409,False,False,False,0.0,False,False,0.0,False,False,154.1,154.1
千葉→幕張本郷,62,83,35.65602,140.06282,278,22762849,,22762849,,unclassified,,,,1.012,140120585,unclassified,,4.14,3.128,False,False,False,False,22762849,,unclassified,,,1.012,False,False,False,0.0,True,False,0.0,True,False,101.2,101.2
千葉→幕張本郷,63,85,35.6559,140.06241,278,219629137,,219629137,,residential,,,,0.28,22762849,unclassified,,29.786,29.506,False,False,False,False,219629137,,residential,,,0.28,False,False,False,0.0,False,False,0.0,False,False,12.9,12.9
千葉→幕張本郷,64,88,35.65594,140.06193,278,219629137,,219629137,,residential,,,,0.012,470866656,service,,10.936,10.924,False,False,False,False,219629137,,residential,,,0.012,False,False,False,0.0,False,False,0.0,False,False,31.3,31.3
千葉→幕張本郷,65,89,35.65598,140.06121,278,142222808,,219629137,,residential,,,,0.478,142222808,residential,,2.232,1.754,True,False,False,False,219629137,,residential,,,0.478,False,False,False,0.0,False,False,0.0,False,False,7.3,7.3
千葉→幕張本郷,66,90,35.65647,140.06135,278,142222808,,142222808,,residential,,,,0.121,142222813,residential,,1.324,1.204,True,False,False,False,142222808,,residential,,,0.121,False,False,False,0.0,True,False,0.0,True,False,108.1,108.1
千葉→幕張本郷,67,91,35.65667,140.06068,278,142222813,,173717935,,residential,,,,1.024,142222813,residential,,1.043,0.019,True,False,False,False,173717935,,residential,,,1.024,False,False,False,0.0,True,False,0.0,True,False,108.6,108.6
千葉→幕張本郷,68,94,35.65702,140.06007,278,142222805,,372779290,,service,,,,0.588,142222805,service,,0.941,0.353,True,False,False,False,372779290,,service,,,0.588,False,False,False,0.0,False,False,0.0,False,False,25.5,25.5
千葉→幕張本郷,69,96,35.65746,140.06003,278,142222805,,142222805,,service,,,,0.379,372777838,footway,,2.633,2.254,False,False,False,False,142222805,,service,,,0.379,False,False,False,0.0,False,False,0.0,False,False,6.7,6.7
千葉→幕張本郷,70,97,35.6576,140.05961,278,142222805,,142222805,,service,,,,0.146,372777838,footway,,35.092,34.946,False,False,False,False,142222805,,service,,,0.146,False,False,False,0.0,False,False,0.0,False,False,29.8,29.8
千葉→幕張本郷,71,99,35.65799,140.05919,278,312413970,,312413970,,residential,yes,,,0.392,739680056,service,,4.29,3.898,False,False,False,False,312413970,,residential,yes,,0.392,False,False,False,0.0,False,False,0.0,False,False,11.3,11.3
千葉→幕張本郷,72,100,35.65831,140.05851,278,142222828,,312413970,,residential,yes,,,0.252,142222828,service,,2.662,2.41,False,False,False,False,312413970,,residential,yes,,0.252,False,False,False,0.0,False,False,0.0,False,False,1.2,1.2
千葉→幕張本郷,73,101,35.65842,140.05803,278,142222825,,312413970,,residential,yes,,,0.714,142222825,footway,,1.166,0.452,True,False,False,False,312413970,,residential,yes,,0.714,False,False,False,0.0,False,False,0.0,False,False,13.9,13.9
千葉→幕張本郷,74,104,35.65882,140.05761,278,142222825,,142222825,,footway,,,,0.387,312413970,residential,yes,43.278,42.891,False,True,False,True,312413970,,residential,yes,,43.278,False,True,False,0.0,False,False,0.0,False,False,8.2,5.3
千葉→幕張本郷,75,106,35.6591,140.05705,278,22763288,,142222825,,footway,,,,0.439,22763288,secondary,,0.516,0.077,True,True,False,True,22763288,,secondary,,幕張停車場線,0.516,False,True,False,0.0,False,False,0.0,True,False,6.6,69.5
千葉→幕張本郷,76,108,35.65934,140.05664,278,142222817,A,142222817,A,residential,yes,,,1.638,142222832,residential,,20.287,18.649,False,False,False,False,142222817,A,residential,yes,,1.638,False,False,True,1.0,False,True,1.0,False,False,179.7,179.7
千葉→幕張本郷,77,111,35.65988,140.05621,278,142222832,,142222832,,residential,,,,1.678,142222803,residential,,37.922,36.244,False,False,False,False,142222832,,residential,,,1.678,False,False,False,0.0,False,False,0.0,False,False,175.9,175.9
千葉→幕張本郷,78,112,35.66027,140.05599,278,142222803,,142222832,,residential,,,,0.557,142222803,residential,,6.032,5.475,False,False,False,False,142222832,,residential,,,0.557,False,False,False,0.0,False,False,0.0,False,False,178.3,178.3
千葉→幕張本郷,79,113,35.66072,140.05572,278,142222832,,142222832,,residential,,,,1.215,1086646724,footway,,33.194,31.979,False,False,False,False,142222832,,residential,,,1.215,False,False,False,0.0,False,False,0.0,False,False,169.4,169.4
千葉→幕張本郷,80,114,35.66103,140.05537,278,142222832,,142222832,,residential,,,,0.184,312413966,unclassified,,1.044,0.86,True,False,False,False,142222832,,residential,,,0.184,False,False,False,0.0,False,False,0.0,False,False,170.5,170.5
千葉→幕張本郷,81,116,35.66179,140.05488,278,209024338,,209024338,,residential,,,,0.252,175828538,primary,yes,75.94,75.688,False,False,False,False,209024338,,residential,,,0.252,False,False,False,0.0,False,False,0.0,False,False,179.2,179.2
千葉→幕張本郷,82,117,35.66379,140.05254,278,194093217,,194093217,,residential,,,,2.723,1283620830,unclassified,yes,14.148,11.426,False,False,False,False,194093217,,residential,,,2.723,False,False,False,0.0,False,False,0.0,False,False,0.4,0.4
千葉→幕張本郷,83,120,35.66385,140.05217,278,194093231,,194093231,,service,,,,1.969,1283620830,unclassified,yes,6.778,4.809,False,False,False,False,194093231,,service,,,1.969,False,False,False,0.0,False,False,0.0,False,False,34.0,34.0
千葉→幕張本郷,84,122,35.66394,140.05166,278,194093231,,194093231,,service,,,,0.813,194093235,service,,1.189,0.376,True,False,False,False,194093231,,service,,,0.813,False,False,False,0.0,False,False,0.0,False,False,5.2,5.2
千葉→幕張本郷,85,124,35.6644,140.05169,278,194093227,,194093227,,residential,,,,1.218,194093231,service,,43.995,42.777,False,False,False,False,194093227,,residential,,,1.218,False,False,False,0.0,False,False,0.0,False,False,15.9,15.9
千葉→幕張本郷,86,125,35.66555,140.05035,278,151811151,,194093227,,residential,,,,0.777,151811151,residential,,4.172,3.396,False,False,False,False,194093227,,residential,,,0.777,False,False,False,0.0,False,False,0.0,False,False,1.7,1.7
千葉→幕張本郷,87,126,35.66588,140.0499,278,194093227,,194093227,,residential,,,,1.003,151808574,unclassified,,31.527,30.524,False,False,False,False,194093227,,residential,,,1.003,False,False,False,0.0,False,False,0.0,False,False,33.2,33.2
千葉→幕張本郷,88,127,35.66563,140.04937,278,194093227,,194093227,,residential,,,,0.437,151808574,unclassified,,23.081,22.644,False,False,False,False,194093227,,residential,,,0.437,False,False,False,0.0,True,False,0.0,True,False,61.1,61.1
千葉→幕張本郷,89,129,35.66496,140.04776,278,151808574,,151811151,,residential,,,,0.819,151808574,unclassified,,4.415,3.597,False,False,False,False,151811151,,residential,,,0.819,False,False,False,0.0,False,False,0.0,False,False,170.9,170.9
千葉→幕張本郷,90,130,35.66532,140.0472,278,151811151,,151811151,,residential,,,,0.051,270039222,tertiary,,1.019,0.968,True,False,False,False,151811151,,residential,,,0.051,False,False,False,0.0,True,False,0.0,True,False,116.2,116.2
千葉→幕張本郷,91,131,35.66622,140.04704,278,208926175,,208926175,,residential,,,,0.25,270039222,tertiary,,1.617,1.367,True,False,False,False,208926175,,residential,,,0.25,False,False,False,0.0,True,False,0.0,True,False,79.4,79.4
千葉→幕張本郷,92,132,35.66688,140.04659,278,208926181,,208926181,,residential,,,,1.042,270039222,tertiary,,2.28,1.238,True,False,False,False,208926181,,residential,,,1.042,False,False,False,0.0,True,False,0.0,True,False,84.7,84.7
千葉→幕張本郷,93,133,35.66728,140.04608,278,141626539,,141626539,,tertiary,,,,0.289,270039222,tertiary,,1.07,0.78,True,False,False,False,141626539,,tertiary,,,0.289,False,False,False,0.0,True,False,0.0,True,False,78.3,78.3
千葉→幕張本郷,94,134,35.67089,140.04181,278,151808598,,151808598,,unclassified,,,,0.778,270039222,tertiary,,1.171,0.393,True,False,False,False,151808598,,unclassified,,,0.778,False,False,False,0.0,True,False,0.0,True,False,93.9,93.9
千葉→幕張本郷,95,135,35.67176,140.04293,278,151808574,,151808574,,unclassified,,,,1.139,151808598,unclassified,,2.825,1.685,True,False,False,False,151808574,,unclassified,,,1.139,False,False,False,0.0,True,False,0.0,True,False,117.0,117.0
千葉→幕張本郷,96,136,35.6721,140.04245,278,151808609,D,151808609,D,unclassified,yes,,,2.179,352689942,footway,,5.784,3.605,False,False,False,False,151808609,D,unclassified,yes,,2.179,False,False,True,1.0,False,True,1.0,False,False,128.1,128.1
千葉→幕張本郷,97,139,35.67235,140.04207,278,151808575,,151808575,,pedestrian,,,,5.762,1083425463,footway,,5.877,0.115,True,True,False,True,387938699,,service,yes,,13.659,False,True,False,0.0,False,False,0.0,True,False,50.7,91.7
