label,sample_idx,lat,lng,rank1_way_id,rank1_highway,rank1_bicycle,rank1_access,rank1_oneway,rank1_oneway_bicycle,rank1_cycleway,rank1_traversable_by_batch5_filter,rank1_nontraversable_reason,current_rank1_violation,current_rank1_status,historical_node_rank1_way_id,historical_known_group,historical_known_detection_location,batch5_filtered_rank1_way_id,batch5_filtered_rank1_highway,batch5_filtered_margin_m,batch5_nonambiguous_to_ambiguous
渋谷→新宿,0,35.65957,139.70235,664492786,footway,,,,,,False,highway=footway,False,out_of_scope_axis_misaligned,664527476,,False,534157302,primary,2.541,False
渋谷→新宿,1,35.6636,139.70206,798794765,tertiary,,,,,,True,,False,out_of_scope_axis_misaligned,798794765,,False,798794765,tertiary,3.739,False
渋谷→新宿,2,35.66473,139.70251,798739072,primary,,,yes,,,True,,False,legal_forward,798739072,,False,798739072,primary,9.759,False
渋谷→新宿,3,35.66846,139.70532,798739072,primary,,,yes,,,True,,False,legal_forward,798739072,,False,798739072,primary,1.151,False
渋谷→新宿,4,35.67018,139.70672,117083664,residential,,,,,,True,,False,out_of_scope_axis_misaligned,26604007,,False,117083664,residential,2.743,False
渋谷→新宿,5,35.67208,139.70808,1061981261,primary,,,yes,,,True,,False,legal_forward,1061981253,,False,1061981261,primary,2.276,False
渋谷→新宿,6,35.67248,139.70807,1061981252,primary,,,yes,,,True,,False,legal_forward,1061981252,,False,1061981252,primary,7.295,False
渋谷→新宿,7,35.67453,139.70712,1061981252,primary,,,yes,,,True,,False,legal_forward,670335461,,False,1061981252,primary,2.347,False
渋谷→新宿,8,35.67753,139.70602,670335467,footway,,,,,,False,highway=footway,False,out_of_scope_no_oneway,798794766,,False,798794766,primary,9.286,False
渋谷→新宿,9,35.67994,139.70451,796871114,primary,,,yes,,,True,,False,legal_forward,41857396,,False,796871114,primary,0.797,False
渋谷→新宿,10,35.68032,139.70451,796871114,primary,,,yes,,,True,,False,legal_forward,796871114,,False,796871114,primary,4.263,False
渋谷→新宿,11,35.68083,139.70453,860381103,primary,,,yes,,,True,,False,legal_forward,39683367,,False,860381103,primary,0.19,False
渋谷→新宿,12,35.68233,139.70455,213526441,primary,,,yes,,,True,,False,legal_forward,213526441,,False,213526441,primary,4.755,False
渋谷→新宿,13,35.68306,139.7045,213526441,primary,,,yes,,,True,,False,legal_forward,1119117311,,False,213526441,primary,4.251,False
渋谷→新宿,14,35.68366,139.70429,213526441,primary,,,yes,,,True,,False,legal_forward,39683340,,False,213526441,primary,2.297,False
渋谷→新宿,15,35.68444,139.70381,213526441,primary,,,yes,,,True,,False,legal_forward,199152225,,False,213526441,primary,1.104,False
渋谷→新宿,16,35.68602,139.70336,213526441,primary,,,yes,,,True,,False,legal_forward,213526441,,False,213526441,primary,6.651,False
渋谷→新宿,17,35.68783,139.70284,199152190,primary,,,yes,,,True,,False,legal_forward,199152190,,False,199152190,primary,4.353,False
渋谷→新宿,18,35.68928,139.7022,138533178,unclassified,,,yes,,,True,,True,violation,138533178,A,True,138533178,unclassified,4.247,False
渋谷→新宿,19,35.68962,139.70208,39436592,unclassified,,,,,,True,,False,out_of_scope_no_oneway,39436592,,False,39436592,unclassified,0.832,False
新宿→池袋,0,35.69136,139.70164,155224464,unclassified,,,yes,no,,True,,False,legal_bicycle_exempt,155224464,,False,155224464,unclassified,1.748,False
新宿→池袋,1,35.6911,139.70338,155224464,unclassified,,,yes,no,,True,,False,legal_bicycle_exempt,155224464,,False,155224464,unclassified,0.056,False
新宿→池袋,2,35.6905,139.70455,39436598,unclassified,,,yes,,,True,,False,out_of_scope_axis_misaligned,39436598,,False,39436598,unclassified,0.714,False
新宿→池袋,3,35.69362,139.70649,1120796134,primary,,,yes,,,True,,False,legal_forward,1120796134,,False,1120796134,primary,6.996,False
新宿→池袋,4,35.6944,139.70669,688686080,primary,,,yes,,,True,,False,legal_forward,688686080,,False,688686080,primary,15.045,False
新宿→池袋,5,35.69487,139.7068,688686080,primary,,,yes,,,True,,False,legal_forward,39436538,,False,688686080,primary,1.526,False
新宿→池袋,6,35.69656,139.70716,688686080,primary,,,yes,,,True,,False,legal_forward,244906595,,False,688686080,primary,1.752,False
新宿→池袋,7,35.69793,139.70743,688819559,primary,,,yes,,,True,,False,legal_forward,39655490,,False,688819559,primary,1.524,False
新宿→池袋,8,35.69961,139.70777,691691444,primary,,,yes,,,True,,False,legal_forward,39436481,,False,691691444,primary,2.427,False
新宿→池袋,9,35.70088,139.70799,691691444,primary,,,yes,,,True,,False,legal_forward,98726948,,False,691691444,primary,0.192,False
新宿→池袋,10,35.70197,139.70818,415221604,primary,,,yes,,,True,,False,legal_forward,415221604,,False,415221604,primary,1.89,False
新宿→池袋,11,35.70344,139.70847,415221604,primary,,,yes,,,True,,False,legal_forward,94515954,,False,415221604,primary,0.018,False
新宿→池袋,12,35.7048,139.70863,69518078,residential,,,,,,True,,False,out_of_scope_axis_misaligned,69518078,,False,69518078,residential,0.896,False
新宿→池袋,13,35.70842,139.7091,688819558,primary,,,,,,True,,False,out_of_scope_axis_misaligned,214274760,,False,688819558,primary,1.292,False
新宿→池袋,14,35.71149,139.71,683237303,primary,,,yes,,,True,,False,legal_forward,213866016,,False,683237303,primary,0.022,False
新宿→池袋,15,35.7128,139.71043,415221602,primary,,,yes,,,True,,False,legal_forward,415221602,,False,415221602,primary,2.45,False
新宿→池袋,16,35.71436,139.71133,415221602,primary,,,yes,,,True,,False,legal_forward,415221602,,False,415221602,primary,3.154,False
新宿→池袋,17,35.71551,139.71194,97367343,residential,,,,,,True,,False,out_of_scope_axis_misaligned,97367343,,False,97367343,residential,3.281,False
新宿→池袋,18,35.71687,139.71251,156260998,primary,,,yes,,,True,,False,legal_forward,376630575,,False,156260998,primary,6.983,False
新宿→池袋,19,35.71883,139.71341,688557393,primary,,,yes,,,True,,False,legal_forward,688557393,,False,688557393,primary,6.631,False
新宿→池袋,20,35.71985,139.71322,688557393,primary,,,yes,,,True,,False,legal_forward,37865970,,False,688557393,primary,5.568,False
新宿→池袋,21,35.7244,139.71135,648625671,primary,,,yes,,,True,,False,legal_forward,648625671,,False,648625671,primary,0.076,False
新宿→池袋,22,35.7252,139.71136,228180934,primary,,,yes,,,True,,True,violation,648625671,,False,228180934,primary,1.518,False
新宿→池袋,23,35.72704,139.71183,1128023036,primary,,,yes,,,True,,False,legal_forward,156246572,,False,1128023036,primary,0.127,False
新宿→池袋,24,35.7272,139.71112,156246572,residential,,,yes,,,True,,False,legal_forward,156246572,,False,156246572,residential,63.693,False
東京→渋谷,0,35.67791,139.76377,1450867353,footway,,,,,,False,highway=footway,False,out_of_scope_no_oneway,682973093,,False,387312965,secondary,1.273,False
東京→渋谷,1,35.67841,139.76102,59266960,trunk,,,yes,,,True,,False,legal_forward,59266960,,False,59266960,trunk,4.422,False
東京→渋谷,2,35.67519,139.75985,59266960,trunk,,,yes,,,True,,False,legal_forward,59266960,,False,59266960,trunk,11.781,False
東京→渋谷,3,35.67538,139.75892,157191451,trunk,,,yes,,,True,,False,legal_forward,157191451,,False,157191451,trunk,11.167,False
東京→渋谷,4,35.67745,139.75394,206353802,trunk_link,,,yes,,,True,,False,legal_forward,391703261,,False,206353802,trunk_link,0.21,False
東京→渋谷,5,35.67736,139.75343,206353802,trunk_link,,,yes,,,True,,False,legal_forward,206353802,,False,206353802,trunk_link,3.601,False
東京→渋谷,6,35.67466,139.75165,662063657,footway,,,,,,False,highway=footway,False,out_of_scope_no_oneway,662063657,,False,813532923,trunk,1.023,False
東京→渋谷,7,35.67293,139.7505,243268913,tertiary,,,yes,,,True,,False,out_of_scope_axis_misaligned,243268913,,False,243268913,tertiary,0.886,False
東京→渋谷,8,35.67028,139.74934,931757787,trunk,,yes,yes,,,True,,False,legal_forward,678474455,,False,931757787,trunk,5.008,False
東京→渋谷,9,35.669,139.74859,931757787,trunk,,yes,yes,,,True,,False,legal_forward,431885999,,False,931757787,trunk,8.49,False
東京→渋谷,10,35.66449,139.74651,931757787,trunk,,yes,yes,,,True,,False,legal_forward,931757787,,False,931757787,trunk,9.082,False
東京→渋谷,11,35.66321,139.74533,931757787,trunk,,yes,yes,,,True,,False,legal_forward,253812412,,False,931757787,trunk,1.046,False
東京→渋谷,12,35.66203,139.74425,253812412,trunk,yes,yes,yes,,,True,,False,legal_forward,253812412,,False,253812412,trunk,3.07,False
東京→渋谷,13,35.66078,139.74336,253812412,trunk,yes,yes,yes,,,True,,False,legal_forward,204077031,,False,253812412,trunk,3.759,False
東京→渋谷,14,35.66019,139.74304,1035341897,trunk,yes,yes,yes,,,True,,False,legal_forward,1035341897,,False,1035341897,trunk,6.878,False
東京→渋谷,15,35.6598,139.743,858775693,trunk,yes,yes,yes,,,True,,False,legal_forward,474601303,B,True,858775693,trunk,0.881,False
東京→渋谷,16,35.65947,139.74263,19023682,primary_link,,,yes,,,True,,False,legal_forward,19023682,,False,19023682,primary_link,3.932,False
東京→渋谷,17,35.65958,139.7419,858775692,primary,,,yes,,,True,,False,legal_forward,1254228152,,False,858775692,primary,3.348,False
東京→渋谷,18,35.66017,139.74041,858775692,primary,,,yes,,,True,,False,legal_forward,271979254,B,True,858775692,primary,6.862,False
東京→渋谷,19,35.66114,139.73794,1344791873,primary,,,yes,,,True,,False,legal_forward,858775692,,False,1344791873,primary,2.106,False
東京→渋谷,20,35.66224,139.73429,271979231,primary,,,yes,,,True,,False,legal_forward,271979231,,False,271979231,primary,5.377,False
東京→渋谷,21,35.66315,139.73238,271979231,primary,,,yes,,,True,,False,legal_forward,271979227,,False,271979231,primary,2.399,False
東京→渋谷,22,35.66245,139.73082,927004519,secondary,,,yes,,,True,,False,legal_forward,253067268,,False,927004519,secondary,116.125,False
東京→渋谷,23,35.66101,139.72778,888162704,secondary,,,yes,,,True,,False,legal_forward,755562447,,False,888162704,secondary,10.618,False
東京→渋谷,24,35.66028,139.72567,888162704,secondary,,,yes,,,True,,False,legal_forward,888162704,,False,888162704,secondary,17.228,False
東京→渋谷,25,35.6598,139.72435,122928192,residential,,,,,,True,,False,out_of_scope_axis_misaligned,122928192,,False,122928192,residential,2.224,False
東京→渋谷,26,35.65943,139.72214,261065068,secondary,,,yes,,,True,,False,legal_forward,755562443,,False,261065068,secondary,8.67,False
東京→渋谷,27,35.65924,139.72,755562444,footway,,,,,,False,highway=footway,False,out_of_scope_no_oneway,261065068,,False,261065068,secondary,7.256,False
東京→渋谷,28,35.65925,139.71909,935686680,secondary,,,yes,,,True,,False,legal_forward,682312821,,False,935686680,secondary,2.926,False
東京→渋谷,29,35.65894,139.71543,775539561,secondary,,,yes,,,True,,False,legal_forward,203832853,,False,775539561,secondary,2.139,False
東京→渋谷,30,35.65862,139.71248,922476289,secondary,,,yes,,,True,,False,legal_forward,350053191,,False,922476289,secondary,3.713,False
東京→渋谷,31,35.65823,139.70837,141293470,tertiary,,,,,,True,,False,out_of_scope_no_oneway,141293470,,False,141293470,tertiary,0.546,False
東京→渋谷,32,35.65811,139.70618,284075894,secondary,,,yes,,,True,,False,legal_forward,622021127,,False,284075894,secondary,4.717,False
東京→渋谷,33,35.65805,139.70434,852978896,secondary,,,yes,,,True,,False,legal_forward,853216379,,False,852978896,secondary,0.407,False
東京→渋谷,34,35.65792,139.70353,680253718,pedestrian,,,,,,False,highway=pedestrian,False,out_of_scope_no_oneway,680253718,,False,172125347,trunk,3.105,False
品川→東京,0,35.62877,139.74184,680899281,unclassified,,,yes,,,True,,False,out_of_scope_axis_misaligned,680899281,,False,680899281,unclassified,11.13,False
品川→東京,1,35.6289,139.74222,172281628,unclassified,,,yes,,,True,,False,legal_forward,172281627,,False,172281628,unclassified,13.093,False
品川→東京,2,35.62903,139.74278,172281627,footway,,,,,,False,highway=footway,False,out_of_scope_no_oneway,23690216,A,True,23690216,unclassified,15.66,False
品川→東京,3,35.62949,139.74285,172281624,unclassified,,,,,,True,,False,out_of_scope_no_oneway,172281624,,False,172281624,unclassified,0.834,False
品川→東京,4,35.62945,139.74351,265010603,tertiary,,,yes,,,True,,False,legal_forward,265010603,,False,265010603,tertiary,7.837,False
品川→東京,5,35.63012,139.74357,558518250,pedestrian,,,,,,False,highway=pedestrian,False,out_of_scope_no_oneway,558518250,,False,265010600,unclassified,15.518,False
品川→東京,6,35.63051,139.74365,558518250,pedestrian,,,,,,False,highway=pedestrian,False,out_of_scope_no_oneway,558518250,,False,265010600,unclassified,55.485,False
品川→東京,7,35.63065,139.74447,558518249,pedestrian,,,,,,False,highway=pedestrian,False,out_of_scope_no_oneway,558518249,,False,356912946,primary,79.467,False
品川→東京,8,35.6314,139.74456,558518249,pedestrian,,,,,,False,highway=pedestrian,False,out_of_scope_no_oneway,558518249,,False,356912946,primary,19.562,False
品川→東京,9,35.63145,139.74498,1450174835,footway,,,,,,False,highway=footway,False,out_of_scope_axis_misaligned,1450174835,,False,356912946,primary,24.852,False
品川→東京,10,35.63329,139.74537,230895574,primary,,,yes,,,True,,False,legal_forward,230895574,,False,230895574,primary,8.933,False
品川→東京,11,35.63741,139.74669,211690605,primary,,,yes,,,True,,False,legal_forward,19247435,,False,211690605,primary,1.594,False
品川→東京,12,35.63939,139.74728,211690605,primary,,,yes,,,True,,False,legal_forward,155010048,,False,211690605,primary,0.314,False
品川→東京,13,35.64115,139.74788,23690234,tertiary,,,,,,True,,False,out_of_scope_no_oneway,23690234,,False,23690234,tertiary,3.709,False
品川→東京,14,35.64181,139.7482,176674159,secondary,,,yes,,,True,,False,legal_forward,4848884,,False,176674159,secondary,0.791,False
品川→東京,15,35.64294,139.75077,59973392,tertiary,,,,,,True,,False,out_of_scope_axis_misaligned,4848884,,False,59973392,tertiary,0.445,False
品川→東京,16,35.64296,139.75235,421300042,primary,,,yes,,,True,,False,legal_forward,59973382,,False,421300042,primary,2.073,False
品川→東京,17,35.6483,139.75493,1033723439,trunk,,yes,yes,,,True,,False,out_of_scope_axis_misaligned,1033723439,,False,1033723439,trunk,1.814,False
品川→東京,18,35.64862,139.75466,741785139,tertiary_link,,,yes,,,True,,True,violation,741785139,B,True,741785139,tertiary_link,5.018,False
品川→東京,19,35.64911,139.75297,1033723439,trunk,,yes,yes,,,True,,False,legal_forward,147812389,,False,1033723439,trunk,0.497,False
品川→東京,20,35.65107,139.75374,656235283,trunk,,yes,yes,,,True,,False,legal_forward,60544335,,False,656235283,trunk,3.349,False
品川→東京,21,35.66028,139.75507,253812419,trunk,yes,yes,yes,,,True,,False,legal_forward,253812419,,False,253812419,trunk,4.972,False
品川→東京,22,35.6608,139.75546,253812419,trunk,yes,yes,yes,,,True,,False,legal_forward,665351157,,False,253812419,trunk,10.635,False
品川→東京,23,35.66371,139.75792,4848932,trunk,yes,yes,yes,,,True,,False,legal_forward,4848932,,False,4848932,trunk,0.893,False
品川→東京,24,35.66676,139.76034,253812422,trunk,,yes,yes,,,True,,False,legal_forward,253812422,,False,253812422,trunk,0.537,False
品川→東京,25,35.66705,139.76072,667962674,trunk,,yes,yes,,,True,,False,legal_forward,667962675,B,True,667962674,trunk,8.694,False
品川→東京,26,35.66833,139.76194,196380141,trunk,,,yes,,,True,,False,legal_forward,196380141,,False,196380141,trunk,6.042,False
品川→東京,27,35.66991,139.76364,196380141,trunk,,,yes,,,True,,False,legal_forward,191327487,,False,196380141,trunk,2.19,False
品川→東京,28,35.67125,139.76499,1090618166,trunk,,,yes,,,True,,False,legal_forward,669770287,,False,1090618166,trunk,3.424,False
品川→東京,29,35.67476,139.76873,1026056857,trunk,,,yes,,,True,,False,legal_forward,1026056857,,False,1026056857,trunk,2.79,False
品川→東京,30,35.67536,139.76923,40969586,unclassified,,,yes,,,True,,False,out_of_scope_axis_misaligned,40969585,,False,40969586,unclassified,1.457,False
品川→東京,31,35.67616,139.76965,1070720653,trunk,,yes,yes,,,True,,False,out_of_scope_axis_misaligned,23770583,,False,1070720653,trunk,0.081,False
品川→東京,32,35.67721,139.76717,203572465,secondary,,,yes,,,True,,False,out_of_scope_axis_misaligned,23770583,,False,203572465,secondary,2.623,False
品川→東京,33,35.67722,139.76665,676291216,secondary,,,yes,,,True,,False,legal_forward,665316180,,False,676291216,secondary,6.053,False
品川→東京,34,35.67738,139.76579,1485371598,footway,,,,,,False,highway=footway,False,out_of_scope_no_oneway,517127276,,False,1105155928,secondary,0.721,True
品川→東京,35,35.67741,139.76558,1360102103,footway,,,,,,False,highway=footway,False,out_of_scope_no_oneway,1450867348,,False,517127276,secondary,4.187,False
渋谷→六本木,0,35.65792,139.70354,680253718,pedestrian,,,,,,False,highway=pedestrian,False,out_of_scope_no_oneway,680253718,,False,172125347,trunk,3.692,False
渋谷→六本木,1,35.65798,139.7042,664881024,footway,,,,,,False,highway=footway,False,out_of_scope_no_oneway,664881024,,False,172125347,trunk,2.644,False
渋谷→六本木,2,35.65761,139.70435,211402007,service,,,yes,,,True,,False,legal_forward,211402007,,False,211402007,service,32.656,False
渋谷→六本木,3,35.6575,139.70475,611222110,unclassified,,,yes,,,True,,False,legal_forward,211286456,,False,611222110,unclassified,0.837,False
渋谷→六本木,4,35.65751,139.70557,611222110,unclassified,,,yes,,,True,,False,legal_forward,611222110,,False,611222110,unclassified,47.841,False
渋谷→六本木,5,35.65728,139.70615,611222110,unclassified,,,yes,,,True,,False,legal_forward,611222110,,False,611222110,unclassified,7.42,False
渋谷→六本木,6,35.65718,139.70693,141293460,tertiary,,,,,,True,,False,out_of_scope_no_oneway,141293467,,False,141293460,tertiary,0.758,False
渋谷→六本木,7,35.65682,139.70752,141293470,tertiary,,,,,,True,,False,out_of_scope_no_oneway,141293460,,False,141293470,tertiary,1.185,False
渋谷→六本木,8,35.6585,139.70853,852978900,secondary,,,yes,,,True,,False,legal_forward,852978900,,False,852978900,secondary,1.303,False
渋谷→六本木,9,35.65956,139.71978,934924985,secondary,,,yes,,,True,,False,legal_forward,185745188,,False,934924985,secondary,3.924,False
渋谷→六本木,10,35.65969,139.72083,934924985,secondary,,,yes,,,True,,False,legal_forward,139972196,,False,934924985,secondary,7.85,False
渋谷→六本木,11,35.65973,139.72263,934924985,secondary,,,yes,,,True,,False,legal_forward,934924985,,False,934924985,secondary,3.164,False
渋谷→六本木,12,35.66005,139.72437,852789786,secondary,,,yes,,,True,,False,legal_forward,628330002,,False,852789786,secondary,1.595,False
渋谷→六本木,13,35.66146,139.72831,888162707,secondary,,,yes,,,True,,False,legal_forward,261065069,,False,888162707,secondary,0.845,False
渋谷→六本木,14,35.6621,139.72956,271979242,secondary,,,yes,,,True,,False,legal_forward,271979242,,False,271979242,secondary,2.229,False
渋谷→六本木,15,35.66324,139.73207,927004531,secondary,,,yes,,,True,,False,legal_forward,693373502,,False,927004531,secondary,7.882,False
下北沢→三軒茶屋,0,35.66155,139.66772,41949455,unclassified,,,yes,,,True,,False,out_of_scope_axis_misaligned,41949455,,False,41949455,unclassified,134.507,False
下北沢→三軒茶屋,1,35.66121,139.66946,31824941,tertiary,,,,,,True,,False,out_of_scope_axis_misaligned,31824941,,False,31824941,tertiary,128.321,False
下北沢→三軒茶屋,2,35.66018,139.66883,31824941,tertiary,,,,,,True,,False,out_of_scope_no_oneway,31824941,,False,31824941,tertiary,0.241,False
下北沢→三軒茶屋,3,35.65847,139.66828,31824941,tertiary,,,,,,True,,False,out_of_scope_no_oneway,31824941,,False,31824941,tertiary,66.796,False
下北沢→三軒茶屋,4,35.65767,139.66775,1455713691,tertiary,,,,,,True,,False,out_of_scope_no_oneway,31824941,,False,1455713691,tertiary,1.756,False
下北沢→三軒茶屋,5,35.65602,139.66749,1455713691,tertiary,,,,,,True,,False,out_of_scope_no_oneway,32623898,,False,1455713691,tertiary,1.652,False
下北沢→三軒茶屋,6,35.65539,139.66749,32623771,unclassified,,,,,,True,,False,out_of_scope_axis_misaligned,32623771,,False,32623771,unclassified,0.09,False
下北沢→三軒茶屋,7,35.65502,139.66727,1455713691,tertiary,,,,,,True,,False,out_of_scope_no_oneway,1455713691,,False,1455713691,tertiary,39.054,False
下北沢→三軒茶屋,8,35.65433,139.6672,174526353,tertiary,,,,,,True,,False,out_of_scope_no_oneway,1455626148,,False,174526353,tertiary,2.789,False
下北沢→三軒茶屋,9,35.65305,139.66719,174526353,tertiary,,,,,,True,,False,out_of_scope_no_oneway,48728743,,False,174526353,tertiary,0.178,False
下北沢→三軒茶屋,10,35.65086,139.66731,174526353,tertiary,,,,,,True,,False,out_of_scope_no_oneway,174526353,,False,174526353,tertiary,0.242,False
下北沢→三軒茶屋,11,35.64963,139.66772,900818661,tertiary,,,,,,True,,False,out_of_scope_no_oneway,1245239907,,False,900818661,tertiary,17.016,False
下北沢→三軒茶屋,12,35.64551,139.67034,26950358,tertiary,yes,,,,,True,,False,out_of_scope_no_oneway,26950358,,False,26950358,tertiary,0.362,False
下北沢→三軒茶屋,13,35.6436,139.67107,1034261843,primary,,,,,,True,,False,out_of_scope_axis_misaligned,261193601,,False,1034261843,primary,0.549,False
下北沢→三軒茶屋,14,35.64365,139.67116,1034261845,trunk,,yes,yes,,,True,,False,out_of_scope_axis_misaligned,252731098,,False,1034261845,trunk,0.852,False
高円寺→中野,0,35.70566,139.65054,328155326,tertiary,,,,,,True,,False,out_of_scope_no_oneway,193752446,,False,328155326,tertiary,1.309,False
高円寺→中野,1,35.70553,139.65197,177661137,residential,,,yes,no,,True,,False,out_of_scope_axis_misaligned,75889835,,False,177661137,residential,1.026,False
高円寺→中野,2,35.70567,139.65762,107538703,unclassified,,,,,,True,,False,out_of_scope_no_oneway,60433913,,False,107538703,unclassified,2.047,False
高円寺→中野,3,35.70544,139.65818,223300003,unclassified,,,,,,True,,False,out_of_scope_axis_misaligned,62263412,,False,223300003,unclassified,0.205,False
高円寺→中野,4,35.7055,139.66049,62263412,unclassified,,,yes,no,,True,,False,legal_bicycle_exempt,49175544,,False,62263412,unclassified,41.531,False
高円寺→中野,5,35.70549,139.66169,49175544,unclassified,,,,,,True,,False,out_of_scope_no_oneway,49175544,,False,49175544,unclassified,12.944,False
高円寺→中野,6,35.70544,139.66273,49175544,unclassified,,,,,,True,,False,out_of_scope_no_oneway,49175544,,False,49175544,unclassified,2.72,False
高円寺→中野,7,35.70545,139.66424,49175544,unclassified,,,,,,True,,False,out_of_scope_no_oneway,49175544,,False,49175544,unclassified,1.553,False
高円寺→中野,8,35.70544,139.66536,948945646,unclassified,,,,,,True,,False,out_of_scope_no_oneway,1092867993,,False,948945646,unclassified,3.35,False
高円寺→中野,9,35.70613,139.66535,687171297,secondary,,,,,,True,,False,out_of_scope_no_oneway,676591001,,False,687171297,secondary,0.137,False
荻窪→阿佐ヶ谷,0,35.70425,139.62101,131838513,tertiary,,,yes,no,,True,,False,legal_bicycle_exempt,1073928340,,False,131838513,tertiary,17.652,False
荻窪→阿佐ヶ谷,1,35.70435,139.62172,131838512,tertiary,,,yes,no,,True,,False,legal_bicycle_exempt,131838512,,False,131838512,tertiary,5.926,False
荻窪→阿佐ヶ谷,2,35.70437,139.62238,1071007332,tertiary,,,yes,no,,True,,False,legal_bicycle_exempt,39816294,,False,1071007332,tertiary,0.502,False
荻窪→阿佐ヶ谷,3,35.7044,139.62297,80832757,tertiary,,,,,,True,,False,out_of_scope_no_oneway,80832757,,False,80832757,tertiary,50.764,False
荻窪→阿佐ヶ谷,4,35.70354,139.62639,1352004080,tertiary,,,,,,True,,False,out_of_scope_no_oneway,566652201,,False,1352004080,tertiary,2.76,False
荻窪→阿佐ヶ谷,5,35.70328,139.62749,168918384,primary,,,yes,no,,True,,False,legal_bicycle_exempt,80833412,,False,168918384,primary,0.458,False
荻窪→阿佐ヶ谷,6,35.70383,139.62758,80833688,residential,,,,,,True,,False,out_of_scope_no_oneway,80833412,,False,80833688,residential,1.276,False
荻窪→阿佐ヶ谷,7,35.70368,139.62866,80834023,unclassified,,,,,,True,,False,out_of_scope_axis_misaligned,80833767,,False,80834023,unclassified,0.037,False
荻窪→阿佐ヶ谷,8,35.7038,139.6305,80835345,residential,,,,,,True,,False,out_of_scope_no_oneway,80835345,,False,80835345,residential,14.576,False
荻窪→阿佐ヶ谷,9,35.7037,139.63123,80835345,residential,,,,,,True,,False,out_of_scope_no_oneway,80835231,,False,80835345,residential,1.131,False
荻窪→阿佐ヶ谷,10,35.70401,139.63283,80835360,residential,,,yes,,,True,,True,violation,80835359,,False,80835360,residential,1.598,False
荻窪→阿佐ヶ谷,11,35.70462,139.63456,87704269,residential,,,yes,no,,True,,False,out_of_scope_axis_misaligned,80835360,A,True,87704269,residential,1.746,False
荻窪→阿佐ヶ谷,12,35.70456,139.635,194848488,service,,,,,,True,,False,out_of_scope_no_oneway,194848475,,False,194848488,service,1.037,False
荻窪→阿佐ヶ谷,13,35.7047,139.63559,87703816,residential,,,,,,True,,False,out_of_scope_axis_misaligned,87703816,,False,87703816,residential,0.95,False
自由が丘→等々力,0,35.60767,139.66856,287033954,unclassified,,,yes,,,True,,False,out_of_scope_axis_misaligned,287033954,,False,287033954,unclassified,6.211,False
自由が丘→等々力,1,35.60656,139.6681,25533292,unclassified,,,yes,,,True,,False,legal_forward,25533292,,False,25533292,unclassified,0.156,False
自由が丘→等々力,2,35.60661,139.66757,350353685,service,,,yes,,,True,,True,violation,350353685,A,True,350353685,service,6.967,False
自由が丘→等々力,3,35.60616,139.66722,1337624814,residential,,,,,,True,,False,out_of_scope_no_oneway,55047413,,False,1337624814,residential,1.069,False
自由が丘→等々力,4,35.60643,139.66625,1337624814,residential,,,,,,True,,False,out_of_scope_no_oneway,48678504,,False,1337624814,residential,0.177,False
自由が丘→等々力,5,35.60601,139.66498,48903694,residential,,,,,,True,,False,out_of_scope_no_oneway,48678504,,False,48903694,residential,0.883,False
自由が丘→等々力,6,35.60546,139.66304,1337624815,service,,,,,,True,,False,out_of_scope_no_oneway,295477986,,False,1337624815,service,1.261,False
自由が丘→等々力,7,35.60861,139.6495,59266136,tertiary,,,,,,True,,False,out_of_scope_no_oneway,28980185,,False,59266136,tertiary,1.187,False
自由が丘→等々力,8,35.60826,139.64885,47483021,footway,,,,,,False,highway=footway,False,out_of_scope_no_oneway,47483021,,False,190122593,residential,24.164,False
自由が丘→等々力,9,35.60857,139.64751,47483021,footway,,,,,,False,highway=footway,False,out_of_scope_no_oneway,47483021,,False,190122593,residential,24.164,False
浦和→さいたま新都心,0,35.85878,139.65799,916790137,tertiary,,,yes,,,True,,False,out_of_scope_axis_misaligned,916790137,,False,916790137,tertiary,4.962,False
浦和→さいたま新都心,1,35.85906,139.65813,1444864905,tertiary,,,yes,,,True,,False,out_of_scope_axis_misaligned,325347768,A,True,1444864905,tertiary,0.505,False
浦和→さいたま新都心,2,35.85991,139.6569,325347769,unclassified,,,yes,no,,True,,False,legal_bicycle_exempt,155587099,,False,325347769,unclassified,0.701,False
浦和→さいたま新都心,3,35.86051,139.65648,299401402,unclassified,,,,,,True,,False,out_of_scope_no_oneway,299401402,,False,299401402,unclassified,25.784,False
浦和→さいたま新都心,4,35.86101,139.65633,299401402,unclassified,,,,,,True,,False,out_of_scope_no_oneway,299401402,,False,299401402,unclassified,42.935,False
浦和→さいたま新都心,5,35.86137,139.65614,771672190,residential,,,,,,True,,False,out_of_scope_axis_misaligned,299401402,,False,771672190,residential,1.154,False
浦和→さいたま新都心,6,35.86593,139.65308,100148369,tertiary,,,,,,True,,False,out_of_scope_no_oneway,100148369,,False,100148369,tertiary,0.163,False
浦和→さいたま新都心,7,35.86644,139.65293,1263030291,unclassified,,,,,,True,,False,out_of_scope_no_oneway,100148369,,False,1263030291,unclassified,0.123,False
浦和→さいたま新都心,8,35.86665,139.65262,1378604847,footway,,,,,,False,highway=footway,False,out_of_scope_no_oneway,1378633397,,False,34062541,trunk,3.439,False
浦和→さいたま新都心,9,35.86766,139.6515,100148347,unclassified,,,,,,True,,False,out_of_scope_no_oneway,100148347,,False,100148347,unclassified,1.356,False
浦和→さいたま新都心,10,35.86815,139.6512,100148347,unclassified,,,,,,True,,False,out_of_scope_no_oneway,100148347,,False,100148347,unclassified,16.027,False
浦和→さいたま新都心,11,35.86828,139.65085,771672193,service,,,,,,True,,False,out_of_scope_axis_misaligned,100400218,,False,771672193,service,2.542,False
浦和→さいたま新都心,12,35.87001,139.64949,100400218,residential,,,,,,True,,False,out_of_scope_no_oneway,100400218,,False,100400218,residential,1.129,False
浦和→さいたま新都心,13,35.86979,139.64907,312590910,primary,,,no,,,True,,False,out_of_scope_no_oneway,312590910,,False,312590910,primary,0.825,False
浦和→さいたま新都心,14,35.87263,139.64713,484454198,footway,,,,,,False,highway=footway,False,out_of_scope_no_oneway,207813769,,False,906817331,primary,1.925,False
浦和→さいたま新都心,15,35.87646,139.64517,323017083,secondary,yes,,no,,shared_lane,True,,False,out_of_scope_no_oneway,99170884,,False,323017083,secondary,2.047,False
浦和→さいたま新都心,16,35.88068,139.64305,323017083,secondary,yes,,no,,shared_lane,True,,False,out_of_scope_no_oneway,1429902657,,False,323017083,secondary,5.031,False
浦和→さいたま新都心,17,35.88224,139.64189,1429907953,footway,yes,,,,,True,,False,out_of_scope_no_oneway,99170594,,False,1429907953,footway,2.671,False
浦和→さいたま新都心,18,35.88749,139.63856,1393674973,secondary,designated,,,,lane,True,,False,out_of_scope_no_oneway,1393674973,,False,1393674973,secondary,16.377,False
浦和→さいたま新都心,19,35.89348,139.63469,1393674972,secondary,,,,,,True,,False,out_of_scope_no_oneway,200913405,,False,1393674972,secondary,3.575,False
浦和→さいたま新都心,20,35.89411,139.63417,285614711,pedestrian,,,,,,False,highway=pedestrian,False,out_of_scope_axis_misaligned,770927661,,False,1393674972,secondary,62.347,False
吉祥寺→三鷹,0,35.70293,139.57722,1253983170,secondary,,,,,,True,,False,out_of_scope_axis_misaligned,31887269,,False,1253983170,secondary,0.063,False
吉祥寺→三鷹,1,35.70566,139.56803,145130502,tertiary,,,,,,True,,False,out_of_scope_axis_misaligned,145130502,,False,145130502,tertiary,0.095,False
吉祥寺→三鷹,2,35.70369,139.56694,145130484,tertiary,,,,,,True,,False,out_of_scope_no_oneway,33036424,,False,145130484,tertiary,0.485,False
吉祥寺→三鷹,3,35.70352,139.56092,1527420839,service,,,yes,,,True,,False,out_of_scope_axis_misaligned,37586056,,False,1527420839,service,2.303,False
吉祥寺→三鷹,4,35.70333,139.56089,1527420839,service,,,yes,,,True,,False,out_of_scope_axis_misaligned,1527420839,,False,1527420839,service,0.392,False
立川→国分寺,0,35.69665,139.4128,853388885,tertiary,,,yes,,,True,,True,violation,853388885,C,True,853388885,tertiary,12.711,False
立川→国分寺,1,35.69566,139.41228,742524875,tertiary,,,yes,,,True,,False,out_of_scope_axis_misaligned,742524875,,False,742524875,tertiary,0.867,False
立川→国分寺,2,35.69174,139.42325,81601827,unclassified,,,yes,,,True,,False,out_of_scope_axis_misaligned,81601827,,False,81601827,unclassified,2.299,False
立川→国分寺,3,35.69153,139.42453,1429406683,tertiary,,,yes,,lane,True,,True,violation,1429406683,B,True,1429406683,tertiary,4.086,False
立川→国分寺,4,35.69157,139.4252,138427587,tertiary,,,yes,,lane,True,,False,legal_forward,138427587,,False,138427587,tertiary,7.747,False
立川→国分寺,5,35.6915,139.42711,138427588,tertiary,,,yes,,lane,True,,False,legal_forward,138427588,,False,138427588,tertiary,8.334,False
立川→国分寺,6,35.69124,139.42831,81601830,tertiary,,,,,,True,,False,out_of_scope_axis_misaligned,77067799,,False,81601830,tertiary,3.171,False
立川→国分寺,7,35.69027,139.43143,81848141,tertiary,,,,,,True,,False,out_of_scope_no_oneway,81848101,,False,81848141,tertiary,0.988,False
立川→国分寺,8,35.69016,139.43212,81848141,tertiary,,,,,,True,,False,out_of_scope_no_oneway,81848141,,False,81848141,tertiary,58.962,False
立川→国分寺,9,35.69022,139.43395,81848141,tertiary,,,,,,True,,False,out_of_scope_no_oneway,81848109,,False,81848141,tertiary,0.835,False
立川→国分寺,10,35.69165,139.43391,84272034,tertiary,,,,,,True,,False,out_of_scope_axis_misaligned,84271997,,False,84272034,tertiary,0.002,False
立川→国分寺,11,35.69184,139.43967,84271997,residential,,,yes,,,True,,False,legal_forward,84271997,,False,84271997,residential,0.278,False
立川→国分寺,12,35.69114,139.4397,237757473,service,,,,,,True,,False,out_of_scope_axis_misaligned,84271985,,False,237757473,service,0.659,False
立川→国分寺,13,35.69135,139.44677,135230359,footway,,,,,,False,highway=footway,False,out_of_scope_axis_misaligned,84271957,,False,84271957,residential,11.788,False
立川→国分寺,14,35.69205,139.44675,84271956,residential,,,,,,True,,False,out_of_scope_no_oneway,84271956,,False,84271956,residential,10.966,False
立川→国分寺,15,35.69359,139.44711,53348166,residential,,,yes,,,True,,False,legal_forward,53348166,,False,53348166,residential,10.91,False
立川→国分寺,16,35.69382,139.45489,172480046,residential,,,yes,,,True,,False,legal_forward,86478865,,False,172480046,residential,0.216,False
立川→国分寺,17,35.69437,139.45488,84271954,secondary,,,,,,True,,False,out_of_scope_no_oneway,84271954,,False,84271954,secondary,0.114,False
立川→国分寺,18,35.69447,139.45796,728187456,secondary,,,,,,True,,False,out_of_scope_no_oneway,454008763,,False,728187456,secondary,8.575,False
立川→国分寺,19,35.69432,139.45997,728187456,secondary,,,,,,True,,False,out_of_scope_no_oneway,184674220,,False,728187456,secondary,3.816,False
立川→国分寺,20,35.69408,139.4623,161965524,secondary,,,,,,True,,False,out_of_scope_no_oneway,161965524,,False,161965524,secondary,3.868,False
立川→国分寺,21,35.69483,139.46397,172480150,secondary,,,,,,True,,False,out_of_scope_no_oneway,86751479,,False,172480150,secondary,1.782,False
立川→国分寺,22,35.69506,139.46456,161954712,secondary,,,,,,True,,False,out_of_scope_no_oneway,161954712,,False,161954712,secondary,16.101,False
立川→国分寺,23,35.69541,139.46619,161954672,secondary,,,,,,True,,False,out_of_scope_no_oneway,86751499,,False,161954672,secondary,0.608,False
立川→国分寺,24,35.69604,139.4692,1346808669,tertiary,,,,,,True,,False,out_of_scope_axis_misaligned,28919945,,False,1346808669,tertiary,0.168,False
立川→国分寺,25,35.69628,139.47058,1427049474,secondary,,,,,,True,,False,out_of_scope_no_oneway,1427049474,,False,1427049474,secondary,120.24,False
立川→国分寺,26,35.69655,139.47463,161954707,secondary,,,,,,True,,False,out_of_scope_no_oneway,161954707,,False,161954707,secondary,9.975,False
立川→国分寺,27,35.69646,139.47531,161954707,secondary,,,,,,True,,False,out_of_scope_no_oneway,161954707,,False,161954707,secondary,6.704,False
立川→国分寺,28,35.69662,139.47615,258865968,residential,,,,,,True,,False,out_of_scope_no_oneway,161954707,,False,258865968,residential,1.479,False
立川→国分寺,29,35.69728,139.47745,161954368,residential,,,,,,True,,False,out_of_scope_no_oneway,161954368,,False,161954368,residential,0.487,False
立川→国分寺,30,35.69796,139.47823,1427049470,secondary,,,,,,True,,False,out_of_scope_no_oneway,28850943,,False,1427049470,secondary,2.591,False
立川→国分寺,31,35.69856,139.4793,161953646,unclassified,,,,,,True,,False,out_of_scope_no_oneway,161953646,,False,161953646,unclassified,0.837,False
立川→国分寺,32,35.69924,139.48017,1427049470,secondary,,,,,,True,,False,out_of_scope_no_oneway,1427049470,,False,1427049470,secondary,1.338,False
立川→国分寺,33,35.69941,139.48015,1427049472,tertiary,,,,,,True,,False,out_of_scope_no_oneway,1427049472,,False,1427049472,tertiary,17.942,False
横浜→みなとみらい,0,35.46478,139.62296,548992507,service,,,,,,True,,False,out_of_scope_no_oneway,542886819,,False,548992507,service,6.083,False
横浜→みなとみらい,1,35.46414,139.62264,28413948,unclassified,,,yes,,,True,,True,violation,28413948,C,True,28413948,unclassified,41.779,False
横浜→みなとみらい,2,35.46358,139.62261,28413948,unclassified,,,yes,,,True,,True,violation,28413948,C,True,28413948,unclassified,11.343,False
横浜→みなとみらい,3,35.46312,139.62246,32463172,tertiary,,,,,,True,,False,out_of_scope_axis_misaligned,26643010,,False,32463172,tertiary,0.889,False
横浜→みなとみらい,4,35.46206,139.62276,111656069,tertiary,,,,,,True,,False,out_of_scope_axis_misaligned,26643010,,False,111656069,tertiary,0.385,False
横浜→みなとみらい,5,35.46104,139.6231,26643010,tertiary,,,,,,True,,False,out_of_scope_no_oneway,26643010,,False,26643010,tertiary,1.883,False
横浜→みなとみらい,6,35.46059,139.62348,26643010,tertiary,,,,,,True,,False,out_of_scope_no_oneway,26643010,,False,26643010,tertiary,15.401,False
横浜→みなとみらい,7,35.4606,139.62411,1298550088,tertiary,,,yes,,,True,,False,legal_forward,38913182,,False,1298550088,tertiary,4.332,False
横浜→みなとみらい,8,35.46044,139.62529,306336243,tertiary,,,yes,,,True,,False,legal_forward,452383849,,False,306336243,tertiary,10.281,False
横浜→みなとみらい,9,35.4606,139.62651,306336254,tertiary,,,yes,,,True,,False,out_of_scope_axis_misaligned,25758158,,False,306336254,tertiary,0.17,False
横浜→みなとみらい,10,35.46117,139.62985,25944286,tertiary,,,yes,,,True,,False,legal_forward,25944240,,False,25944286,tertiary,1.359,False
横浜→みなとみらい,11,35.45889,139.63163,36348141,tertiary,,,yes,,,True,,False,legal_forward,36348141,,False,36348141,tertiary,6.559,False
川崎→武蔵小杉,0,35.53185,139.69658,153006969,tertiary,,,,,,True,,False,out_of_scope_no_oneway,153006969,,False,153006969,tertiary,10.812,False
川崎→武蔵小杉,1,35.53373,139.69954,674147586,pedestrian,,,,,,False,highway=pedestrian,False,out_of_scope_axis_misaligned,205715352,,False,205715297,cycleway,1.903,False
川崎→武蔵小杉,2,35.53618,139.70223,1295585359,footway,,,,,,False,highway=footway,False,out_of_scope_axis_misaligned,1295585359,,False,262825873,tertiary,4.222,False
川崎→武蔵小杉,3,35.53827,139.698,1226423529,trunk,,yes,yes,,,True,,False,legal_forward,1226423529,,False,1226423529,trunk,6.821,False
川崎→武蔵小杉,4,35.54013,139.69686,989951075,trunk,,yes,yes,,,True,,False,legal_forward,989951075,,False,989951075,trunk,4.789,False
川崎→武蔵小杉,5,35.54306,139.69367,992241606,trunk,,yes,yes,,,True,,True,violation,263456981,,False,992241606,trunk,1.577,False
川崎→武蔵小杉,6,35.54401,139.69123,387787695,footway,,,,,,False,highway=footway,False,out_of_scope_no_oneway,263456981,,False,991711775,trunk,1.753,False
川崎→武蔵小杉,7,35.54646,139.68509,991020675,trunk,designated,yes,yes,,,True,,False,legal_forward,991020675,,False,991020675,trunk,1.778,False
川崎→武蔵小杉,8,35.54939,139.68217,1451926119,footway,,,,,,False,highway=footway,False,out_of_scope_no_oneway,991020675,,False,991020675,trunk,7.422,False
川崎→武蔵小杉,9,35.55289,139.67992,27639367,trunk,,yes,,,,True,,False,out_of_scope_no_oneway,27639367,,False,27639367,trunk,10.635,False
川崎→武蔵小杉,10,35.55431,139.67884,31875063,tertiary,,,yes,,,True,,False,legal_forward,31875063,,False,31875063,tertiary,3.795,False
川崎→武蔵小杉,11,35.55607,139.67756,31875063,tertiary,,,yes,,,True,,False,legal_forward,263457845,B,True,31875063,tertiary,8.822,False
川崎→武蔵小杉,12,35.55828,139.67599,932751006,tertiary,,,yes,,,True,,False,legal_forward,37712600,,False,932751006,tertiary,2.494,False
川崎→武蔵小杉,13,35.56025,139.67457,932751006,tertiary,,,yes,,,True,,False,legal_forward,932751006,,False,932751006,tertiary,5.101,False
川崎→武蔵小杉,14,35.56317,139.67255,294664333,tertiary,,,yes,,,True,,False,legal_forward,159367393,,False,294664333,tertiary,2.342,False
川崎→武蔵小杉,15,35.56546,139.671,294664333,tertiary,,,yes,,,True,,False,legal_forward,294664333,,False,294664333,tertiary,1.034,False
川崎→武蔵小杉,16,35.56923,139.66995,294664333,tertiary,,,yes,,,True,,False,legal_forward,123451443,,False,294664333,tertiary,2.162,False
川崎→武蔵小杉,17,35.56968,139.66943,159368010,service,,,,,,True,,False,out_of_scope_no_oneway,159368010,,False,159368010,service,36.351,False
川崎→武蔵小杉,18,35.56992,139.66859,159368010,service,,,,,,True,,False,out_of_scope_no_oneway,680507396,,False,159368010,service,0.497,False
川崎→武蔵小杉,19,35.57003,139.66775,561778848,path,,,,,,False,highway=path,False,out_of_scope_no_oneway,561778848,,False,267964155,service,1.108,True
川崎→武蔵小杉,20,35.57043,139.66777,812902514,path,,,,,,False,highway=path,False,out_of_scope_no_oneway,812902514,,False,123451445,service,0.0,True
川崎→武蔵小杉,21,35.57216,139.66722,812902514,path,,,,,,False,highway=path,False,out_of_scope_no_oneway,812902514,,False,267954376,service,25.441,False
川崎→武蔵小杉,22,35.57252,139.66695,123458564,unclassified,,private,,,,False,access=private,False,out_of_scope_no_oneway,123458564,,False,267954376,service,30.73,False
川崎→武蔵小杉,23,35.57273,139.66661,123458564,unclassified,,private,,,,False,access=private,False,out_of_scope_no_oneway,123458564,,False,267954376,service,41.734,False
川崎→武蔵小杉,24,35.57323,139.66647,123458564,unclassified,,private,,,,False,access=private,False,out_of_scope_axis_misaligned,31990106,,False,1034802251,tertiary,0.674,False
川崎→武蔵小杉,25,35.57325,139.66392,31990106,tertiary,,,,,,True,,False,out_of_scope_no_oneway,267975548,,False,31990106,tertiary,4.402,False
川崎→武蔵小杉,26,35.57318,139.66348,932277458,tertiary,,,,,,True,,False,out_of_scope_no_oneway,267954378,,False,932277458,tertiary,17.224,False
川崎→武蔵小杉,27,35.57323,139.66325,570317028,unclassified,,,yes,,,True,,False,out_of_scope_axis_misaligned,570317028,,False,570317028,unclassified,1.408,False
千葉→幕張本郷,0,35.61359,140.11442,702077871,tertiary,,,,,,True,,False,out_of_scope_no_oneway,350247461,,False,702077871,tertiary,54.255,False
千葉→幕張本郷,1,35.61346,140.11503,702077871,tertiary,,,,,,True,,False,out_of_scope_no_oneway,233565187,,False,702077871,tertiary,0.154,False
千葉→幕張本郷,2,35.61351,140.11567,702077871,tertiary,,,,,,True,,False,out_of_scope_no_oneway,702077871,,False,702077871,tertiary,56.499,False
千葉→幕張本郷,3,35.6138,140.11625,702077871,tertiary,,,,,,True,,False,out_of_scope_no_oneway,144846303,,False,702077871,tertiary,4.095,False
千葉→幕張本郷,4,35.61437,140.117,702077871,tertiary,,,,,,True,,False,out_of_scope_no_oneway,144846307,,False,702077871,tertiary,3.573,False
千葉→幕張本郷,5,35.61486,140.11788,233583368,footway,,,,,,False,highway=footway,False,out_of_scope_no_oneway,181993578,,False,144785471,tertiary_link,4.018,False
千葉→幕張本郷,6,35.61519,140.11818,233583368,footway,,,,,,False,highway=footway,False,out_of_scope_no_oneway,233583368,,False,144785471,tertiary_link,3.324,False
千葉→幕張本郷,7,35.61556,140.11828,144785471,tertiary_link,,,yes,,,True,,False,legal_forward,144785471,,False,144785471,tertiary_link,6.062,False
千葉→幕張本郷,8,35.61591,140.11836,144785430,tertiary,,,yes,,,True,,False,legal_forward,144785430,,False,144785430,tertiary,1.551,False
千葉→幕張本郷,9,35.61662,140.11842,144785464,tertiary,,,,,,True,,False,out_of_scope_no_oneway,23053071,,False,144785464,tertiary,4.569,False
千葉→幕張本郷,10,35.61834,140.11839,144785464,tertiary,,,,,,True,,False,out_of_scope_no_oneway,144785464,,False,144785464,tertiary,53.523,False
千葉→幕張本郷,11,35.61896,140.11822,144785464,tertiary,,,,,,True,,False,out_of_scope_no_oneway,1083937781,,False,144785464,tertiary,23.708,False
千葉→幕張本郷,12,35.61954,140.11793,144785464,tertiary,,,,,,True,,False,out_of_scope_no_oneway,144785464,,False,144785464,tertiary,17.279,False
千葉→幕張本郷,13,35.62083,140.11715,103755119,tertiary,,,,,,True,,False,out_of_scope_no_oneway,103755119,,False,103755119,tertiary,15.223,False
千葉→幕張本郷,14,35.62147,140.11679,172896096,unclassified,,,,,,True,,False,out_of_scope_axis_misaligned,103755119,,False,172896096,unclassified,0.658,False
千葉→幕張本郷,15,35.62368,140.11597,23052404,trunk,,,yes,,,True,,False,legal_forward,23052404,,False,23052404,trunk,3.722,False
千葉→幕張本郷,16,35.62405,140.1158,23052404,trunk,,,yes,,,True,,False,legal_forward,23052404,,False,23052404,trunk,8.989,False
千葉→幕張本郷,17,35.62516,140.1154,23053066,tertiary,,,,,,True,,False,out_of_scope_axis_misaligned,23052404,,False,23053066,tertiary,0.236,False
千葉→幕張本郷,18,35.62607,140.11504,23052404,trunk,,,yes,,,True,,False,legal_forward,23052404,,False,23052404,trunk,7.996,False
千葉→幕張本郷,19,35.62677,140.11468,23052404,trunk,,,yes,,,True,,False,legal_forward,22961575,B,True,23052404,trunk,6.027,False
千葉→幕張本郷,20,35.62823,140.11382,23052404,trunk,,,yes,,,True,,False,legal_forward,23052404,,False,23052404,trunk,0.86,False
千葉→幕張本郷,21,35.63006,140.11312,23052404,trunk,,,yes,,,True,,False,legal_forward,23052404,,False,23052404,trunk,0.518,False
千葉→幕張本郷,22,35.63246,140.11244,23052404,trunk,,,yes,,,True,,False,legal_forward,400848983,,False,23052404,trunk,3.682,False
千葉→幕張本郷,23,35.63407,140.11198,23052404,trunk,,,yes,,,True,,False,legal_forward,23052404,,False,23052404,trunk,7.39,False
千葉→幕張本郷,24,35.6346,140.11174,23052404,trunk,,,yes,,,True,,False,legal_forward,22961575,B,True,23052404,trunk,5.044,False
千葉→幕張本郷,25,35.63547,140.11105,23052404,trunk,,,yes,,,True,,False,legal_forward,23052404,,False,23052404,trunk,6.049,False
千葉→幕張本郷,26,35.63694,140.10934,652775513,trunk,,,yes,,,True,,False,out_of_scope_axis_misaligned,652775513,,False,652775513,trunk,0.283,False
千葉→幕張本郷,27,35.6392,140.10641,176181810,primary,,,,,,True,,False,out_of_scope_no_oneway,176181810,,False,176181810,primary,17.971,False
千葉→幕張本郷,28,35.63957,140.10505,176181803,secondary,,,,,,True,,False,out_of_scope_no_oneway,176181803,,False,176181803,secondary,4.205,False
千葉→幕張本郷,29,35.63962,140.10409,232894835,service,,,,,,True,,False,out_of_scope_axis_misaligned,176181803,,False,232894835,service,0.09,False
千葉→幕張本郷,30,35.63949,140.10172,176181803,secondary,,,,,,True,,False,out_of_scope_no_oneway,176181803,,False,176181803,secondary,0.592,False
千葉→幕張本郷,31,35.6388,140.09682,176181803,secondary,,,,,,True,,False,out_of_scope_no_oneway,144532234,,False,176181803,secondary,4.129,False
千葉→幕張本郷,32,35.63832,140.09347,1545996537,tertiary,,,,,,True,,False,out_of_scope_no_oneway,176181803,,False,1545996537,tertiary,0.672,False
千葉→幕張本郷,33,35.64812,140.08627,22962353,tertiary,,,,,,True,,False,out_of_scope_no_oneway,22962353,,False,22962353,tertiary,8.533,False
千葉→幕張本郷,34,35.64739,140.08533,142225531,footway,,,,,,False,highway=footway,False,out_of_scope_no_oneway,142225531,,False,1545996530,tertiary,45.166,False
千葉→幕張本郷,35,35.64628,140.08398,176443607,residential,,,,,,True,,False,out_of_scope_axis_misaligned,176443607,,False,176443607,residential,6.446,False
千葉→幕張本郷,36,35.64694,140.08385,176443607,residential,,,,,,True,,False,out_of_scope_no_oneway,142268720,,False,176443607,residential,2.317,False
千葉→幕張本郷,37,35.64746,140.08364,142268720,residential,,,,,,True,,False,out_of_scope_no_oneway,142268720,,False,142268720,residential,45.313,False
千葉→幕張本郷,38,35.64794,140.08327,142268720,residential,,,,,,True,,False,out_of_scope_no_oneway,142268720,,False,142268720,residential,15.081,False
千葉→幕張本郷,39,35.64831,140.08289,142268720,residential,,,,,,True,,False,out_of_scope_no_oneway,142268720,,False,142268720,residential,49.763,False
千葉→幕張本郷,40,35.64859,140.0825,1545985649,tertiary,,,,,,True,,False,out_of_scope_axis_misaligned,142268720,,False,1545985649,tertiary,1.004,False
千葉→幕張本郷,41,35.64884,140.08195,762649841,residential,,,,,,True,,False,out_of_scope_axis_misaligned,142268708,,False,762649841,residential,1.226,False
千葉→幕張本郷,42,35.64903,140.08095,142268708,residential,,,,,,True,,False,out_of_scope_no_oneway,142268708,,False,142268708,residential,18.339,False
千葉→幕張本郷,43,35.64894,140.0806,142268702,residential,,,,,,True,,False,out_of_scope_no_oneway,142268702,,False,142268702,residential,16.074,False
千葉→幕張本郷,44,35.64886,140.0796,142268702,residential,,,,,,True,,False,out_of_scope_no_oneway,142268702,,False,142268702,residential,0.462,False
千葉→幕張本郷,45,35.64886,140.07847,142268702,residential,,,,,,True,,False,out_of_scope_no_oneway,142268702,,False,142268702,residential,1.009,False
千葉→幕張本郷,46,35.64915,140.07673,142268688,residential,,,,,,True,,False,out_of_scope_axis_misaligned,142268688,,False,142268688,residential,0.9,False
千葉→幕張本郷,47,35.64964,140.07413,142268692,residential,,,,,,True,,False,out_of_scope_no_oneway,142268692,,False,142268692,residential,1.652,False
千葉→幕張本郷,48,35.65152,140.06937,139813893,unclassified,,,,,,True,,False,out_of_scope_no_oneway,139653293,,False,139813893,unclassified,0.168,False
千葉→幕張本郷,49,35.6522,140.06794,139815679,residential,,,,,,True,,False,out_of_scope_no_oneway,139815669,,False,139815679,residential,0.959,False
千葉→幕張本郷,50,35.65275,140.0663,176913203,footway,,,,,,False,highway=footway,False,out_of_scope_no_oneway,176913203,,False,140120609,residential,34.748,False
千葉→幕張本郷,51,35.65273,140.06544,312441870,footway,,,,,,False,highway=footway,False,out_of_scope_no_oneway,312441870,,False,1410024945,tertiary,13.757,False
千葉→幕張本郷,52,35.65337,140.06542,232975632,unclassified,,,,,,True,,False,out_of_scope_axis_misaligned,232975632,,False,232975632,unclassified,0.942,False
千葉→幕張本郷,53,35.65333,140.06497,232975633,residential,,,,,,True,,False,out_of_scope_no_oneway,232975631,,False,232975633,residential,1.45,False
千葉→幕張本郷,54,35.65338,140.06439,232975633,residential,,,,,,True,,False,out_of_scope_no_oneway,232975633,,False,232975633,residential,6.859,False
千葉→幕張本郷,55,35.65405,140.06395,232975633,residential,,,,,,True,,False,out_of_scope_no_oneway,232975633,,False,232975633,residential,11.407,False
千葉→幕張本郷,56,35.6548,140.06354,354213977,unclassified,,,,,,True,,False,out_of_scope_no_oneway,232975641,,False,354213977,unclassified,0.632,False
千葉→幕張本郷,57,35.6552,140.06362,1328740625,cycleway,designated,,,,,True,,False,out_of_scope_no_oneway,1328740625,,False,1328740625,cycleway,0.177,False
千葉→幕張本郷,58,35.65555,140.06387,1328740627,cycleway,designated,,,,,True,,False,out_of_scope_no_oneway,1328740627,,False,1328740627,cycleway,10.22,False
千葉→幕張本郷,59,35.65605,140.06392,1328740627,cycleway,designated,,,,,True,,False,out_of_scope_no_oneway,1328740627,,False,1328740627,cycleway,31.712,False
千葉→幕張本郷,60,35.65663,140.06335,215847591,track,,,,,,True,,False,out_of_scope_axis_misaligned,140120618,,False,215847591,track,1.225,False
千葉→幕張本郷,61,35.65644,140.06299,140120585,unclassified,,,,,,True,,False,out_of_scope_no_oneway,140120585,,False,140120585,unclassified,17.326,False
千葉→幕張本郷,62,35.65602,140.06282,22762849,unclassified,,,,,,True,,False,out_of_scope_axis_misaligned,22762849,,False,22762849,unclassified,3.128,False
千葉→幕張本郷,63,35.6559,140.06241,219629137,residential,,,,,,True,,False,out_of_scope_no_oneway,219629137,,False,219629137,residential,29.506,False
千葉→幕張本郷,64,35.65594,140.06193,219629137,residential,,,,,,True,,False,out_of_scope_no_oneway,219629137,,False,219629137,residential,10.924,False
千葉→幕張本郷,65,35.65598,140.06121,219629137,residential,,,,,,True,,False,out_of_scope_no_oneway,142222808,,False,219629137,residential,1.754,False
千葉→幕張本郷,66,35.65647,140.06135,142222808,residential,,,,,,True,,False,out_of_scope_axis_misaligned,142222808,,False,142222808,residential,1.204,False
千葉→幕張本郷,67,35.65667,140.06068,173717935,residential,,,,,,True,,False,out_of_scope_axis_misaligned,142222813,,False,173717935,residential,0.019,False
千葉→幕張本郷,68,35.65702,140.06007,372779290,service,,,,,,True,,False,out_of_scope_no_oneway,142222805,,False,372779290,service,0.353,False
千葉→幕張本郷,69,35.65746,140.06003,142222805,service,,,,,,True,,False,out_of_scope_no_oneway,142222805,,False,142222805,service,41.03,False
千葉→幕張本郷,70,35.6576,140.05961,142222805,service,,,,,,True,,False,out_of_scope_no_oneway,142222805,,False,142222805,service,39.39,False
千葉→幕張本郷,71,35.65799,140.05919,312413970,residential,,,yes,,,True,,False,legal_forward,312413970,,False,312413970,residential,3.898,False
千葉→幕張本郷,72,35.65831,140.05851,312413970,residential,,,yes,,,True,,False,legal_forward,142222828,,False,312413970,residential,2.41,False
千葉→幕張本郷,73,35.65842,140.05803,312413970,residential,,,yes,,,True,,False,legal_forward,142222825,,False,312413970,residential,38.114,False
千葉→幕張本郷,74,35.65882,140.05761,142222825,footway,,,,,,False,highway=footway,False,out_of_scope_no_oneway,142222825,,False,312413970,residential,15.764,False
千葉→幕張本郷,75,35.6591,140.05705,142222825,footway,,,,,,False,highway=footway,False,out_of_scope_no_oneway,22763288,,False,22763288,secondary,13.004,False
千葉→幕張本郷,76,35.65934,140.05664,142222817,residential,,,yes,,,True,,True,violation,142222817,A,True,142222817,residential,18.649,False
千葉→幕張本郷,77,35.65988,140.05621,142222832,residential,,,,,,True,,False,out_of_scope_no_oneway,142222832,,False,142222832,residential,36.244,False
千葉→幕張本郷,78,35.66027,140.05599,142222832,residential,,,,,,True,,False,out_of_scope_no_oneway,142222803,,False,142222832,residential,5.475,False
千葉→幕張本郷,79,35.66072,140.05572,142222832,residential,,,,,,True,,False,out_of_scope_no_oneway,142222832,,False,142222832,residential,34.998,False
千葉→幕張本郷,80,35.66103,140.05537,142222832,residential,,,,,,True,,False,out_of_scope_no_oneway,142222832,,False,142222832,residential,0.86,False
千葉→幕張本郷,81,35.66179,140.05488,209024338,residential,,,,,,True,,False,out_of_scope_no_oneway,209024338,,False,209024338,residential,75.688,False
千葉→幕張本郷,82,35.66379,140.05254,194093217,residential,,,,,,True,,False,out_of_scope_no_oneway,194093217,,False,194093217,residential,11.426,False
千葉→幕張本郷,83,35.66385,140.05217,194093231,service,,,,,,True,,False,out_of_scope_no_oneway,194093231,,False,194093231,service,4.809,False
千葉→幕張本郷,84,35.66394,140.05166,194093231,service,,,,,,True,,False,out_of_scope_no_oneway,194093231,,False,194093231,service,0.376,False
千葉→幕張本郷,85,35.6644,140.05169,194093227,residential,,,,,,True,,False,out_of_scope_no_oneway,194093227,,False,194093227,residential,42.777,False
千葉→幕張本郷,86,35.66555,140.05035,194093227,residential,,,,,,True,,False,out_of_scope_no_oneway,151811151,,False,194093227,residential,3.396,False
千葉→幕張本郷,87,35.66588,140.0499,194093227,residential,,,,,,True,,False,out_of_scope_no_oneway,194093227,,False,194093227,residential,30.524,False
千葉→幕張本郷,88,35.66563,140.04937,194093227,residential,,,,,,True,,False,out_of_scope_axis_misaligned,194093227,,False,194093227,residential,22.644,False
千葉→幕張本郷,89,35.66496,140.04776,151811151,residential,,,,,,True,,False,out_of_scope_no_oneway,151808574,,False,151811151,residential,3.597,False
千葉→幕張本郷,90,35.66532,140.0472,151811151,residential,,,,,,True,,False,out_of_scope_axis_misaligned,151811151,,False,151811151,residential,0.968,False
千葉→幕張本郷,91,35.66622,140.04704,208926175,residential,,,,,,True,,False,out_of_scope_axis_misaligned,208926175,,False,208926175,residential,1.367,False
千葉→幕張本郷,92,35.66688,140.04659,208926181,residential,,,,,,True,,False,out_of_scope_axis_misaligned,208926181,,False,208926181,residential,1.238,False
千葉→幕張本郷,93,35.66728,140.04608,141626539,tertiary,,,,,,True,,False,out_of_scope_axis_misaligned,141626539,,False,141626539,tertiary,0.78,False
千葉→幕張本郷,94,35.67089,140.04181,151808598,unclassified,,,,,,True,,False,out_of_scope_axis_misaligned,151808598,,False,151808598,unclassified,0.393,False
千葉→幕張本郷,95,35.67176,140.04293,151808574,unclassified,,,,,,True,,False,out_of_scope_axis_misaligned,151808574,,False,151808574,unclassified,1.685,False
千葉→幕張本郷,96,35.6721,140.04245,151808609,unclassified,,,yes,,,True,,True,violation,151808609,D,True,151808609,unclassified,9.178,False
千葉→幕張本郷,97,35.67235,140.04207,151808575,pedestrian,,,,,,False,highway=pedestrian,False,out_of_scope_no_oneway,151808575,,False,387938699,service,1.565,False
