label,sample_idx,route_idx,lat,lng,candidate_count,rank1_way_id,rank1_highway,rank1_bicycle,rank1_access,rank1_oneway,rank1_name,rank1_dist_m,rank2_way_id,rank2_highway,rank2_bicycle,rank2_access,rank2_oneway,rank2_name,rank2_dist_m,match_margin_m,match_ambiguous_2m,pair_local_angle_deg,pair_shared_node,pair_pattern,filtered_candidate_count,filtered_rank1_way_id,filtered_rank1_highway,filtered_rank1_dist_m,filtered_rank2_way_id,filtered_rank2_highway,filtered_rank2_dist_m,filtered_margin_m,filtered_ambiguous_2m,ambiguity_changed_2m
渋谷→新宿,0,0,35.65957,139.70235,206,664492786,footway,,,,,0.412,534157302,primary,,,yes,明治通り,0.932,0.52,True,86.7,False,(c) 交差点付近の交差・接続way,99,534157302,primary,0.932,213526440,tertiary,3.474,2.541,False,True
渋谷→新宿,1,1,35.6636,139.70206,206,798794765,tertiary,,,,神宮通り,0.187,1069882500,footway,,,,,1.905,1.718,True,85.6,True,(c) 交差点付近の交差・接続way,99,798794765,tertiary,0.187,931455737,primary,3.926,3.739,False,True
渋谷→新宿,2,2,35.66473,139.70251,206,798739072,primary,,,yes,明治通り,0.951,1073294152,footway,,,,,7.516,6.564,False,2.0,False,(b) 車道と並走する歩道・自転車道,99,798739072,primary,0.951,798794768,primary,10.711,9.759,False,False
渋谷→新宿,3,3,35.66846,139.70532,206,798739072,primary,,,yes,明治通り,0.765,944268180,secondary,,,yes,表参道,1.916,1.151,True,89.2,True,(c) 交差点付近の交差・接続way,99,798739072,primary,0.765,944268180,secondary,1.916,1.151,True,False
渋谷→新宿,4,4,35.67018,139.70672,206,117083664,residential,,,,,0.12,1368012337,primary,,,yes,明治通り,2.862,2.743,False,54.5,True,(c) 交差点付近の交差・接続way,99,117083664,residential,0.12,1368012337,primary,2.862,2.743,False,False
渋谷→新宿,5,5,35.67208,139.70808,206,1061981261,primary,,,yes,明治通り,1.016,1061981255,tertiary,,,,,3.292,2.276,False,88.6,True,(c) 交差点付近の交差・接続way,99,1061981261,primary,1.016,1061981255,tertiary,3.292,2.276,False,False
渋谷→新宿,6,6,35.67248,139.70807,206,1061981252,primary,,,yes,明治通り,2.648,665965038,footway,,,,,3.167,0.519,True,4.8,False,(b) 車道と並走する歩道・自転車道,99,1061981252,primary,2.648,1061981256,primary,9.943,7.295,False,True
渋谷→新宿,7,7,35.67453,139.70712,206,1061981252,primary,,,yes,明治通り,2.852,670335461,footway,,,,,2.906,0.054,True,76.6,True,(c) 交差点付近の交差・接続way,99,1061981252,primary,2.852,1061981256,primary,5.199,2.347,False,True
渋谷→新宿,8,8,35.67753,139.70602,206,670335467,footway,,,,,1.013,798794766,primary,,,yes,明治通り,5.192,4.179,False,0.9,False,(b) 車道と並走する歩道・自転車道,99,798794766,primary,5.192,796871112,primary,14.478,9.286,False,False
渋谷→新宿,9,9,35.67994,139.70451,206,796871114,primary,,,yes,明治通り,0.735,41857396,residential,,,,,1.531,0.797,True,59.8,True,(c) 交差点付近の交差・接続way,99,796871114,primary,0.735,41857396,residential,1.531,0.797,True,False
渋谷→新宿,10,10,35.68032,139.70451,206,796871114,primary,,,yes,明治通り,0.007,860381101,secondary,,,,四谷角筈線,4.269,4.263,False,77.8,True,(c) 交差点付近の交差・接続way,99,796871114,primary,0.007,860381101,secondary,4.269,4.263,False,False
渋谷→新宿,11,11,35.68083,139.70453,206,860381103,primary,,,yes,明治通り,1.693,39683367,unclassified,,,yes,,1.884,0.19,True,79.9,True,(c) 交差点付近の交差・接続way,99,860381103,primary,1.693,39683367,unclassified,1.884,0.19,True,False
渋谷→新宿,12,12,35.68233,139.70455,206,213526441,primary,,,yes,明治通り,1.499,39683528,residential,,,,,6.254,4.755,False,45.1,True,(c) 交差点付近の交差・接続way,99,213526441,primary,1.499,39683528,residential,6.254,4.755,False,False
渋谷→新宿,13,13,35.68306,139.7045,206,213526441,primary,,,yes,明治通り,0.797,1119117311,primary,no,,yes,,3.106,2.309,False,10.4,True,(c) 交差点付近の交差・接続way,99,213526441,primary,0.797,534166943,footway,5.048,4.251,False,False
渋谷→新宿,14,14,35.68366,139.70429,206,213526441,primary,,,yes,明治通り,0.556,1463063079,footway,,,,千駄ヶ谷五丁目歩道橋,1.996,1.44,True,87.3,False,(c) 交差点付近の交差・接続way,99,213526441,primary,0.556,39683340,unclassified,2.853,2.297,False,True
渋谷→新宿,15,15,35.68444,139.70381,206,213526441,primary,,,yes,明治通り,0.934,199152225,unclassified,,,,うまや道,2.039,1.104,True,68.4,True,(c) 交差点付近の交差・接続way,99,213526441,primary,0.934,199152225,unclassified,2.039,1.104,True,False
渋谷→新宿,16,16,35.68602,139.70336,206,213526441,primary,,,yes,明治通り,0.923,567002242,footway,,,,,7.065,6.141,False,2.1,False,(b) 車道と並走する歩道・自転車道,99,213526441,primary,0.923,199152191,primary,7.575,6.651,False,False
渋谷→新宿,17,17,35.68783,139.70284,206,199152190,primary,,,yes,明治通り,0.172,924378580,unclassified,,,yes,,4.525,4.353,False,83.9,True,(c) 交差点付近の交差・接続way,99,199152190,primary,0.172,924378580,unclassified,4.525,4.353,False,False
渋谷→新宿,18,19,35.68928,139.7022,206,138533178,unclassified,,,yes,,1.392,670733022,footway,,,,,5.454,4.062,False,64.2,False,(c) 交差点付近の交差・接続way,99,138533178,unclassified,1.392,170232029,unclassified,5.64,4.247,False,False
渋谷→新宿,19,20,35.68962,139.70208,206,39436592,unclassified,,,,新宿ランブリングロード,1.072,692356898,living_street,,,yes,武蔵野通り,1.905,0.832,True,45.4,True,(c) 交差点付近の交差・接続way,99,39436592,unclassified,1.072,692356898,living_street,1.905,0.832,True,False
新宿→池袋,0,0,35.69136,139.70164,188,155224464,unclassified,,,yes,,0.685,306838996,secondary,,,yes,新宿停車場前線,2.433,1.748,True,71.1,True,(c) 交差点付近の交差・接続way,85,155224464,unclassified,0.685,306838996,secondary,2.433,1.748,True,False
新宿→池袋,1,1,35.6911,139.70338,188,155224464,unclassified,,,yes,,2.319,39436618,unclassified,,,yes,,2.375,0.056,True,68.4,True,(c) 交差点付近の交差・接続way,85,155224464,unclassified,2.319,39436618,unclassified,2.375,0.056,True,False
新宿→池袋,2,3,35.6905,139.70455,188,39436598,unclassified,,,yes,,0.894,670763643,footway,,,,,1.581,0.687,True,88.8,False,(c) 交差点付近の交差・接続way,85,39436598,unclassified,0.894,886386615,primary,1.608,0.714,True,False
新宿→池袋,3,4,35.69362,139.70649,188,1120796134,primary,,,yes,明治通り,0.566,660599138,footway,,,,新宿三丁目駅,6.603,6.037,False,24.8,False,(d) その他,85,1120796134,primary,0.566,478447612,service,7.561,6.996,False,False
新宿→池袋,4,6,35.6944,139.70669,188,688686080,primary,,,yes,明治通り,2.811,318034646,footway,,,,,7.534,4.723,False,8.5,False,(b) 車道と並走する歩道・自転車道,85,688686080,primary,2.811,1120797513,primary,17.856,15.045,False,False
新宿→池袋,5,7,35.69487,139.7068,188,688686080,primary,,,yes,明治通り,0.867,39436538,unclassified,,,,,2.393,1.526,True,70.5,True,(c) 交差点付近の交差・接続way,85,688686080,primary,0.867,39436538,unclassified,2.393,1.526,True,False
新宿→池袋,6,8,35.69656,139.70716,188,688686080,primary,,,yes,明治通り,0.655,244906595,tertiary,,,,,2.407,1.752,True,89.4,True,(c) 交差点付近の交差・接続way,85,688686080,primary,0.655,244906595,tertiary,2.407,1.752,True,False
新宿→池袋,7,9,35.69793,139.70743,188,688819559,primary,,,yes,明治通り,1.181,697197851,footway,,,,,2.694,1.513,True,88.9,False,(c) 交差点付近の交差・接続way,85,688819559,primary,1.181,39655490,primary,2.705,1.524,True,False
新宿→池袋,8,10,35.69961,139.70777,188,691691444,primary,,,yes,明治通り,0.756,682765997,footway,,,,,1.835,1.079,True,0.7,False,(b) 車道と並走する歩道・自転車道,85,691691444,primary,0.756,39436481,residential,3.183,2.427,False,True
新宿→池袋,9,11,35.70088,139.70799,188,691691444,primary,,,yes,明治通り,1.428,98726948,secondary,,,,大久保通り,1.62,0.192,True,85.8,True,(c) 交差点付近の交差・接続way,85,691691444,primary,1.428,98726948,secondary,1.62,0.192,True,False
新宿→池袋,10,12,35.70197,139.70818,188,415221604,primary,,,yes,明治通り,0.997,1334924028,residential,,,,,2.886,1.89,True,77.2,True,(c) 交差点付近の交差・接続way,85,415221604,primary,0.997,1334924028,residential,2.886,1.89,True,False
新宿→池袋,11,13,35.70344,139.70847,188,415221604,primary,,,yes,明治通り,4.006,94515954,unclassified,,,,,4.024,0.018,True,89.0,True,(c) 交差点付近の交差・接続way,85,415221604,primary,4.006,94515954,unclassified,4.024,0.018,True,False
新宿→池袋,12,14,35.7048,139.70863,188,69518078,residential,,,,,0.357,415221604,primary,,,yes,明治通り,1.253,0.896,True,89.8,True,(c) 交差点付近の交差・接続way,85,69518078,residential,0.357,415221604,primary,1.253,0.896,True,False
新宿→池袋,13,15,35.70842,139.7091,188,688819558,primary,,,,諏訪通り,0.616,415221604,primary,,,yes,明治通り,1.908,1.292,True,87.7,True,(c) 交差点付近の交差・接続way,85,688819558,primary,0.616,415221604,primary,1.908,1.292,True,False
新宿→池袋,14,16,35.71149,139.71,188,683237303,primary,,,yes,明治通り,2.783,415221599,primary,,,yes,早稲田通り,2.804,0.022,True,85.1,True,(c) 交差点付近の交差・接続way,85,683237303,primary,2.783,415221599,primary,2.804,0.022,True,False
新宿→池袋,15,17,35.7128,139.71043,188,415221602,primary,,,yes,明治通り,3.349,117083662,primary,,,yes,明治通り,5.798,2.45,False,7.3,False,(a) 同一道路の分離ウェイ,85,415221602,primary,3.349,117083662,primary,5.798,2.45,False,False
新宿→池袋,16,18,35.71436,139.71133,188,415221602,primary,,,yes,明治通り,1.997,467676904,primary,,,yes,新目白通り,5.151,3.154,False,83.7,True,(c) 交差点付近の交差・接続way,85,415221602,primary,1.997,467676904,primary,5.151,3.154,False,False
新宿→池袋,17,19,35.71551,139.71194,188,97367343,residential,,,,,0.281,156260998,primary,,,yes,明治通り,3.562,3.281,False,71.5,True,(c) 交差点付近の交差・接続way,85,97367343,residential,0.281,156260998,primary,3.562,3.281,False,False
新宿→池袋,18,20,35.71687,139.71251,188,156260998,primary,,,yes,明治通り,1.647,376630575,footway,,,,,3.871,2.224,False,5.5,False,(b) 車道と並走する歩道・自転車道,85,156260998,primary,1.647,648625672,primary,8.63,6.983,False,False
新宿→池袋,19,21,35.71883,139.71341,188,688557393,primary,,,yes,明治通り,0.804,376630575,footway,,,,,5.313,4.51,False,3.0,False,(b) 車道と並走する歩道・自転車道,85,688557393,primary,0.804,228137437,primary,7.435,6.631,False,False
新宿→池袋,20,23,35.71985,139.71322,188,688557393,primary,,,yes,明治通り,0.423,228137437,primary,,,yes,明治通り,5.992,5.568,False,0.2,False,(a) 同一道路の分離ウェイ,85,688557393,primary,0.423,228137437,primary,5.992,5.568,False,False
新宿→池袋,21,24,35.7244,139.71135,188,648625671,primary,,,yes,明治通り,3.575,228180934,primary,,,yes,明治通り,3.651,0.076,True,2.9,False,(a) 同一道路の分離ウェイ,85,648625671,primary,3.575,228180934,primary,3.651,0.076,True,False
新宿→池袋,22,25,35.7252,139.71136,188,228180934,primary,,,yes,明治通り,2.964,648625671,primary,,,yes,明治通り,4.482,1.518,True,0.8,False,(a) 同一道路の分離ウェイ,85,228180934,primary,2.964,648625671,primary,4.482,1.518,True,False
新宿→池袋,23,26,35.72704,139.71183,188,1128023036,primary,,,yes,明治通,1.924,156246572,residential,,,yes,,2.051,0.127,True,87.4,True,(c) 交差点付近の交差・接続way,85,1128023036,primary,1.924,156246572,residential,2.051,0.127,True,False
新宿→池袋,24,27,35.7272,139.71112,188,156246572,residential,,,yes,,0.87,1128023039,footway,,,,池袋駅 西武南口,2.573,1.704,True,88.0,True,(c) 交差点付近の交差・接続way,85,156246572,residential,0.87,1128023036,primary,64.563,63.693,False,True
東京→渋谷,0,0,35.67791,139.76377,342,1450867353,footway,,,,,3.744,387312965,secondary,,,yes,鍛冶橋通り,5.704,1.96,True,0.1,False,(b) 車道と並走する歩道・自転車道,147,387312965,secondary,5.704,254711096,secondary,6.977,1.273,True,False
東京→渋谷,1,1,35.67841,139.76102,342,59266960,trunk,,,yes,日比谷通り,0.23,387312967,secondary,,,yes,鍛冶橋通り,4.652,4.422,False,89.0,True,(c) 交差点付近の交差・接続way,147,59266960,trunk,0.23,387312967,secondary,4.652,4.422,False,False
東京→渋谷,2,2,35.67519,139.75985,342,59266960,trunk,,,yes,日比谷通り,0.259,474593059,footway,,,,,8.642,8.383,False,78.6,True,(c) 交差点付近の交差・接続way,147,59266960,trunk,0.259,1158715737,unclassified,12.041,11.781,False,False
東京→渋谷,3,4,35.67538,139.75892,342,157191451,trunk,,,yes,晴海通り,0.82,45171692,primary,no,,yes,日比谷地下道,7.485,6.665,False,1.1,False,(d) その他,147,157191451,trunk,0.82,459561642,cycleway,11.987,11.167,False,False
東京→渋谷,4,5,35.67745,139.75394,342,206353802,trunk_link,,,yes,桜田通り,1.721,631239776,trunk,,,yes,内堀通り,1.932,0.21,True,15.1,True,(c) 交差点付近の交差・接続way,147,206353802,trunk_link,1.721,631239776,trunk,1.932,0.21,True,False
東京→渋谷,5,6,35.67736,139.75343,342,206353802,trunk_link,,,yes,桜田通り,0.848,583110309,footway,,,,,1.371,0.523,True,59.8,True,(c) 交差点付近の交差・接続way,147,206353802,trunk_link,0.848,813532927,trunk_link,4.45,3.601,False,True
東京→渋谷,6,7,35.67466,139.75165,342,662063657,footway,,,,霞ケ関,1.98,813532923,trunk,,yes,yes,桜田通り,2.332,0.352,True,63.6,False,(c) 交差点付近の交差・接続way,147,813532923,trunk,2.332,24487299,tertiary,3.355,1.023,True,False
東京→渋谷,7,8,35.67293,139.7505,342,243268913,tertiary,,,yes,国会通り,0.961,813532923,trunk,,yes,yes,桜田通り,1.847,0.886,True,84.5,True,(c) 交差点付近の交差・接続way,147,243268913,tertiary,0.961,813532923,trunk,1.847,0.886,True,False
東京→渋谷,8,9,35.67028,139.74934,342,931757787,trunk,,yes,yes,桜田通り,1.785,678476157,footway,,,,虎ノ門,4.707,2.923,False,88.1,False,(c) 交差点付近の交差・接続way,147,931757787,trunk,1.785,931757786,secondary,6.792,5.008,False,False
東京→渋谷,9,10,35.669,139.74859,342,931757787,trunk,,yes,yes,桜田通り,0.246,474603749,footway,,,,,5.756,5.51,False,1.4,False,(b) 車道と並走する歩道・自転車道,147,931757787,trunk,0.246,1326072264,trunk,8.736,8.49,False,False
東京→渋谷,10,11,35.66449,139.74651,342,931757787,trunk,,yes,yes,桜田通り,0.017,474600371,footway,,,,,7.123,7.106,False,3.4,False,(b) 車道と並走する歩道・自転車道,147,931757787,trunk,0.017,1326072265,trunk,9.099,9.082,False,False
東京→渋谷,11,12,35.66321,139.74533,342,931757787,trunk,,yes,yes,桜田通り,1.843,683135150,tertiary,,,,,2.889,1.046,True,82.1,True,(c) 交差点付近の交差・接続way,147,931757787,trunk,1.843,683135150,tertiary,2.889,1.046,True,False
東京→渋谷,12,13,35.66203,139.74425,342,253812412,trunk,yes,yes,yes,桜田通り,1.223,1192656136,footway,,,,,3.747,2.524,False,89.9,True,(c) 交差点付近の交差・接続way,147,253812412,trunk,1.223,1031554883,tertiary,4.293,3.07,False,False
東京→渋谷,13,14,35.66078,139.74336,342,253812412,trunk,yes,yes,yes,桜田通り,3.2,474600366,footway,,,,,6.021,2.82,False,1.5,False,(b) 車道と並走する歩道・自転車道,147,253812412,trunk,3.2,204077031,unclassified,6.959,3.759,False,False
東京→渋谷,14,15,35.66019,139.74304,342,1035341897,trunk,yes,yes,yes,桜田通り,3.021,858775690,trunk,,yes,yes,桜田通り,9.9,6.878,False,3.3,False,(a) 同一道路の分離ウェイ,147,1035341897,trunk,3.021,858775690,trunk,9.9,6.878,False,False
東京→渋谷,15,16,35.6598,139.743,342,858775693,trunk,yes,yes,yes,桜田通り,1.34,858775686,primary,,,yes,外苑東通り,2.22,0.881,True,59.1,True,(c) 交差点付近の交差・接続way,147,858775693,trunk,1.34,858775686,primary,2.22,0.881,True,False
東京→渋谷,16,17,35.65947,139.74263,342,19023682,primary_link,,,yes,,0.238,858775692,primary,,,yes,外苑東通り,4.17,3.932,False,31.1,True,(c) 交差点付近の交差・接続way,147,19023682,primary_link,0.238,858775692,primary,4.17,3.932,False,False
東京→渋谷,17,18,35.65958,139.7419,342,858775692,primary,,,yes,外苑東通り,0.215,1254228152,footway,yes,,,,3.562,3.348,False,0.9,False,(b) 車道と並走する歩道・自転車道,147,858775692,primary,0.215,1254228152,footway,3.562,3.348,False,False
東京→渋谷,18,19,35.66017,139.74041,342,858775692,primary,,,yes,外苑東通り,0.802,682315373,footway,,,,,4.484,3.682,False,0.2,False,(b) 車道と並走する歩道・自転車道,147,858775692,primary,0.802,271979254,primary,7.664,6.862,False,False
東京→渋谷,19,20,35.66114,139.73794,342,1344791873,primary,,,yes,外苑東通り,0.078,1344791874,secondary,,,yes,高輪麻布線,2.184,2.106,False,86.6,True,(c) 交差点付近の交差・接続way,147,1344791873,primary,0.078,1344791874,secondary,2.184,2.106,False,False
東京→渋谷,20,21,35.66224,139.73429,342,271979231,primary,,,yes,外苑東通り,0.165,927004529,footway,,,,,2.298,2.133,False,88.9,True,(c) 交差点付近の交差・接続way,147,271979231,primary,0.165,40969772,unclassified,5.542,5.377,False,False
東京→渋谷,21,22,35.66315,139.73238,342,271979231,primary,,,yes,外苑東通り,0.943,927004516,secondary,,,yes,六本木通り,3.341,2.399,False,60.3,True,(c) 交差点付近の交差・接続way,147,271979231,primary,0.943,927004516,secondary,3.341,2.399,False,False
東京→渋谷,22,23,35.66245,139.73082,342,927004519,secondary,,,yes,六本木通り,1.025,693373501,footway,,,,,7.06,6.035,False,1.2,False,(b) 車道と並走する歩道・自転車道,147,927004519,secondary,1.025,724042304,secondary_link,117.15,116.125,False,False
東京→渋谷,23,24,35.66101,139.72778,342,888162704,secondary,,,yes,六本木通り,1.327,755562447,footway,,,,,3.378,2.051,False,1.4,False,(b) 車道と並走する歩道・自転車道,147,888162704,secondary,1.327,724685825,secondary_link,11.946,10.618,False,False
東京→渋谷,24,25,35.66028,139.72567,342,888162704,secondary,,,yes,六本木通り,0.17,755562446,footway,,,,霞坂,4.396,4.226,False,0.2,False,(b) 車道と並走する歩道・自転車道,147,888162704,secondary,0.17,724685826,secondary_link,17.399,17.228,False,False
東京→渋谷,25,26,35.6598,139.72435,342,122928192,residential,,,,,0.862,261065059,secondary,,,yes,六本木通り,3.086,2.224,False,87.4,True,(c) 交差点付近の交差・接続way,147,122928192,residential,0.862,261065059,secondary,3.086,2.224,False,False
東京→渋谷,26,27,35.65943,139.72214,342,261065068,secondary,,,yes,六本木通り,1.204,755562443,footway,,,,笄坂,3.618,2.414,False,1.6,False,(b) 車道と並走する歩道・自転車道,147,261065068,secondary,1.204,253070422,secondary,9.874,8.67,False,False
東京→渋谷,27,28,35.65924,139.72,342,755562444,footway,,,,,3.488,261065068,secondary,,,yes,六本木通り,5.545,2.056,False,0.0,False,(b) 車道と並走する歩道・自転車道,147,261065068,secondary,5.545,253070416,secondary,12.8,7.256,False,False
東京→渋谷,28,29,35.65925,139.71909,342,935686680,secondary,,,yes,六本木通り(高樹町),2.784,755562444,footway,,,,,3.891,1.106,True,3.4,False,(b) 車道と並走する歩道・自転車道,147,935686680,secondary,2.784,935686673,unclassified,5.71,2.926,False,True
東京→渋谷,29,30,35.65894,139.71543,342,775539561,secondary,,,yes,六本木通り,0.861,775539562,secondary,,,,,3.0,2.139,False,86.0,True,(c) 交差点付近の交差・接続way,147,775539561,secondary,0.861,775539562,secondary,3.0,2.139,False,False
東京→渋谷,30,31,35.65862,139.71248,342,922476289,secondary,,,yes,六本木通り,1.732,350053191,tertiary,,,,,5.445,3.713,False,79.3,True,(c) 交差点付近の交差・接続way,147,922476289,secondary,1.732,350053191,tertiary,5.445,3.713,False,False
東京→渋谷,31,32,35.65823,139.70837,342,141293470,tertiary,,,,八幡通り,1.601,922476295,secondary,,,yes,六本木通り,2.148,0.546,True,55.7,True,(c) 交差点付近の交差・接続way,147,141293470,tertiary,1.601,922476295,secondary,2.148,0.546,True,False
東京→渋谷,32,33,35.65811,139.70618,342,284075894,secondary,,,yes,六本木通り,0.514,141293465,residential,,,,,5.231,4.717,False,88.2,True,(c) 交差点付近の交差・接続way,147,284075894,secondary,0.514,141293465,residential,5.231,4.717,False,False
東京→渋谷,33,34,35.65805,139.70434,342,852978896,secondary,,,yes,六本木通り,1.498,211402007,service,,,yes,,1.905,0.407,True,89.2,True,(c) 交差点付近の交差・接続way,147,852978896,secondary,1.498,211402007,service,1.905,0.407,True,False
東京→渋谷,34,37,35.65792,139.70353,342,680253718,pedestrian,,,,,0.363,664521510,footway,,,,,3.158,2.795,False,0.1,False,(d) その他,147,172125347,trunk,9.905,852978892,primary,13.01,3.105,False,False
品川→東京,0,0,35.62877,139.74184,313,680899281,unclassified,,,yes,,1.218,680899279,footway,,,,,9.646,8.428,False,13.2,False,(b) 車道と並走する歩道・自転車道,144,680899281,unclassified,1.218,987102531,service,12.348,11.13,False,False
品川→東京,1,2,35.6289,139.74222,313,172281628,unclassified,,,yes,,0.406,172281627,footway,,,,,0.409,0.003,True,86.5,True,(c) 交差点付近の交差・接続way,144,172281628,unclassified,0.406,31986707,unclassified,13.5,13.093,False,True
品川→東京,2,5,35.62903,139.74278,313,172281627,footway,,,,,0.951,23690216,unclassified,,,yes,,2.13,1.179,True,87.8,True,(c) 交差点付近の交差・接続way,144,23690216,unclassified,2.13,172281628,unclassified,17.79,15.66,False,True
品川→東京,3,6,35.62949,139.74285,313,172281624,unclassified,,,,,0.12,1035597852,tertiary,,,yes,,0.955,0.834,True,87.5,True,(c) 交差点付近の交差・接続way,144,172281624,unclassified,0.12,1035597852,tertiary,0.955,0.834,True,False
品川→東京,4,7,35.62945,139.74351,313,265010603,tertiary,,,yes,,0.181,558518250,pedestrian,,,,,1.046,0.865,True,89.7,True,(c) 交差点付近の交差・接続way,144,265010603,tertiary,0.181,74446952,tertiary,8.018,7.837,False,True
品川→東京,5,8,35.63012,139.74357,313,558518250,pedestrian,,,,,0.369,582256211,pedestrian,,,,,1.672,1.304,True,89.5,True,(c) 交差点付近の交差・接続way,144,265010600,unclassified,58.914,265010603,tertiary,74.432,15.518,False,True
品川→東京,6,11,35.63051,139.74365,313,558518250,pedestrian,,,,,2.875,558518249,pedestrian,,,,,20.087,17.212,False,89.5,True,(c) 交差点付近の交差・接続way,144,265010600,unclassified,62.528,265010603,tertiary,118.013,55.485,False,False
品川→東京,7,14,35.63065,139.74447,313,558518249,pedestrian,,,,,4.335,1450174835,footway,,,,,48.72,44.385,False,0.6,False,(d) その他,144,356912946,primary,55.699,265010600,unclassified,135.167,79.467,False,False
品川→東京,8,15,35.6314,139.74456,313,558518249,pedestrian,,,,,3.737,1450174835,footway,,,,,47.318,43.581,False,89.3,False,(c) 交差点付近の交差・接続way,144,356912946,primary,54.065,230895574,primary,73.626,19.562,False,False
品川→東京,9,18,35.63145,139.74498,313,1450174835,footway,,,,,9.889,356912946,primary,,,yes,旧海岸通り,16.612,6.723,False,0.2,False,(b) 車道と並走する歩道・自転車道,144,356912946,primary,16.612,491862322,primary,41.464,24.852,False,False
品川→東京,10,21,35.63329,139.74537,313,230895574,primary,,,yes,旧海岸通り,1.111,1450872526,footway,,,,,5.82,4.709,False,0.2,False,(b) 車道と並走する歩道・自転車道,144,230895574,primary,1.111,491862322,primary,10.044,8.933,False,False
品川→東京,11,22,35.63741,139.74669,313,211690605,primary,,,yes,旧海岸通り,0.215,19247435,tertiary,,,,,1.809,1.594,True,81.1,True,(c) 交差点付近の交差・接続way,144,211690605,primary,0.215,19247435,tertiary,1.809,1.594,True,False
品川→東京,12,23,35.63939,139.74728,313,211690605,primary,,,yes,旧海岸通り,0.816,252127020,tertiary,,,,,1.13,0.314,True,88.8,True,(c) 交差点付近の交差・接続way,144,211690605,primary,0.816,252127020,tertiary,1.13,0.314,True,False
品川→東京,13,24,35.64115,139.74788,313,23690234,tertiary,,,,,0.405,211690605,primary,,,yes,旧海岸通り,4.114,3.709,False,88.9,True,(c) 交差点付近の交差・接続way,144,23690234,tertiary,0.405,211690605,primary,4.114,3.709,False,False
品川→東京,14,25,35.64181,139.7482,313,176674159,secondary,,,yes,日比谷芝浦線,0.162,4848884,primary,,,yes,旧海岸通り,0.953,0.791,True,54.0,True,(c) 交差点付近の交差・接続way,144,176674159,secondary,0.162,4848884,primary,0.953,0.791,True,False
品川→東京,15,27,35.64294,139.75077,313,59973392,tertiary,,,,,0.456,4848884,primary,,,yes,旧海岸通り,0.901,0.445,True,79.6,True,(c) 交差点付近の交差・接続way,144,59973392,tertiary,0.456,4848884,primary,0.901,0.445,True,False
品川→東京,16,28,35.64296,139.75235,313,421300042,primary,,,yes,旧海岸通り,0.202,59973382,tertiary,,,,,2.275,2.073,False,81.9,True,(c) 交差点付近の交差・接続way,144,421300042,primary,0.202,59973382,tertiary,2.275,2.073,False,False
品川→東京,17,29,35.6483,139.75493,313,1033723439,trunk,,yes,yes,旧海岸通り,3.476,1033723438,tertiary,,,,,5.291,1.814,True,73.9,True,(c) 交差点付近の交差・接続way,144,1033723439,trunk,3.476,1033723438,tertiary,5.291,1.814,True,False
品川→東京,18,30,35.64862,139.75466,313,741785139,tertiary_link,,,yes,,0.346,1033723439,trunk,,yes,yes,旧海岸通り,5.365,5.018,False,5.7,True,(c) 交差点付近の交差・接続way,144,741785139,tertiary_link,0.346,1033723439,trunk,5.365,5.018,False,False
品川→東京,19,31,35.64911,139.75297,313,1033723439,trunk,,yes,yes,旧海岸通り,1.086,656235284,trunk,,,yes,第一京浜,1.583,0.497,True,75.4,True,(c) 交差点付近の交差・接続way,144,1033723439,trunk,1.086,656235284,trunk,1.583,0.497,True,False
品川→東京,20,32,35.65107,139.75374,313,656235283,trunk,,yes,yes,第一京浜,0.995,111594585,residential,,,,,4.343,3.349,False,77.6,True,(c) 交差点付近の交差・接続way,144,656235283,trunk,0.995,111594585,residential,4.343,3.349,False,False
品川→東京,21,33,35.66028,139.75507,313,253812419,trunk,yes,yes,yes,第一京浜,2.932,25824167,tertiary,,,,,7.903,4.972,False,88.4,True,(c) 交差点付近の交差・接続way,144,253812419,trunk,2.932,25824167,tertiary,7.903,4.972,False,False
品川→東京,22,34,35.6608,139.75546,313,253812419,trunk,yes,yes,yes,第一京浜,0.711,665351157,footway,,,,,6.732,6.021,False,1.1,False,(b) 車道と並走する歩道・自転車道,144,253812419,trunk,0.711,600239764,unclassified,11.346,10.635,False,False
品川→東京,23,35,35.66371,139.75792,313,4848932,trunk,yes,yes,yes,第一京浜,0.437,1123745365,secondary,,,yes,環二通り,1.33,0.893,True,53.3,True,(c) 交差点付近の交差・接続way,144,4848932,trunk,0.437,1123745365,secondary,1.33,0.893,True,False
品川→東京,24,36,35.66676,139.76034,313,253812422,trunk,,yes,yes,中央通り,5.625,261065061,secondary,,,yes,外堀通り,6.162,0.537,True,63.3,True,(c) 交差点付近の交差・接続way,144,253812422,trunk,5.625,261065061,secondary,6.162,0.537,True,False
品川→東京,25,37,35.66705,139.76072,313,667962674,trunk,,yes,yes,中央通り,0.738,191327485,footway,,,,,6.828,6.09,False,0.7,False,(b) 車道と並走する歩道・自転車道,144,667962674,trunk,0.738,667962675,trunk,9.432,8.694,False,False
品川→東京,26,38,35.66833,139.76194,313,196380141,trunk,,,yes,中央通り,1.017,538982927,trunk,,,yes,中央通り,7.06,6.042,False,0.7,False,(a) 同一道路の分離ウェイ,144,196380141,trunk,1.017,538982927,trunk,7.06,6.042,False,False
品川→東京,27,39,35.66991,139.76364,313,196380141,trunk,,,yes,中央通り,2.31,538982927,trunk,,,yes,中央通り,4.499,2.19,False,0.1,False,(a) 同一道路の分離ウェイ,144,196380141,trunk,2.31,538982927,trunk,4.499,2.19,False,False
品川→東京,28,40,35.67125,139.76499,313,1090618166,trunk,,,yes,中央通り,1.929,669755800,footway,,,,銀座,2.482,0.552,True,86.3,False,(c) 交差点付近の交差・接続way,144,1090618166,trunk,1.929,539237085,primary,5.354,3.424,False,True
品川→東京,29,41,35.67476,139.76873,313,1026056857,trunk,,,yes,中央通り,0.126,1070720649,tertiary,,,,銀座桜通り,2.916,2.79,False,68.3,True,(c) 交差点付近の交差・接続way,144,1026056857,trunk,0.126,1070720649,tertiary,2.916,2.79,False,False
品川→東京,30,42,35.67536,139.76923,313,40969586,unclassified,,,yes,,0.525,40969585,unclassified,,,yes,京橋大根河岸通り,1.981,1.457,True,44.2,True,(c) 交差点付近の交差・接続way,144,40969586,unclassified,0.525,40969585,unclassified,1.981,1.457,True,False
品川→東京,31,43,35.67616,139.76965,313,1070720653,trunk,,yes,yes,中央通り,2.513,23770583,tertiary,,,yes,鍛冶橋通り,2.594,0.081,True,89.9,True,(c) 交差点付近の交差・接続way,144,1070720653,trunk,2.513,23770583,tertiary,2.594,0.081,True,False
品川→東京,32,44,35.67721,139.76717,313,203572465,secondary,,,yes,外堀通り,2.719,23770583,tertiary,,,yes,鍛冶橋通り,5.342,2.623,False,74.3,True,(c) 交差点付近の交差・接続way,144,203572465,secondary,2.719,23770583,tertiary,5.342,2.623,False,False
品川→東京,33,45,35.67722,139.76665,313,676291216,secondary,,,yes,鍛冶橋通り,1.978,203572501,footway,,,,,7.921,5.943,False,88.9,True,(c) 交差点付近の交差・接続way,144,676291216,secondary,1.978,665316180,construction,8.031,6.053,False,False
品川→東京,34,46,35.67738,139.76579,313,1485371598,footway,,,,,0.107,1105155928,secondary,,,yes,鍛冶橋通り,3.981,3.874,False,0.3,False,(b) 車道と並走する歩道・自転車道,144,1105155928,secondary,3.981,517127276,secondary,4.702,0.721,True,True
品川→東京,35,47,35.67741,139.76558,313,1360102103,footway,,,,,1.812,1450867349,steps,,,,,2.357,0.545,True,1.5,False,(d) その他,144,517127276,secondary,5.779,1105155925,secondary,9.966,4.187,False,True
渋谷→六本木,0,0,35.65792,139.70354,127,680253718,pedestrian,,,,,0.265,664521510,footway,,,,,3.061,2.796,False,0.1,False,(d) その他,58,172125347,trunk,10.021,852978892,primary,13.713,3.692,False,False
渋谷→六本木,1,1,35.65798,139.7042,127,664881024,footway,,,,,1.624,680253719,pedestrian,,,,,7.162,5.538,False,63.0,True,(c) 交差点付近の交差・接続way,58,172125347,trunk,8.451,211402007,service,11.095,2.644,False,False
渋谷→六本木,2,4,35.65761,139.70435,127,211402007,service,,,yes,,0.087,664819019,footway,,,,,32.649,32.563,False,43.1,False,(d) その他,58,211402007,service,0.087,611222110,unclassified,32.743,32.656,False,False
渋谷→六本木,3,6,35.6575,139.70475,127,611222110,unclassified,,,yes,,0.269,211286456,unclassified,,,yes,,1.105,0.837,True,75.3,True,(c) 交差点付近の交差・接続way,58,611222110,unclassified,0.269,211286456,unclassified,1.105,0.837,True,False
渋谷→六本木,4,7,35.65751,139.70557,127,611222110,unclassified,,,yes,,0.806,109231692,residential,,,,,48.646,47.841,False,55.5,True,(c) 交差点付近の交差・接続way,58,611222110,unclassified,0.806,109231692,residential,48.646,47.841,False,False
渋谷→六本木,5,9,35.65728,139.70615,127,611222110,unclassified,,,yes,,0.277,511276639,steps,,,,,6.475,6.198,False,59.3,True,(c) 交差点付近の交差・接続way,58,611222110,unclassified,0.277,109231692,residential,7.697,7.42,False,False
渋谷→六本木,6,11,35.65718,139.70693,127,141293460,tertiary,,,,,2.318,141293467,tertiary,,,,,3.076,0.758,True,89.7,True,(c) 交差点付近の交差・接続way,58,141293460,tertiary,2.318,141293467,tertiary,3.076,0.758,True,False
渋谷→六本木,7,12,35.65682,139.70752,127,141293470,tertiary,,,,八幡通り,0.34,141293460,tertiary,,,,,1.525,1.185,True,83.0,True,(c) 交差点付近の交差・接続way,58,141293470,tertiary,0.34,141293460,tertiary,1.525,1.185,True,False
渋谷→六本木,8,13,35.6585,139.70853,127,852978900,secondary,,,yes,六本木通り,0.521,914330752,tertiary,,,,八幡通り,1.824,1.303,True,57.4,True,(c) 交差点付近の交差・接続way,58,852978900,secondary,0.521,914330752,tertiary,1.824,1.303,True,False
渋谷→六本木,9,14,35.65956,139.71978,127,934924985,secondary,,,yes,六本木通り(側道),0.636,202809279,motorway_link,no,,yes,高樹町入口,2.274,1.637,True,7.7,True,(c) 交差点付近の交差・接続way,58,934924985,secondary,0.636,934924986,secondary,4.56,3.924,False,True
渋谷→六本木,10,15,35.65969,139.72083,127,934924985,secondary,,,yes,六本木通り(側道),0.105,185745188,footway,,,,,6.543,6.438,False,0.0,False,(b) 車道と並走する歩道・自転車道,58,934924985,secondary,0.105,139972196,residential,7.954,7.85,False,False
渋谷→六本木,11,16,35.65973,139.72263,127,934924985,secondary,,,yes,六本木通り(側道),0.966,628330003,secondary,,,yes,霞ヶ関渋谷線(霞町陸橋),4.13,3.164,False,1.5,False,(d) その他,58,934924985,secondary,0.966,628330003,secondary,4.13,3.164,False,False
渋谷→六本木,12,17,35.66005,139.72437,127,852789786,secondary,,,yes,六本木通り,1.349,628330003,secondary,,,yes,霞ヶ関渋谷線(霞町陸橋),2.945,1.595,True,1.0,False,(d) その他,58,852789786,secondary,1.349,628330003,secondary,2.945,1.595,True,False
渋谷→六本木,13,18,35.66146,139.72831,127,888162707,secondary,,,yes,六本木通り(六本木六丁目),0.087,261065069,secondary,,,yes,六本木通り,0.932,0.845,True,0.8,True,(c) 交差点付近の交差・接続way,58,888162707,secondary,0.087,261065069,secondary,0.932,0.845,True,False
渋谷→六本木,14,19,35.6621,139.72956,127,271979242,secondary,,,yes,六本木通り,0.63,600251619,residential,,,,,2.859,2.229,False,63.3,True,(c) 交差点付近の交差・接続way,58,271979242,secondary,0.63,600251619,residential,2.859,2.229,False,False
渋谷→六本木,15,20,35.66324,139.73207,127,927004531,secondary,,,yes,六本木通り,0.466,1328383040,motorway,no,,yes,首都高速3号渋谷線,4.745,4.278,False,1.0,False,(d) その他,58,927004531,secondary,0.466,927004524,primary,8.349,7.882,False,False
下北沢→三軒茶屋,0,0,35.66155,139.66772,88,41949455,unclassified,,,yes,,0.025,850994489,footway,,,,,0.489,0.464,True,89.6,True,(c) 交差点付近の交差・接続way,35,41949455,unclassified,0.025,33614319,unclassified,134.533,134.507,False,True
下北沢→三軒茶屋,1,1,35.66121,139.66946,88,31824941,tertiary,,,,茶沢通り,0.021,1076444529,pedestrian,,,,,3.806,3.785,False,77.6,True,(c) 交差点付近の交差・接続way,35,31824941,tertiary,0.021,33614319,unclassified,128.341,128.321,False,False
下北沢→三軒茶屋,2,2,35.66018,139.66883,88,31824941,tertiary,,,,茶沢通り,1.076,33614319,unclassified,,,,,1.318,0.241,True,82.9,True,(c) 交差点付近の交差・接続way,35,31824941,tertiary,1.076,33614319,unclassified,1.318,0.241,True,False
下北沢→三軒茶屋,3,3,35.65847,139.66828,88,31824941,tertiary,,,,茶沢通り,1.431,1455713749,footway,,,,,6.246,4.816,False,0.7,False,(b) 車道と並走する歩道・自転車道,35,31824941,tertiary,1.431,92743306,tertiary,68.227,66.796,False,False
下北沢→三軒茶屋,4,4,35.65767,139.66775,88,1455713691,tertiary,,,,茶沢通り,0.379,31824941,tertiary,,,,茶沢通り,2.136,1.756,True,31.5,True,(c) 交差点付近の交差・接続way,35,1455713691,tertiary,0.379,31824941,tertiary,2.136,1.756,True,False
下北沢→三軒茶屋,5,5,35.65602,139.66749,88,1455713691,tertiary,,,,茶沢通り,1.035,41949703,residential,,,yes,,2.687,1.652,True,81.3,True,(c) 交差点付近の交差・接続way,35,1455713691,tertiary,1.035,41949703,residential,2.687,1.652,True,False
下北沢→三軒茶屋,6,6,35.65539,139.66749,88,32623771,unclassified,,,,,1.303,1455713691,tertiary,,,,茶沢通り,1.394,0.09,True,76.8,True,(c) 交差点付近の交差・接続way,35,32623771,unclassified,1.303,1455713691,tertiary,1.394,0.09,True,False
下北沢→三軒茶屋,7,7,35.65502,139.66727,88,1455713691,tertiary,,,,茶沢通り,0.237,1455626153,footway,,,,,5.294,5.058,False,6.8,False,(b) 車道と並走する歩道・自転車道,35,1455713691,tertiary,0.237,88518869,residential,39.291,39.054,False,False
下北沢→三軒茶屋,8,8,35.65433,139.6672,88,174526353,tertiary,,,,茶沢通り,1.547,1455626149,footway,,,,,3.536,1.989,True,0.7,False,(b) 車道と並走する歩道・自転車道,35,174526353,tertiary,1.547,92736019,residential,4.336,2.789,False,True
下北沢→三軒茶屋,9,9,35.65305,139.66719,88,174526353,tertiary,,,,茶沢通り,1.121,48728743,residential,,,yes,,1.299,0.178,True,89.0,True,(c) 交差点付近の交差・接続way,35,174526353,tertiary,1.121,48728743,residential,1.299,0.178,True,False
下北沢→三軒茶屋,10,10,35.65086,139.66731,88,174526353,tertiary,,,,茶沢通り,1.378,277209534,secondary,,,,淡島通り,1.62,0.242,True,87.7,True,(c) 交差点付近の交差・接続way,35,174526353,tertiary,1.378,277209534,secondary,1.62,0.242,True,False
下北沢→三軒茶屋,11,11,35.64963,139.66772,88,900818661,tertiary,,,,茶沢通り,1.172,1286492781,footway,,,,,1.691,0.52,True,2.7,False,(b) 車道と並走する歩道・自転車道,35,900818661,tertiary,1.172,154345060,service,18.188,17.016,False,True
下北沢→三軒茶屋,12,12,35.64551,139.67034,88,26950358,tertiary,yes,,,茶沢通り,0.03,36710485,service,,,,,0.392,0.362,True,88.4,True,(c) 交差点付近の交差・接続way,35,26950358,tertiary,0.03,36710485,service,0.392,0.362,True,False
下北沢→三軒茶屋,13,13,35.6436,139.67107,88,1034261843,primary,,,,世田谷通り;三軒茶屋,1.475,1034261844,tertiary,yes,,,茶沢通り;三軒茶屋,2.024,0.549,True,66.5,True,(c) 交差点付近の交差・接続way,35,1034261843,primary,1.475,1034261844,tertiary,2.024,0.549,True,False
下北沢→三軒茶屋,14,14,35.64365,139.67116,88,1034261845,trunk,,yes,yes,玉川通り;三軒茶屋,1.383,1034261846,footway,,,,,2.122,0.739,True,70.1,True,(c) 交差点付近の交差・接続way,35,1034261845,trunk,1.383,252731098,trunk,2.234,0.852,True,False
高円寺→中野,0,0,35.70566,139.65054,55,328155326,tertiary,,,,,1.478,193752446,service,,,,,2.787,1.309,True,81.9,True,(c) 交差点付近の交差・接続way,25,328155326,tertiary,1.478,193752446,service,2.787,1.309,True,False
高円寺→中野,1,2,35.70553,139.65197,55,177661137,residential,,,yes,,0.222,328155326,tertiary,,,,,1.248,1.026,True,88.4,True,(c) 交差点付近の交差・接続way,25,177661137,residential,0.222,328155326,tertiary,1.248,1.026,True,False
高円寺→中野,2,3,35.70567,139.65762,55,107538703,unclassified,,,,,0.441,60433913,residential,,,,,2.488,2.047,False,57.3,True,(c) 交差点付近の交差・接続way,25,107538703,unclassified,0.441,60433913,residential,2.488,2.047,False,False
高円寺→中野,3,5,35.70544,139.65818,55,223300003,unclassified,,,,,0.192,223300016,unclassified,,,,,0.397,0.205,True,66.2,True,(c) 交差点付近の交差・接続way,25,223300003,unclassified,0.192,223300016,unclassified,0.397,0.205,True,False
高円寺→中野,4,6,35.7055,139.66049,55,62263412,unclassified,,,yes,,0.192,49175544,unclassified,,,,,41.723,41.531,False,2.3,True,(c) 交差点付近の交差・接続way,25,62263412,unclassified,0.192,49175544,unclassified,41.723,41.531,False,False
高円寺→中野,5,7,35.70549,139.66169,55,49175544,unclassified,,,,,0.602,64378178,residential,,,yes,,13.546,12.944,False,84.3,True,(c) 交差点付近の交差・接続way,25,49175544,unclassified,0.602,64378178,residential,13.546,12.944,False,False
高円寺→中野,6,8,35.70544,139.66273,55,49175544,unclassified,,,,,1.252,58206774,service,,,yes,,3.973,2.72,False,85.7,True,(c) 交差点付近の交差・接続way,25,49175544,unclassified,1.252,58206774,service,3.973,2.72,False,False
高円寺→中野,7,9,35.70545,139.66424,55,49175544,unclassified,,,,,1.218,1330235066,unclassified,yes,,yes,,2.771,1.553,True,86.9,True,(c) 交差点付近の交差・接続way,25,49175544,unclassified,1.218,1330235066,unclassified,2.771,1.553,True,False
高円寺→中野,8,11,35.70544,139.66536,55,948945646,unclassified,,,,,0.788,326864721,footway,,,,,4.077,3.29,False,88.9,True,(c) 交差点付近の交差・接続way,25,948945646,unclassified,0.788,49175544,unclassified,4.138,3.35,False,False
高円寺→中野,9,12,35.70613,139.66535,55,687171297,secondary,,,,中野通り,1.799,676591001,secondary,,,,中野通り,1.936,0.137,True,0.0,True,(c) 交差点付近の交差・接続way,25,687171297,secondary,1.799,676591001,secondary,1.936,0.137,True,False
荻窪→阿佐ヶ谷,0,0,35.70425,139.62101,63,131838513,tertiary,,,yes,,0.251,131841691,footway,,,,,4.597,4.346,False,1.1,False,(b) 車道と並走する歩道・自転車道,37,131838513,tertiary,0.251,39812704,unclassified,17.902,17.652,False,False
荻窪→阿佐ヶ谷,1,1,35.70435,139.62172,63,131838512,tertiary,,,yes,,0.476,131841690,footway,,,,,4.354,3.878,False,0.0,False,(b) 車道と並走する歩道・自転車道,37,131838512,tertiary,0.476,942508649,service,6.401,5.926,False,False
荻窪→阿佐ヶ谷,2,2,35.70437,139.62238,63,1071007332,tertiary,,,yes,,1.204,39816294,tertiary,,,,,1.705,0.502,True,89.1,True,(c) 交差点付近の交差・接続way,37,1071007332,tertiary,1.204,39816294,tertiary,1.705,0.502,True,False
荻窪→阿佐ヶ谷,3,3,35.7044,139.62297,63,80832757,tertiary,,,,,0.373,566652198,footway,,,,,4.436,4.063,False,3.6,False,(b) 車道と並走する歩道・自転車道,37,80832757,tertiary,0.373,131836389,footway,51.136,50.764,False,False
荻窪→阿佐ヶ谷,4,4,35.70354,139.62639,63,1352004080,tertiary,,,,,0.535,566652201,tertiary,,,yes,,3.295,2.76,False,1.2,True,(c) 交差点付近の交差・接続way,37,1352004080,tertiary,0.535,566652201,tertiary,3.295,2.76,False,False
荻窪→阿佐ヶ谷,5,6,35.70328,139.62749,63,168918384,primary,,,yes,青梅街道,3.722,80833412,residential,,,,,4.179,0.458,True,62.9,True,(c) 交差点付近の交差・接続way,37,168918384,primary,3.722,80833412,residential,4.179,0.458,True,False
荻窪→阿佐ヶ谷,6,7,35.70383,139.62758,63,80833688,residential,,,,,0.373,80833767,residential,,,,,1.649,1.276,True,88.8,True,(c) 交差点付近の交差・接続way,37,80833688,residential,0.373,80833767,residential,1.649,1.276,True,False
荻窪→阿佐ヶ谷,7,8,35.70368,139.62866,63,80834023,unclassified,,,,,0.261,80833767,residential,,,,,0.298,0.037,True,87.3,True,(c) 交差点付近の交差・接続way,37,80834023,unclassified,0.261,80833767,residential,0.298,0.037,True,False
荻窪→阿佐ヶ谷,8,10,35.7038,139.6305,63,80835345,residential,,,,,1.761,99998235,service,,,,,16.337,14.576,False,89.8,True,(c) 交差点付近の交差・接続way,37,80835345,residential,1.761,99998235,service,16.337,14.576,False,False
荻窪→阿佐ヶ谷,9,11,35.7037,139.63123,63,80835345,residential,,,,,1.189,80835305,residential,,,yes,,2.32,1.131,True,72.8,True,(c) 交差点付近の交差・接続way,37,80835345,residential,1.189,80835305,residential,2.32,1.131,True,False
荻窪→阿佐ヶ谷,10,13,35.70401,139.63283,63,80835360,residential,,,yes,,0.548,80835361,residential,,,,,2.146,1.598,True,68.9,True,(c) 交差点付近の交差・接続way,37,80835360,residential,0.548,80835361,residential,2.146,1.598,True,False
荻窪→阿佐ヶ谷,11,14,35.70462,139.63456,63,87704269,residential,,,yes,,0.639,80835360,residential,,,yes,,2.384,1.746,True,81.9,True,(c) 交差点付近の交差・接続way,37,87704269,residential,0.639,80835360,residential,2.384,1.746,True,False
荻窪→阿佐ヶ谷,12,16,35.70456,139.635,63,194848488,service,,,,,0.281,194848475,service,,,,いちょう小路,1.317,1.037,True,75.9,True,(c) 交差点付近の交差・接続way,37,194848488,service,0.281,194848475,service,1.317,1.037,True,False
荻窪→阿佐ヶ谷,13,18,35.7047,139.63559,63,87703816,residential,,,,,0.12,194848480,residential,,,,,1.07,0.95,True,81.8,True,(c) 交差点付近の交差・接続way,37,87703816,residential,0.12,194848480,residential,1.07,0.95,True,False
自由が丘→等々力,0,0,35.60767,139.66856,42,287033954,unclassified,,,yes,,0.728,114060649,unclassified,,,yes,女神通り,6.939,6.211,False,0.1,True,(c) 交差点付近の交差・接続way,23,287033954,unclassified,0.728,114060649,unclassified,6.939,6.211,False,False
自由が丘→等々力,1,3,35.60656,139.6681,42,25533292,unclassified,,,yes,カトレア通り,1.291,350353685,service,,,yes,,1.448,0.156,True,89.8,True,(c) 交差点付近の交差・接続way,23,25533292,unclassified,1.291,350353685,service,1.448,0.156,True,False
自由が丘→等々力,2,4,35.60661,139.66757,42,350353685,service,,,yes,,0.208,200093226,footway,,,,,3.119,2.91,False,7.0,True,(b) 車道と並走する歩道・自転車道,23,350353685,service,0.208,407446278,service,7.175,6.967,False,False
自由が丘→等々力,3,7,35.60616,139.66722,42,1337624814,residential,,,,,0.486,55047413,residential,,,yes,,1.556,1.069,True,81.0,True,(c) 交差点付近の交差・接続way,23,1337624814,residential,0.486,55047413,residential,1.556,1.069,True,False
自由が丘→等々力,4,8,35.60643,139.66625,42,1337624814,residential,,,,,0.811,48678504,service,,,,,0.988,0.177,True,39.5,True,(c) 交差点付近の交差・接続way,23,1337624814,residential,0.811,48678504,service,0.988,0.177,True,False
自由が丘→等々力,5,9,35.60601,139.66498,42,48903694,residential,,,,,0.74,48678504,service,,,,,1.623,0.883,True,81.5,True,(c) 交差点付近の交差・接続way,23,48903694,residential,0.74,48678504,service,1.623,0.883,True,False
自由が丘→等々力,6,11,35.60546,139.66304,42,1337624815,service,,,,,0.073,295477986,tertiary,,,,等々力通り,1.334,1.261,True,43.6,True,(c) 交差点付近の交差・接続way,23,1337624815,service,0.073,295477986,tertiary,1.334,1.261,True,False
自由が丘→等々力,7,12,35.60861,139.6495,42,59266136,tertiary,,,,等々力通り,0.131,190122592,residential,,,,,1.318,1.187,True,67.8,True,(c) 交差点付近の交差・接続way,23,59266136,tertiary,0.131,190122592,residential,1.318,1.187,True,False
自由が丘→等々力,8,14,35.60826,139.64885,42,47483021,footway,,,,,0.02,190122593,residential,,,,,1.586,1.566,True,69.7,True,(c) 交差点付近の交差・接続way,23,190122593,residential,1.586,190122592,residential,25.75,24.164,False,True
自由が丘→等々力,9,15,35.60857,139.64751,42,47483021,footway,,,,,0.144,91465367,footway,,,,,1.062,0.918,True,85.8,True,(c) 交差点付近の交差・接続way,23,190122593,residential,127.611,190122592,residential,151.775,24.164,False,True
浦和→さいたま新都心,0,0,35.85878,139.65799,108,916790137,tertiary,,,yes,,2.776,916790138,tertiary,,,yes,,7.738,4.962,False,0.0,True,(c) 交差点付近の交差・接続way,65,916790137,tertiary,2.776,916790138,tertiary,7.738,4.962,False,False
浦和→さいたま新都心,1,2,35.85906,139.65813,108,1444864905,tertiary,,,yes,,0.51,325347768,unclassified,,,yes,,1.014,0.505,True,77.0,True,(c) 交差点付近の交差・接続way,65,1444864905,tertiary,0.51,325347768,unclassified,1.014,0.505,True,False
浦和→さいたま新都心,2,5,35.85991,139.6569,108,325347769,unclassified,,,yes,,0.169,155587099,residential,,,,,0.871,0.701,True,84.6,True,(c) 交差点付近の交差・接続way,65,325347769,unclassified,0.169,155587099,residential,0.871,0.701,True,False
浦和→さいたま新都心,3,6,35.86051,139.65648,108,299401402,unclassified,,,,,0.1,325347769,unclassified,,,yes,,25.884,25.784,False,15.7,True,(c) 交差点付近の交差・接続way,65,299401402,unclassified,0.1,325347769,unclassified,25.884,25.784,False,False
浦和→さいたま新都心,4,7,35.86101,139.65633,108,299401402,unclassified,,,,,0.16,771672190,residential,,,,,43.095,42.935,False,86.4,True,(c) 交差点付近の交差・接続way,65,299401402,unclassified,0.16,771672190,residential,43.095,42.935,False,False
浦和→さいたま新都心,5,8,35.86137,139.65614,108,771672190,residential,,,,,0.02,299401402,unclassified,,,,,1.173,1.154,True,83.0,True,(c) 交差点付近の交差・接続way,65,771672190,residential,0.02,299401402,unclassified,1.173,1.154,True,False
浦和→さいたま新都心,6,9,35.86593,139.65308,108,100148369,tertiary,,,,東通り,1.139,100298047,unclassified,,,,,1.302,0.163,True,87.0,True,(c) 交差点付近の交差・接続way,65,100148369,tertiary,1.139,100298047,unclassified,1.302,0.163,True,False
浦和→さいたま新都心,7,10,35.86644,139.65293,108,1263030291,unclassified,,,,,0.721,100148369,tertiary,,,,東通り,0.844,0.123,True,84.9,True,(c) 交差点付近の交差・接続way,65,1263030291,unclassified,0.721,100148369,tertiary,0.844,0.123,True,False
浦和→さいたま新都心,8,13,35.86665,139.65262,108,1378604847,footway,,,,,1.377,1378633397,footway,,,,,3.177,1.8,True,5.8,True,(c) 交差点付近の交差・接続way,65,34062541,trunk,7.458,100148347,unclassified,10.896,3.439,False,True
浦和→さいたま新都心,9,17,35.86766,139.6515,108,100148347,unclassified,,,,,2.083,100400218,residential,,,,,3.439,1.356,True,15.9,True,(c) 交差点付近の交差・接続way,65,100148347,unclassified,2.083,100400218,residential,3.439,1.356,True,False
浦和→さいたま新都心,10,18,35.86815,139.6512,108,100148347,unclassified,,,,,0.471,100400235,unclassified,,,,,16.498,16.027,False,78.3,True,(c) 交差点付近の交差・接続way,65,100148347,unclassified,0.471,100400235,unclassified,16.498,16.027,False,False
浦和→さいたま新都心,11,20,35.86828,139.65085,108,771672193,service,,,,,0.142,100400218,residential,,,,,2.684,2.542,False,89.4,True,(c) 交差点付近の交差・接続way,65,771672193,service,0.142,100400218,residential,2.684,2.542,False,False
浦和→さいたま新都心,12,21,35.87001,139.64949,108,100400218,residential,,,,,0.32,771672195,residential,,,,,1.449,1.129,True,88.0,True,(c) 交差点付近の交差・接続way,65,100400218,residential,0.32,771672195,residential,1.449,1.129,True,False
浦和→さいたま新都心,13,22,35.86979,139.64907,108,312590910,primary,,,no,旧中山道,0.077,771672195,residential,,,,,0.902,0.825,True,87.8,True,(c) 交差点付近の交差・接続way,65,312590910,primary,0.077,771672195,residential,0.902,0.825,True,False
浦和→さいたま新都心,14,23,35.87263,139.64713,108,484454198,footway,,,,,1.164,906817331,primary,,,no,旧中山道,1.684,0.519,True,41.8,True,(c) 交差点付近の交差・接続way,65,906817331,primary,1.684,207813769,tertiary,3.609,1.925,True,False
浦和→さいたま新都心,15,24,35.87646,139.64517,108,323017083,secondary,yes,,no,旧中山道,0.23,99170884,unclassified,,,,,2.277,2.047,False,82.8,True,(c) 交差点付近の交差・接続way,65,323017083,secondary,0.23,99170884,unclassified,2.277,2.047,False,False
浦和→さいたま新都心,16,25,35.88068,139.64305,108,323017083,secondary,yes,,no,旧中山道,0.973,1429902657,footway,yes,,,,6.004,5.031,False,0.5,False,(b) 車道と並走する歩道・自転車道,65,323017083,secondary,0.973,1429902657,footway,6.004,5.031,False,False
浦和→さいたま新都心,17,26,35.88224,139.64189,108,1429907953,footway,yes,,,,0.209,99170594,residential,,,,,2.88,2.671,False,81.4,True,(c) 交差点付近の交差・接続way,65,1429907953,footway,0.209,99170594,residential,2.88,2.671,False,False
浦和→さいたま新都心,18,27,35.88749,139.63856,108,1393674973,secondary,designated,,,旧中山道,3.163,770936314,footway,,,,,6.438,3.275,False,0.1,False,(b) 車道と並走する歩道・自転車道,65,1393674973,secondary,3.163,1429898982,footway,19.54,16.377,False,False
浦和→さいたま新都心,19,28,35.89348,139.63469,108,1393674972,secondary,,,,旧中山道,1.547,57898235,motorway,no,,yes,首都高速埼玉新都心線,3.806,2.259,False,83.9,False,(c) 交差点付近の交差・接続way,65,1393674972,secondary,1.547,200913410,primary,5.122,3.575,False,False
浦和→さいたま新都心,20,29,35.89411,139.63417,108,285614711,pedestrian,,,,,2.855,770927661,footway,,,,,4.819,1.964,True,84.5,False,(c) 交差点付近の交差・接続way,65,1393674972,secondary,6.401,200913413,primary,68.749,62.347,False,True
吉祥寺→三鷹,0,0,35.70293,139.57722,56,1253983170,secondary,,,,吉祥寺通り,0.719,1253983167,primary,,,,井ノ頭通り,0.783,0.063,True,86.5,True,(c) 交差点付近の交差・接続way,25,1253983170,secondary,0.719,1253983167,primary,0.783,0.063,True,False
吉祥寺→三鷹,1,1,35.70566,139.56803,56,145130502,tertiary,,,,,0.379,178772547,primary,,,,井ノ頭通り,0.474,0.095,True,85.8,True,(c) 交差点付近の交差・接続way,25,145130502,tertiary,0.379,178772547,primary,0.474,0.095,True,False
吉祥寺→三鷹,2,2,35.70369,139.56694,56,145130484,tertiary,,,,成蹊通り,0.781,209297871,residential,,,yes,,1.266,0.485,True,63.2,True,(c) 交差点付近の交差・接続way,25,145130484,tertiary,0.781,209297871,residential,1.266,0.485,True,False
吉祥寺→三鷹,3,3,35.70352,139.56092,56,1527420839,service,,,yes,,0.975,153167829,tertiary,,,,中町新道,3.278,2.303,False,89.5,True,(c) 交差点付近の交差・接続way,25,1527420839,service,0.975,153167829,tertiary,3.278,2.303,False,False
吉祥寺→三鷹,4,4,35.70333,139.56089,56,1527420839,service,,,yes,,2.034,1527420840,service,,,yes,,2.426,0.392,True,16.9,True,(c) 交差点付近の交差・接続way,25,1527420839,service,2.034,1527420840,service,2.426,0.392,True,False
立川→国分寺,0,0,35.69665,139.4128,164,853388885,tertiary,,,yes,,0.123,823191579,pedestrian,,,,,4.107,3.984,False,1.9,False,(b) 車道と並走する歩道・自転車道,102,853388885,tertiary,0.123,742524877,tertiary,12.835,12.711,False,False
立川→国分寺,1,1,35.69566,139.41228,164,742524875,tertiary,,,yes,,1.541,853388888,tertiary,,,,立川南通り,2.408,0.867,True,81.6,True,(c) 交差点付近の交差・接続way,102,742524875,tertiary,1.541,853388888,tertiary,2.408,0.867,True,False
立川→国分寺,2,2,35.69174,139.42325,164,81601827,unclassified,,,yes,,1.917,138427594,tertiary,,,yes,立川南通り,4.217,2.299,False,80.4,True,(c) 交差点付近の交差・接続way,102,81601827,unclassified,1.917,138427594,tertiary,4.217,2.299,False,False
立川→国分寺,3,3,35.69153,139.42453,164,1429406683,tertiary,,,yes,立川南通り,1.399,1453544791,footway,,,,,3.621,2.222,False,0.2,False,(b) 車道と並走する歩道・自転車道,102,1429406683,tertiary,1.399,138427587,tertiary,5.485,4.086,False,False
立川→国分寺,4,4,35.69157,139.4252,164,138427587,tertiary,,,yes,立川南通り,0.86,1429406683,tertiary,,,yes,立川南通り,8.607,7.747,False,5.6,False,(a) 同一道路の分離ウェイ,102,138427587,tertiary,0.86,1429406683,tertiary,8.607,7.747,False,False
立川→国分寺,5,5,35.6915,139.42711,164,138427588,tertiary,,,yes,立川南通り,1.131,854935399,tertiary,,,yes,立川南通り,9.465,8.334,False,0.1,True,(c) 交差点付近の交差・接続way,102,138427588,tertiary,1.131,854935399,tertiary,9.465,8.334,False,False
立川→国分寺,6,7,35.69124,139.42831,164,81601830,tertiary,,,,,1.161,77067799,tertiary,,,,立川南通り,4.332,3.171,False,75.1,True,(c) 交差点付近の交差・接続way,102,81601830,tertiary,1.161,77067799,tertiary,4.332,3.171,False,False
立川→国分寺,7,8,35.69027,139.43143,164,81848141,tertiary,,,,,0.973,81848101,tertiary,,,,,1.962,0.988,True,81.3,True,(c) 交差点付近の交差・接続way,102,81848141,tertiary,0.973,81848101,tertiary,1.962,0.988,True,False
立川→国分寺,8,9,35.69016,139.43212,164,81848141,tertiary,,,,,2.422,81848101,tertiary,,,,,61.384,58.962,False,88.3,True,(c) 交差点付近の交差・接続way,102,81848141,tertiary,2.422,81848101,tertiary,61.384,58.962,False,False
立川→国分寺,9,10,35.69022,139.43395,164,81848141,tertiary,,,,,1.463,81848109,tertiary,,,,,2.298,0.835,True,90.0,True,(c) 交差点付近の交差・接続way,102,81848141,tertiary,1.463,81848109,tertiary,2.298,0.835,True,False
立川→国分寺,10,11,35.69165,139.43391,164,84272034,tertiary,,,,,1.624,84271997,residential,,,yes,,1.626,0.002,True,89.6,True,(c) 交差点付近の交差・接続way,102,84272034,tertiary,1.624,84271997,residential,1.626,0.002,True,False
立川→国分寺,11,12,35.69184,139.43967,164,84271997,residential,,,yes,,1.673,237757473,service,,,,,1.951,0.278,True,89.1,True,(c) 交差点付近の交差・接続way,102,84271997,residential,1.673,237757473,service,1.951,0.278,True,False
立川→国分寺,12,13,35.69114,139.4397,164,237757473,service,,,,,0.346,84271985,residential,,,,,1.005,0.659,True,89.1,True,(c) 交差点付近の交差・接続way,102,237757473,service,0.346,84271985,residential,1.005,0.659,True,False
立川→国分寺,13,14,35.69135,139.44677,164,135230359,footway,,,,,0.048,84271957,residential,,,,,0.632,0.584,True,89.8,True,(c) 交差点付近の交差・接続way,102,84271957,residential,0.632,1343335379,cycleway,12.42,11.788,False,True
立川→国分寺,14,15,35.69205,139.44675,164,84271956,residential,,,,,0.407,135230359,footway,,,,,1.101,0.694,True,89.7,True,(c) 交差点付近の交差・接続way,102,84271956,residential,0.407,1343335373,cycleway,11.374,10.966,False,True
立川→国分寺,15,17,35.69359,139.44711,164,53348166,residential,,,yes,,0.459,135230354,footway,no,,,,0.731,0.273,True,89.9,True,(c) 交差点付近の交差・接続way,102,53348166,residential,0.459,1343335575,cycleway,11.369,10.91,False,True
立川→国分寺,16,18,35.69382,139.45489,164,172480046,residential,,,yes,,0.067,86478865,unclassified,,,yes,,0.283,0.216,True,90.0,True,(c) 交差点付近の交差・接続way,102,172480046,residential,0.067,86478865,unclassified,0.283,0.216,True,False
立川→国分寺,17,19,35.69437,139.45488,164,84271954,secondary,,,,多喜窪通り,0.937,86478865,unclassified,,,yes,,1.051,0.114,True,89.5,True,(c) 交差点付近の交差・接続way,102,84271954,secondary,0.937,86478865,unclassified,1.051,0.114,True,False
立川→国分寺,18,20,35.69447,139.45796,164,728187456,secondary,,,,多喜窪通り,0.263,454008763,service,,,,,8.838,8.575,False,45.3,True,(c) 交差点付近の交差・接続way,102,728187456,secondary,0.263,454008763,service,8.838,8.575,False,False
立川→国分寺,19,21,35.69432,139.45997,164,728187456,secondary,,,,多喜窪通り,0.397,184674220,primary,,,yes,新府中街道,4.212,3.816,False,55.0,True,(c) 交差点付近の交差・接続way,102,728187456,secondary,0.397,184674220,primary,4.212,3.816,False,False
立川→国分寺,20,22,35.69408,139.4623,164,161965524,secondary,,,,多喜窪通り,2.338,1252310694,footway,,,,,5.489,3.151,False,48.1,False,(c) 交差点付近の交差・接続way,102,161965524,secondary,2.338,172480137,tertiary,6.206,3.868,False,False
立川→国分寺,21,24,35.69483,139.46397,164,172480150,secondary,,,,多喜窪通り,1.341,86751479,tertiary,,,,奈良橋通り,3.123,1.782,True,77.5,True,(c) 交差点付近の交差・接続way,102,172480150,secondary,1.341,86751479,tertiary,3.123,1.782,True,False
立川→国分寺,22,26,35.69506,139.46456,164,161954712,secondary,,,,多喜窪通り,0.113,1410570716,service,,,,,16.213,16.101,False,21.1,False,(d) その他,102,161954712,secondary,0.113,1410570716,service,16.213,16.101,False,False
立川→国分寺,23,27,35.69541,139.46619,164,161954672,secondary,,,,多喜窪通り,1.413,887546947,residential,,,,,2.021,0.608,True,89.3,False,(c) 交差点付近の交差・接続way,102,161954672,secondary,1.413,887546947,residential,2.021,0.608,True,False
立川→国分寺,24,28,35.69604,139.4692,164,1346808669,tertiary,,,,,0.184,1427049474,secondary,,,,多喜窪通り,0.352,0.168,True,73.7,True,(c) 交差点付近の交差・接続way,102,1346808669,tertiary,0.184,1427049474,secondary,0.352,0.168,True,False
立川→国分寺,25,29,35.69628,139.47058,164,1427049474,secondary,,,,多喜窪通り,1.054,1349229546,footway,,,,,5.953,4.899,False,18.9,False,(b) 車道と並走する歩道・自転車道,102,1427049474,secondary,1.054,1346808669,tertiary,121.294,120.24,False,False
立川→国分寺,26,30,35.69655,139.47463,164,161954707,secondary,,,,多喜窪通り,0.158,1349229546,footway,,,,,4.237,4.079,False,11.4,False,(b) 車道と並走する歩道・自転車道,102,161954707,secondary,0.158,161953549,residential,10.134,9.975,False,False
立川→国分寺,27,31,35.69646,139.47531,164,161954707,secondary,,,,多喜窪通り,1.945,401781054,service,,,,,8.65,6.704,False,85.8,True,(c) 交差点付近の交差・接続way,102,161954707,secondary,1.945,401781054,service,8.65,6.704,False,False
立川→国分寺,28,32,35.69662,139.47615,164,258865968,residential,,,,,0.494,161954707,secondary,,,,多喜窪通り,1.974,1.479,True,88.7,True,(c) 交差点付近の交差・接続way,102,258865968,residential,0.494,161954707,secondary,1.974,1.479,True,False
立川→国分寺,29,33,35.69728,139.47745,164,161954368,residential,,,,,0.111,161954707,secondary,,,,多喜窪通り,0.597,0.487,True,84.8,True,(c) 交差点付近の交差・接続way,102,161954368,residential,0.111,161954707,secondary,0.597,0.487,True,False
立川→国分寺,30,34,35.69796,139.47823,164,1427049470,secondary,,,,多喜窪通り,0.705,28850943,tertiary,,,,,3.297,2.591,False,85.8,True,(c) 交差点付近の交差・接続way,102,1427049470,secondary,0.705,28850943,tertiary,3.297,2.591,False,False
立川→国分寺,31,35,35.69856,139.4793,164,161953646,unclassified,,,,,0.546,1427049473,unclassified,,,,,1.384,0.837,True,70.3,True,(c) 交差点付近の交差・接続way,102,161953646,unclassified,0.546,1427049473,unclassified,1.384,0.837,True,False
立川→国分寺,32,36,35.69924,139.48017,164,1427049470,secondary,,,,多喜窪通り,0.52,1427049472,tertiary,,,,,1.858,1.338,True,57.0,True,(c) 交差点付近の交差・接続way,102,1427049470,secondary,0.52,1427049472,tertiary,1.858,1.338,True,False
立川→国分寺,33,37,35.69941,139.48015,164,1427049472,tertiary,,,,,0.142,1082813744,footway,,,,,4.488,4.346,False,31.1,True,(c) 交差点付近の交差・接続way,102,1427049472,tertiary,0.142,1427049470,secondary,18.084,17.942,False,False
横浜→みなとみらい,0,0,35.46478,139.62296,109,548992507,service,,,,,0.062,542886819,footway,,,,,0.96,0.898,True,87.1,True,(c) 交差点付近の交差・接続way,50,548992507,service,0.062,28413949,unclassified,6.145,6.083,False,True
横浜→みなとみらい,1,4,35.46414,139.62264,109,28413948,unclassified,,,yes,,0.999,1083959345,footway,,,,,4.695,3.696,False,22.2,False,(d) その他,50,28413948,unclassified,0.999,28413951,primary,42.778,41.779,False,False
横浜→みなとみらい,2,5,35.46358,139.62261,109,28413948,unclassified,,,yes,,0.717,1083959354,footway,,,,,4.907,4.19,False,26.8,True,(c) 交差点付近の交差・接続way,50,28413948,unclassified,0.717,28413951,primary,12.06,11.343,False,False
横浜→みなとみらい,3,7,35.46312,139.62246,109,32463172,tertiary,,,,,0.559,1216392564,primary,,,,県道80号,1.447,0.889,True,55.8,True,(c) 交差点付近の交差・接続way,50,32463172,tertiary,0.559,1216392564,primary,1.447,0.889,True,False
横浜→みなとみらい,4,9,35.46206,139.62276,109,111656069,tertiary,,,,,0.028,26643010,tertiary,,,,,0.412,0.385,True,88.9,True,(c) 交差点付近の交差・接続way,50,111656069,tertiary,0.028,26643010,tertiary,0.412,0.385,True,False
横浜→みなとみらい,5,10,35.46104,139.6231,109,26643010,tertiary,,,,,0.773,134758809,residential,,,yes,,2.656,1.883,True,83.4,True,(c) 交差点付近の交差・接続way,50,26643010,tertiary,0.773,134758809,residential,2.656,1.883,True,False
横浜→みなとみらい,6,11,35.46059,139.62348,109,26643010,tertiary,,,,,2.785,389322199,footway,,,,,7.705,4.919,False,57.7,True,(c) 交差点付近の交差・接続way,50,26643010,tertiary,2.785,306336255,trunk,18.186,15.401,False,False
横浜→みなとみらい,7,13,35.4606,139.62411,109,1298550088,tertiary,,,yes,すずかけ通り,0.483,306336242,trunk,,,yes,国道1号,4.815,4.332,False,82.8,True,(c) 交差点付近の交差・接続way,50,1298550088,tertiary,0.483,306336242,trunk,4.815,4.332,False,False
横浜→みなとみらい,8,14,35.46044,139.62529,109,306336243,tertiary,,,yes,すずかけ通り,0.315,452383849,footway,,,,,6.901,6.586,False,2.2,False,(b) 車道と並走する歩道・自転車道,50,306336243,tertiary,0.315,306336253,tertiary,10.596,10.281,False,False
横浜→みなとみらい,9,15,35.4606,139.62651,109,306336254,tertiary,,,yes,みなとみらい大通り,0.825,1215885243,tertiary,,,yes,すずかけ通り,0.995,0.17,True,79.5,True,(c) 交差点付近の交差・接続way,50,306336254,tertiary,0.825,1215885243,tertiary,0.995,0.17,True,False
横浜→みなとみらい,10,16,35.46117,139.62985,109,25944286,tertiary,,,yes,すずかけ通り,1.321,25944240,tertiary,,,yes,,2.679,1.359,True,85.9,True,(c) 交差点付近の交差・接続way,50,25944286,tertiary,1.321,25944240,tertiary,2.679,1.359,True,False
横浜→みなとみらい,11,17,35.45889,139.63163,109,36348141,tertiary,,,yes,,0.666,421423861,footway,,,,,3.694,3.027,False,89.6,True,(c) 交差点付近の交差・接続way,50,36348141,tertiary,0.666,832563170,tertiary,7.226,6.559,False,False
川崎→武蔵小杉,0,0,35.53185,139.69658,168,153006969,tertiary,,,,西口通り,0.651,682642039,pedestrian,,,,,3.795,3.144,False,75.9,False,(c) 交差点付近の交差・接続way,88,153006969,tertiary,0.651,167066771,service,11.463,10.812,False,False
川崎→武蔵小杉,1,1,35.53373,139.69954,168,674147586,pedestrian,,,,,0.382,205715297,cycleway,yes,,yes,,2.129,1.746,True,70.2,False,(c) 交差点付近の交差・接続way,88,205715297,cycleway,2.129,674147583,tertiary,4.032,1.903,True,False
川崎→武蔵小杉,2,2,35.53618,139.70223,168,1295585359,footway,,,,,2.89,262825873,tertiary,,,no,堀川町線,5.695,2.805,False,23.7,False,(d) その他,88,262825873,tertiary,5.695,262825874,trunk,9.917,4.222,False,False
川崎→武蔵小杉,3,3,35.53827,139.698,168,1226423529,trunk,,yes,yes,府中街道,1.386,989906376,footway,,,,,4.215,2.83,False,2.1,False,(b) 車道と並走する歩道・自転車道,88,1226423529,trunk,1.386,989906377,trunk,8.207,6.821,False,False
川崎→武蔵小杉,4,4,35.54013,139.69686,168,989951075,trunk,,yes,yes,府中街道,1.844,992703183,trunk,,yes,yes,府中街道,6.634,4.789,False,4.3,False,(a) 同一道路の分離ウェイ,88,989951075,trunk,1.844,992703183,trunk,6.634,4.789,False,False
川崎→武蔵小杉,5,5,35.54306,139.69367,168,992241606,trunk,,yes,yes,府中街道,2.754,263456981,trunk,,yes,yes,府中街道,4.331,1.577,True,5.1,False,(a) 同一道路の分離ウェイ,88,992241606,trunk,2.754,263456981,trunk,4.331,1.577,True,False
川崎→武蔵小杉,6,6,35.54401,139.69123,168,387787695,footway,,,,,0.056,991711775,trunk,,yes,yes,府中街道,0.367,0.311,True,41.6,False,(d) その他,88,991711775,trunk,0.367,264689944,trunk,2.121,1.753,True,False
川崎→武蔵小杉,7,7,35.54646,139.68509,168,991020675,trunk,designated,yes,yes,府中街道,2.669,990058492,trunk,designated,yes,yes,府中街道,4.447,1.778,True,1.4,False,(a) 同一道路の分離ウェイ,88,991020675,trunk,2.669,990058492,trunk,4.447,1.778,True,False
川崎→武蔵小杉,8,8,35.54939,139.68217,168,1451926119,footway,,,,,1.95,991020675,trunk,designated,yes,yes,府中街道,2.772,0.822,True,0.7,False,(b) 車道と並走する歩道・自転車道,88,991020675,trunk,2.772,990058492,trunk,10.194,7.422,False,True
川崎→武蔵小杉,9,9,35.55289,139.67992,168,27639367,trunk,,yes,,府中街道,0.25,1011150937,footway,,,,,5.674,5.424,False,82.6,True,(c) 交差点付近の交差・接続way,88,27639367,trunk,0.25,27073883,trunk,10.885,10.635,False,False
川崎→武蔵小杉,10,10,35.55431,139.67884,168,31875063,tertiary,,,yes,南武沿線道路,0.227,155790743,service,,,,,4.022,3.795,False,89.6,True,(c) 交差点付近の交差・接続way,88,31875063,tertiary,0.227,155790743,service,4.022,3.795,False,False
川崎→武蔵小杉,11,11,35.55607,139.67756,168,31875063,tertiary,,,yes,南武沿線道路,1.23,1537673791,footway,,,,,3.872,2.642,False,1.9,False,(b) 車道と並走する歩道・自転車道,88,31875063,tertiary,1.23,263457845,tertiary,10.052,8.822,False,False
川崎→武蔵小杉,12,12,35.55828,139.67599,168,932751006,tertiary,,,yes,南武沿線道路,0.484,37712600,tertiary,,,,,2.978,2.494,False,67.5,True,(c) 交差点付近の交差・接続way,88,932751006,tertiary,0.484,37712600,tertiary,2.978,2.494,False,False
川崎→武蔵小杉,13,13,35.56025,139.67457,168,932751006,tertiary,,,yes,南武沿線道路,0.108,1144230124,unclassified,,,yes,平間銀座,5.209,5.101,False,58.7,True,(c) 交差点付近の交差・接続way,88,932751006,tertiary,0.108,1144230124,unclassified,5.209,5.101,False,False
川崎→武蔵小杉,14,14,35.56317,139.67255,168,294664333,tertiary,,,yes,南武沿線道路,0.289,159367393,residential,,,,,2.631,2.342,False,56.6,True,(c) 交差点付近の交差・接続way,88,294664333,tertiary,0.289,159367393,residential,2.631,2.342,False,False
川崎→武蔵小杉,15,15,35.56546,139.671,168,294664333,tertiary,,,yes,南武沿線道路,0.765,557828565,residential,,,,,1.799,1.034,True,64.0,True,(c) 交差点付近の交差・接続way,88,294664333,tertiary,0.765,557828565,residential,1.799,1.034,True,False
川崎→武蔵小杉,16,16,35.56923,139.66995,168,294664333,tertiary,,,yes,南武沿線道路,0.045,159367636,unclassified,,,,,2.207,2.162,False,59.6,True,(c) 交差点付近の交差・接続way,88,294664333,tertiary,0.045,159367636,unclassified,2.207,2.162,False,False
川崎→武蔵小杉,17,18,35.56968,139.66943,168,159368010,service,,,,,0.071,228751920,footway,,,,,31.061,30.99,False,41.2,True,(c) 交差点付近の交差・接続way,88,159368010,service,0.071,294664333,tertiary,36.421,36.351,False,False
川崎→武蔵小杉,18,20,35.56992,139.66859,168,159368010,service,,,,,0.932,680507396,residential,,,,,1.428,0.497,True,81.6,True,(c) 交差点付近の交差・接続way,88,159368010,service,0.932,680507396,residential,1.428,0.497,True,False
川崎→武蔵小杉,19,22,35.57003,139.66775,168,561778848,path,,,,,0.531,812902514,path,,,,,3.103,2.573,False,82.8,True,(c) 交差点付近の交差・接続way,88,267964155,service,11.667,123451445,service,12.775,1.108,True,True
川崎→武蔵小杉,20,23,35.57043,139.66777,168,812902514,path,,,,,5.229,561778848,path,,,,,44.084,38.855,False,80.6,True,(c) 交差点付近の交差・接続way,88,123451445,service,44.416,123451447,service,44.416,0.0,True,True
川崎→武蔵小杉,21,25,35.57216,139.66722,168,812902514,path,,,,,3.42,267954379,footway,,,,,29.19,25.771,False,38.3,True,(c) 交差点付近の交差・接続way,88,267954376,service,98.705,1034802251,tertiary,124.147,25.441,False,False
川崎→武蔵小杉,22,29,35.57252,139.66695,168,123458564,unclassified,,private,,,0.047,267954379,footway,,,,,3.929,3.882,False,0.1,False,(b) 車道と並走する歩道・自転車道,88,267954376,service,52.358,1034802251,tertiary,83.088,30.73,False,False
川崎→武蔵小杉,23,32,35.57273,139.66661,168,123458564,unclassified,,private,,,0.002,267954378,footway,,,,,5.373,5.37,False,1.7,False,(b) 車道と並走する歩道・自転車道,88,267954376,service,16.552,1034802251,tertiary,58.286,41.734,False,False
川崎→武蔵小杉,24,33,35.57323,139.66647,168,123458564,unclassified,,private,,,1.394,1034802251,tertiary,,,,,2.426,1.032,True,78.2,True,(c) 交差点付近の交差・接続way,88,1034802251,tertiary,2.426,31990106,tertiary,3.101,0.674,True,False
川崎→武蔵小杉,25,34,35.57325,139.66392,168,31990106,tertiary,,,,,1.231,267975548,footway,,,,,2.905,1.674,True,2.3,False,(b) 車道と並走する歩道・自転車道,88,31990106,tertiary,1.231,1058295212,tertiary,5.633,4.402,False,True
川崎→武蔵小杉,26,35,35.57318,139.66348,168,932277458,tertiary,,,,,2.018,267954378,footway,,,,,3.456,1.438,True,7.0,False,(b) 車道と並走する歩道・自転車道,88,932277458,tertiary,2.018,570317028,unclassified,19.242,17.224,False,True
川崎→武蔵小杉,27,36,35.57323,139.66325,168,570317028,unclassified,,,yes,,1.384,1028316658,tertiary,,,,,2.793,1.408,True,81.5,True,(c) 交差点付近の交差・接続way,88,570317028,unclassified,1.384,1028316658,tertiary,2.793,1.408,True,False
千葉→幕張本郷,0,0,35.61359,140.11442,282,702077871,tertiary,,,,千葉公園通り,1.144,350247461,footway,,,,,5.113,3.969,False,2.4,False,(b) 車道と並走する歩道・自転車道,156,702077871,tertiary,1.144,233565187,unclassified,55.399,54.255,False,False
千葉→幕張本郷,1,1,35.61346,140.11503,282,702077871,tertiary,,,,千葉公園通り,0.454,233565187,unclassified,,,yes,,0.609,0.154,True,89.6,True,(c) 交差点付近の交差・接続way,156,702077871,tertiary,0.454,233565187,unclassified,0.609,0.154,True,False
千葉→幕張本郷,2,2,35.61351,140.11567,282,702077871,tertiary,,,,千葉公園通り,1.509,1386938765,footway,,,,,3.798,2.289,False,1.3,False,(b) 車道と並走する歩道・自転車道,156,702077871,tertiary,1.509,233565187,unclassified,58.008,56.499,False,False
千葉→幕張本郷,3,3,35.6138,140.11625,282,702077871,tertiary,,,,千葉公園通り,2.102,1386938765,footway,,,,,4.112,2.01,False,1.7,False,(b) 車道と並走する歩道・自転車道,156,702077871,tertiary,2.102,144846303,residential,6.197,4.095,False,False
千葉→幕張本郷,4,4,35.61437,140.117,282,702077871,tertiary,,,,千葉公園通り,0.741,144846307,unclassified,,,yes,,4.314,3.573,False,54.5,True,(c) 交差点付近の交差・接続way,156,702077871,tertiary,0.741,144846307,unclassified,4.314,3.573,False,False
千葉→幕張本郷,5,6,35.61486,140.11788,282,233583368,footway,,,,,1.768,144785471,tertiary_link,,,yes,千葉公園通り,1.945,0.176,True,2.4,False,(b) 車道と並走する歩道・自転車道,156,144785471,tertiary_link,1.945,23053075,tertiary,5.962,4.018,False,True
千葉→幕張本郷,6,7,35.61519,140.11818,282,233583368,footway,,,,,1.487,144785471,tertiary_link,,,yes,千葉公園通り,2.448,0.961,True,3.1,False,(b) 車道と並走する歩道・自転車道,156,144785471,tertiary_link,2.448,23053075,tertiary,5.772,3.324,False,True
千葉→幕張本郷,7,8,35.61556,140.11828,282,144785471,tertiary_link,,,yes,千葉公園通り,0.658,181993567,footway,,,,,5.56,4.901,False,81.5,True,(c) 交差点付近の交差・接続way,156,144785471,tertiary_link,0.658,23053075,tertiary,6.721,6.062,False,False
千葉→幕張本郷,8,10,35.61591,140.11836,282,144785430,tertiary,,,yes,千葉公園通り,0.807,144785471,tertiary_link,,,yes,千葉公園通り,2.358,1.551,True,38.2,True,(c) 交差点付近の交差・接続way,156,144785430,tertiary,0.807,144785471,tertiary_link,2.358,1.551,True,False
千葉→幕張本郷,9,11,35.61662,140.11842,282,144785464,tertiary,,,,,0.916,219685759,unclassified,,,,,5.485,4.569,False,70.2,True,(c) 交差点付近の交差・接続way,156,144785464,tertiary,0.916,219685759,unclassified,5.485,4.569,False,False
千葉→幕張本郷,10,12,35.61834,140.11839,282,144785464,tertiary,,,,,0.62,172621192,unclassified,,,,房総往還,54.143,53.523,False,47.1,False,(c) 交差点付近の交差・接続way,156,144785464,tertiary,0.62,172621192,unclassified,54.143,53.523,False,False
千葉→幕張本郷,11,13,35.61896,140.11822,282,144785464,tertiary,,,,,1.123,1083937781,footway,,,,,8.348,7.225,False,0.7,False,(b) 車道と並走する歩道・自転車道,156,144785464,tertiary,1.123,172621192,unclassified,24.831,23.708,False,False
千葉→幕張本郷,12,14,35.61954,140.11793,282,144785464,tertiary,,,,,2.276,1083937781,footway,,,,,5.236,2.961,False,0.9,False,(b) 車道と並走する歩道・自転車道,156,144785464,tertiary,2.276,172621192,unclassified,19.554,17.279,False,False
千葉→幕張本郷,13,15,35.62083,140.11715,282,103755119,tertiary,,,,,0.413,1083937775,footway,,,,,5.143,4.731,False,0.2,False,(b) 車道と並走する歩道・自転車道,156,103755119,tertiary,0.413,1336459307,service,15.636,15.223,False,False
千葉→幕張本郷,14,16,35.62147,140.11679,282,172896096,unclassified,,,,,1.028,103755119,tertiary,,,,,1.686,0.658,True,88.7,True,(c) 交差点付近の交差・接続way,156,172896096,unclassified,1.028,103755119,tertiary,1.686,0.658,True,False
千葉→幕張本郷,15,18,35.62368,140.11597,282,23052404,trunk,,,yes,国道126号,0.143,178600326,unclassified,,,,,3.865,3.722,False,89.4,True,(c) 交差点付近の交差・接続way,156,23052404,trunk,0.143,178600326,unclassified,3.865,3.722,False,False
千葉→幕張本郷,16,19,35.62405,140.1158,282,23052404,trunk,,,yes,国道126号,0.349,22961575,trunk,,,yes,国道126号,9.337,8.989,False,1.4,True,(c) 交差点付近の交差・接続way,156,23052404,trunk,0.349,22961575,trunk,9.337,8.989,False,False
千葉→幕張本郷,17,20,35.62516,140.1154,282,23053066,tertiary,,,,作草部坂通り,0.925,23052404,trunk,,,yes,国道126号,1.161,0.236,True,73.7,True,(c) 交差点付近の交差・接続way,156,23053066,tertiary,0.925,23052404,trunk,1.161,0.236,True,False
千葉→幕張本郷,18,21,35.62607,140.11504,282,23052404,trunk,,,yes,国道126号,0.235,1083988791,footway,,,,,6.814,6.578,False,6.0,False,(b) 車道と並走する歩道・自転車道,156,23052404,trunk,0.235,22961575,trunk,8.231,7.996,False,False
千葉→幕張本郷,19,22,35.62677,140.11468,282,23052404,trunk,,,yes,国道126号,3.348,22961575,trunk,,,yes,国道126号,9.375,6.027,False,0.4,True,(c) 交差点付近の交差・接続way,156,23052404,trunk,3.348,22961575,trunk,9.375,6.027,False,False
千葉→幕張本郷,20,23,35.62823,140.11382,282,23052404,trunk,,,yes,国道126号,0.576,153600800,tertiary,,,,,1.436,0.86,True,90.0,True,(c) 交差点付近の交差・接続way,156,23052404,trunk,0.576,153600800,tertiary,1.436,0.86,True,False
千葉→幕張本郷,21,24,35.63006,140.11312,282,23052404,trunk,,,yes,国道126号,0.173,233960862,residential,,,yes,,0.691,0.518,True,83.6,True,(c) 交差点付近の交差・接続way,156,23052404,trunk,0.173,233960862,residential,0.691,0.518,True,False
千葉→幕張本郷,22,25,35.63246,140.11244,282,23052404,trunk,,,yes,国道126号,0.657,400848983,trunk,,,,国道126号,4.338,3.682,False,28.6,True,(c) 交差点付近の交差・接続way,156,23052404,trunk,0.657,400848983,trunk,4.338,3.682,False,False
千葉→幕張本郷,23,26,35.63407,140.11198,282,23052404,trunk,,,yes,国道126号,1.854,22961575,trunk,,,yes,国道126号,9.243,7.39,False,1.7,True,(c) 交差点付近の交差・接続way,156,23052404,trunk,1.854,22961575,trunk,9.243,7.39,False,False
千葉→幕張本郷,24,27,35.6346,140.11174,282,23052404,trunk,,,yes,国道126号,2.931,22961575,trunk,,,yes,国道126号,7.975,5.044,False,1.4,True,(c) 交差点付近の交差・接続way,156,23052404,trunk,2.931,22961575,trunk,7.975,5.044,False,False
千葉→幕張本郷,25,28,35.63547,140.11105,282,23052404,trunk,,,yes,国道126号,1.322,22961576,tertiary,,,,,7.37,6.049,False,21.9,True,(c) 交差点付近の交差・接続way,156,23052404,trunk,1.322,22961576,tertiary,7.37,6.049,False,False
千葉→幕張本郷,26,29,35.63694,140.10934,282,652775513,trunk,,,yes,国道126号,1.166,1066868407,trunk,,,,国道126号,1.449,0.283,True,85.5,True,(c) 交差点付近の交差・接続way,156,652775513,trunk,1.166,1066868407,trunk,1.449,0.283,True,False
千葉→幕張本郷,27,30,35.6392,140.10641,282,176181810,primary,,,,穴川天戸線,0.93,1275353170,steps,,,,,9.281,8.351,False,2.4,False,(b) 車道と並走する歩道・自転車道,156,176181810,primary,0.93,1545996542,primary,18.901,17.971,False,False
千葉→幕張本郷,28,32,35.63957,140.10505,282,176181803,secondary,,,,稲毛停車場穴川線,1.149,193838554,residential,,,,,5.354,4.205,False,85.3,True,(c) 交差点付近の交差・接続way,156,176181803,secondary,1.149,193838554,residential,5.354,4.205,False,False
千葉→幕張本郷,29,33,35.63962,140.10409,282,232894835,service,,,,,0.622,176181803,secondary,,,,稲毛停車場穴川線,0.712,0.09,True,88.3,True,(c) 交差点付近の交差・接続way,156,232894835,service,0.622,176181803,secondary,0.712,0.09,True,False
千葉→幕張本郷,30,34,35.63949,140.10172,282,176181803,secondary,,,,稲毛停車場穴川線,1.117,178600354,tertiary,,,,,1.71,0.592,True,89.0,True,(c) 交差点付近の交差・接続way,156,176181803,secondary,1.117,178600354,tertiary,1.71,0.592,True,False
千葉→幕張本郷,31,35,35.6388,140.09682,282,176181803,secondary,,,,稲毛停車場穴川線,1.251,144532234,unclassified,,,,,5.38,4.129,False,89.3,True,(c) 交差点付近の交差・接続way,156,176181803,secondary,1.251,144532234,unclassified,5.38,4.129,False,False
千葉→幕張本郷,32,36,35.63832,140.09347,282,1545996537,tertiary,,,,放医研通り,0.345,176181803,secondary,,,,稲毛停車場穴川線,1.017,0.672,True,68.8,True,(c) 交差点付近の交差・接続way,156,1545996537,tertiary,0.345,176181803,secondary,1.017,0.672,True,False
千葉→幕張本郷,33,37,35.64812,140.08627,282,22962353,tertiary,,,,小仲台坂通り,0.556,1545996530,tertiary,,,yes,,9.089,8.533,False,76.0,True,(c) 交差点付近の交差・接続way,156,22962353,tertiary,0.556,1545996530,tertiary,9.089,8.533,False,False
千葉→幕張本郷,34,39,35.64739,140.08533,282,142225531,footway,,,,,0.596,1545996530,tertiary,,,yes,,6.594,5.998,False,0.1,False,(b) 車道と並走する歩道・自転車道,156,1545996530,tertiary,6.594,61894287,tertiary,51.76,45.166,False,False
千葉→幕張本郷,35,40,35.64628,140.08398,282,176443607,residential,,,,,0.04,142225531,footway,,,,,1.399,1.359,True,55.2,False,(c) 交差点付近の交差・接続way,156,176443607,residential,0.04,176443609,residential,6.486,6.446,False,True
千葉→幕張本郷,36,41,35.64694,140.08385,282,176443607,residential,,,,,1.17,142259721,footway,,,,,1.171,0.001,True,56.7,False,(c) 交差点付近の交差・接続way,156,176443607,residential,1.17,142268720,residential,3.487,2.317,False,True
千葉→幕張本郷,37,42,35.64746,140.08364,282,142268720,residential,,,,,1.759,1280925031,steps,,,,,44.589,42.831,False,72.6,True,(c) 交差点付近の交差・接続way,156,142268720,residential,1.759,162096538,tertiary,47.071,45.313,False,False
千葉→幕張本郷,38,43,35.64794,140.08327,282,142268720,residential,,,,,0.513,162096538,tertiary,,,,,15.594,15.081,False,89.9,True,(c) 交差点付近の交差・接続way,156,142268720,residential,0.513,162096538,tertiary,15.594,15.081,False,False
千葉→幕張本郷,39,44,35.64831,140.08289,282,142268720,residential,,,,,0.686,1545985649,tertiary,,,,検見川町花園町線,50.449,49.763,False,87.6,False,(c) 交差点付近の交差・接続way,156,142268720,residential,0.686,1545985649,tertiary,50.449,49.763,False,False
千葉→幕張本郷,40,45,35.64859,140.0825,282,1545985649,tertiary,,,,検見川町花園町線,3.62,142268720,residential,,,,,4.623,1.004,True,3.3,False,(d) その他,156,1545985649,tertiary,3.62,142268720,residential,4.623,1.004,True,False
千葉→幕張本郷,41,46,35.64884,140.08195,282,762649841,residential,,,,,0.251,142268708,residential,,,,,1.477,1.226,True,89.4,True,(c) 交差点付近の交差・接続way,156,762649841,residential,0.251,142268708,residential,1.477,1.226,True,False
千葉→幕張本郷,42,47,35.64903,140.08095,282,142268708,residential,,,,,1.034,142268702,residential,,,,,19.373,18.339,False,26.7,True,(c) 交差点付近の交差・接続way,156,142268708,residential,1.034,142268702,residential,19.373,18.339,False,False
千葉→幕張本郷,43,49,35.64894,140.0806,282,142268702,residential,,,,,2.338,1494455755,track,,,,,18.412,16.074,False,89.1,True,(c) 交差点付近の交差・接続way,156,142268702,residential,2.338,1494455755,track,18.412,16.074,False,False
千葉→幕張本郷,44,50,35.64886,140.0796,282,142268702,residential,,,,,0.006,762649858,residential,,,,,0.467,0.462,True,81.6,True,(c) 交差点付近の交差・接続way,156,142268702,residential,0.006,762649858,residential,0.467,0.462,True,False
千葉→幕張本郷,45,51,35.64886,140.07847,282,142268702,residential,,,,,0.371,142268736,residential,,,,,1.38,1.009,True,89.2,True,(c) 交差点付近の交差・接続way,156,142268702,residential,0.371,142268736,residential,1.38,1.009,True,False
千葉→幕張本郷,46,53,35.64915,140.07673,282,142268688,residential,,,,,0.444,142268692,residential,,,,,1.344,0.9,True,89.3,True,(c) 交差点付近の交差・接続way,156,142268688,residential,0.444,142268692,residential,1.344,0.9,True,False
千葉→幕張本郷,47,54,35.64964,140.07413,282,142268692,residential,,,,,0.626,142268716,residential,,,,,2.278,1.652,True,18.0,True,(c) 交差点付近の交差・接続way,156,142268692,residential,0.626,142268716,residential,2.278,1.652,True,False
千葉→幕張本郷,48,56,35.65152,140.06937,282,139813893,unclassified,,,,,0.156,139653293,unclassified,,,,,0.324,0.168,True,77.7,True,(c) 交差点付近の交差・接続way,156,139813893,unclassified,0.156,139653293,unclassified,0.324,0.168,True,False
千葉→幕張本郷,49,58,35.6522,140.06794,282,139815679,residential,,,,,0.097,139815669,residential,,,,,1.057,0.959,True,88.4,True,(c) 交差点付近の交差・接続way,156,139815679,residential,0.097,139815669,residential,1.057,0.959,True,False
千葉→幕張本郷,50,60,35.65275,140.0663,282,176913203,footway,,,,,0.493,312441870,footway,,,,,1.071,0.578,True,87.3,True,(c) 交差点付近の交差・接続way,156,140120609,residential,12.134,261647675,residential,46.883,34.748,False,True
千葉→幕張本郷,51,62,35.65273,140.06544,282,312441870,footway,,,,,0.141,1410024945,tertiary,,,,,2.807,2.665,False,84.5,True,(c) 交差点付近の交差・接続way,156,1410024945,tertiary,2.807,148654084,service,16.564,13.757,False,False
千葉→幕張本郷,52,64,35.65337,140.06542,282,232975632,unclassified,,,,,1.592,232975633,residential,,,,,2.535,0.942,True,75.0,True,(c) 交差点付近の交差・接続way,156,232975632,unclassified,1.592,232975633,residential,2.535,0.942,True,False
千葉→幕張本郷,53,65,35.65333,140.06497,282,232975633,residential,,,,,0.873,232975631,residential,,,,,2.323,1.45,True,66.6,True,(c) 交差点付近の交差・接続way,156,232975633,residential,0.873,232975631,residential,2.323,1.45,True,False
千葉→幕張本郷,54,66,35.65338,140.06439,282,232975633,residential,,,,,1.885,232975637,residential,,,,,8.744,6.859,False,75.5,True,(c) 交差点付近の交差・接続way,156,232975633,residential,1.885,232975637,residential,8.744,6.859,False,False
千葉→幕張本郷,55,68,35.65405,140.06395,282,232975633,residential,,,,,0.763,232975638,residential,,,,,12.17,11.407,False,64.3,False,(c) 交差点付近の交差・接続way,156,232975633,residential,0.763,232975638,residential,12.17,11.407,False,False
千葉→幕張本郷,56,70,35.6548,140.06354,282,354213977,unclassified,,,,,0.818,232975641,residential,,,,,1.449,0.632,True,87.0,True,(c) 交差点付近の交差・接続way,156,354213977,unclassified,0.818,232975641,residential,1.449,0.632,True,False
千葉→幕張本郷,57,72,35.6552,140.06362,282,1328740625,cycleway,designated,,,Hanamigawa Cycling Road,0.144,438970764,footway,designated,,,,0.321,0.177,True,14.2,True,(c) 交差点付近の交差・接続way,156,1328740625,cycleway,0.144,438970764,footway,0.321,0.177,True,False
千葉→幕張本郷,58,75,35.65555,140.06387,282,1328740627,cycleway,designated,,,Hanamigawa Cycling Road,0.336,1328740626,cycleway,designated,,,Hanamigawa Cycling Road,10.556,10.22,False,16.0,True,(c) 交差点付近の交差・接続way,156,1328740627,cycleway,0.336,1328740626,cycleway,10.556,10.22,False,False
千葉→幕張本郷,59,76,35.65605,140.06392,282,1328740627,cycleway,designated,,,Hanamigawa Cycling Road,0.356,215847533,unclassified,,,,,32.068,31.712,False,67.3,False,(c) 交差点付近の交差・接続way,156,1328740627,cycleway,0.356,215847533,unclassified,32.068,31.712,False,False
千葉→幕張本郷,60,78,35.65663,140.06335,282,215847591,track,,,,,0.051,140120618,unclassified,,,,,1.276,1.225,True,89.7,True,(c) 交差点付近の交差・接続way,156,215847591,track,0.051,140120618,unclassified,1.276,1.225,True,False
千葉→幕張本郷,61,80,35.65644,140.06299,282,140120585,unclassified,,,,,0.409,140120618,unclassified,,,,,17.735,17.326,False,89.6,True,(c) 交差点付近の交差・接続way,156,140120585,unclassified,0.409,140120618,unclassified,17.735,17.326,False,False
千葉→幕張本郷,62,83,35.65602,140.06282,282,22762849,unclassified,,,,,1.012,140120585,unclassified,,,,,4.14,3.128,False,81.6,False,(c) 交差点付近の交差・接続way,156,22762849,unclassified,1.012,140120585,unclassified,4.14,3.128,False,False
千葉→幕張本郷,63,85,35.6559,140.06241,282,219629137,residential,,,,,0.28,22762849,unclassified,,,,,29.786,29.506,False,1.2,False,(d) その他,156,219629137,residential,0.28,22762849,unclassified,29.786,29.506,False,False
千葉→幕張本郷,64,88,35.65594,140.06193,282,219629137,residential,,,,,0.012,470866656,service,,,,,10.936,10.924,False,86.9,True,(c) 交差点付近の交差・接続way,156,219629137,residential,0.012,470866656,service,10.936,10.924,False,False
千葉→幕張本郷,65,89,35.65598,140.06121,282,219629137,residential,,,,,0.478,142222808,residential,,,,,2.232,1.754,True,75.4,True,(c) 交差点付近の交差・接続way,156,219629137,residential,0.478,142222808,residential,2.232,1.754,True,False
千葉→幕張本郷,66,90,35.65647,140.06135,282,142222808,residential,,,,,0.121,142222813,residential,,,,,1.324,1.204,True,81.6,True,(c) 交差点付近の交差・接続way,156,142222808,residential,0.121,142222813,residential,1.324,1.204,True,False
千葉→幕張本郷,67,91,35.65667,140.06068,282,173717935,residential,,,,,1.024,142222813,residential,,,,,1.043,0.019,True,77.9,True,(c) 交差点付近の交差・接続way,156,173717935,residential,1.024,142222813,residential,1.043,0.019,True,False
千葉→幕張本郷,68,94,35.65702,140.06007,282,372779290,service,,,,,0.588,142222805,service,,,,,0.941,0.353,True,89.9,True,(c) 交差点付近の交差・接続way,156,372779290,service,0.588,142222805,service,0.941,0.353,True,False
千葉→幕張本郷,69,96,35.65746,140.06003,282,142222805,service,,,,,0.379,372777838,footway,,,,,2.633,2.254,False,9.2,False,(b) 車道と並走する歩道・自転車道,156,142222805,service,0.379,22762849,unclassified,41.408,41.03,False,False
千葉→幕張本郷,70,97,35.6576,140.05961,282,142222805,service,,,,,0.146,372777838,footway,,,,,35.092,34.946,False,11.9,False,(b) 車道と並走する歩道・自転車道,156,142222805,service,0.146,142222816,residential,39.536,39.39,False,False
千葉→幕張本郷,71,99,35.65799,140.05919,282,312413970,residential,,,yes,,0.392,739680056,service,,,,,4.29,3.898,False,87.8,True,(c) 交差点付近の交差・接続way,156,312413970,residential,0.392,739680056,service,4.29,3.898,False,False
千葉→幕張本郷,72,100,35.65831,140.05851,282,312413970,residential,,,yes,,0.252,142222828,service,,,,,2.662,2.41,False,77.7,True,(c) 交差点付近の交差・接続way,156,312413970,residential,0.252,142222828,service,2.662,2.41,False,False
千葉→幕張本郷,73,101,35.65842,140.05803,282,312413970,residential,,,yes,,0.714,142222825,footway,,,,,1.166,0.452,True,72.3,True,(c) 交差点付近の交差・接続way,156,312413970,residential,0.714,142222828,service,38.828,38.114,False,True
千葉→幕張本郷,74,104,35.65882,140.05761,282,142222825,footway,,,,,0.387,312413970,residential,,,yes,,43.278,42.891,False,14.7,True,(b) 車道と並走する歩道・自転車道,156,312413970,residential,43.278,22763288,secondary,59.042,15.764,False,False
千葉→幕張本郷,75,106,35.6591,140.05705,282,142222825,footway,,,,,0.439,22763288,secondary,,,,幕張停車場線,0.516,0.077,True,80.0,True,(c) 交差点付近の交差・接続way,156,22763288,secondary,0.516,142222817,residential,13.52,13.004,False,True
千葉→幕張本郷,76,108,35.65934,140.05664,282,142222817,residential,,,yes,,1.638,142222832,residential,,,,,20.287,18.649,False,42.4,True,(c) 交差点付近の交差・接続way,156,142222817,residential,1.638,142222832,residential,20.287,18.649,False,False
千葉→幕張本郷,77,111,35.65988,140.05621,282,142222832,residential,,,,,1.678,142222803,residential,,,,,37.922,36.244,False,47.3,True,(c) 交差点付近の交差・接続way,156,142222832,residential,1.678,142222803,residential,37.922,36.244,False,False
千葉→幕張本郷,78,112,35.66027,140.05599,282,142222832,residential,,,,,0.557,142222803,residential,,,,,6.032,5.475,False,31.1,True,(c) 交差点付近の交差・接続way,156,142222832,residential,0.557,142222803,residential,6.032,5.475,False,False
千葉→幕張本郷,79,113,35.66072,140.05572,282,142222832,residential,,,,,1.215,1086646724,footway,,,,,33.194,31.979,False,11.4,False,(b) 車道と並走する歩道・自転車道,156,142222832,residential,1.215,142222807,service,36.213,34.998,False,False
千葉→幕張本郷,80,114,35.66103,140.05537,282,142222832,residential,,,,,0.184,312413966,unclassified,,,,,1.044,0.86,True,87.5,True,(c) 交差点付近の交差・接続way,156,142222832,residential,0.184,312413966,unclassified,1.044,0.86,True,False
千葉→幕張本郷,81,116,35.66179,140.05488,282,209024338,residential,,,,,0.252,175828538,primary,,,yes,実籾街道,75.94,75.688,False,89.1,False,(c) 交差点付近の交差・接続way,156,209024338,residential,0.252,175828538,primary,75.94,75.688,False,False
千葉→幕張本郷,82,117,35.66379,140.05254,282,194093217,residential,,,,,2.723,1283620830,unclassified,,,yes,,14.148,11.426,False,1.9,True,(c) 交差点付近の交差・接続way,156,194093217,residential,2.723,1283620830,unclassified,14.148,11.426,False,False
千葉→幕張本郷,83,120,35.66385,140.05217,282,194093231,service,,,,,1.969,1283620830,unclassified,,,yes,,6.778,4.809,False,87.7,True,(c) 交差点付近の交差・接続way,156,194093231,service,1.969,1283620830,unclassified,6.778,4.809,False,False
千葉→幕張本郷,84,122,35.66394,140.05166,282,194093231,service,,,,,0.813,194093235,service,,,,,1.189,0.376,True,82.3,True,(c) 交差点付近の交差・接続way,156,194093231,service,0.813,194093235,service,1.189,0.376,True,False
千葉→幕張本郷,85,124,35.6644,140.05169,282,194093227,residential,,,,,1.218,194093231,service,,,,,43.995,42.777,False,84.2,True,(c) 交差点付近の交差・接続way,156,194093227,residential,1.218,194093231,service,43.995,42.777,False,False
千葉→幕張本郷,86,125,35.66555,140.05035,282,194093227,residential,,,,,0.777,151811151,residential,,,,,4.172,3.396,False,70.9,True,(c) 交差点付近の交差・接続way,156,194093227,residential,0.777,151811151,residential,4.172,3.396,False,False
千葉→幕張本郷,87,126,35.66588,140.0499,282,194093227,residential,,,,,1.003,151808574,unclassified,,,,,31.527,30.524,False,82.8,True,(c) 交差点付近の交差・接続way,156,194093227,residential,1.003,151808574,unclassified,31.527,30.524,False,False
千葉→幕張本郷,88,127,35.66563,140.04937,282,194093227,residential,,,,,0.437,151808574,unclassified,,,,,23.081,22.644,False,0.9,True,(c) 交差点付近の交差・接続way,156,194093227,residential,0.437,151808574,unclassified,23.081,22.644,False,False
千葉→幕張本郷,89,129,35.66496,140.04776,282,151811151,residential,,,,,0.819,151808574,unclassified,,,,,4.415,3.597,False,70.7,True,(c) 交差点付近の交差・接続way,156,151811151,residential,0.819,151808574,unclassified,4.415,3.597,False,False
千葉→幕張本郷,90,130,35.66532,140.0472,282,151811151,residential,,,,,0.051,270039222,tertiary,,,,,1.019,0.968,True,54.1,True,(c) 交差点付近の交差・接続way,156,151811151,residential,0.051,270039222,tertiary,1.019,0.968,True,False
千葉→幕張本郷,91,131,35.66622,140.04704,282,208926175,residential,,,,,0.25,270039222,tertiary,,,,,1.617,1.367,True,74.4,True,(c) 交差点付近の交差・接続way,156,208926175,residential,0.25,270039222,tertiary,1.617,1.367,True,False
千葉→幕張本郷,92,132,35.66688,140.04659,282,208926181,residential,,,,,1.042,270039222,tertiary,,,,,2.28,1.238,True,87.9,True,(c) 交差点付近の交差・接続way,156,208926181,residential,1.042,270039222,tertiary,2.28,1.238,True,False
千葉→幕張本郷,93,133,35.66728,140.04608,282,141626539,tertiary,,,,,0.289,270039222,tertiary,,,,,1.07,0.78,True,89.9,True,(c) 交差点付近の交差・接続way,156,141626539,tertiary,0.289,270039222,tertiary,1.07,0.78,True,False
千葉→幕張本郷,94,134,35.67089,140.04181,282,151808598,unclassified,,,,,0.778,270039222,tertiary,,,,,1.171,0.393,True,88.5,True,(c) 交差点付近の交差・接続way,156,151808598,unclassified,0.778,270039222,tertiary,1.171,0.393,True,False
千葉→幕張本郷,95,135,35.67176,140.04293,282,151808574,unclassified,,,,,1.139,151808598,unclassified,,,,,2.825,1.685,True,89.9,True,(c) 交差点付近の交差・接続way,156,151808574,unclassified,1.139,151808598,unclassified,2.825,1.685,True,False
千葉→幕張本郷,96,136,35.6721,140.04245,282,151808609,unclassified,,,yes,,2.179,352689942,footway,,,,,5.784,3.605,False,48.7,False,(c) 交差点付近の交差・接続way,156,151808609,unclassified,2.179,140120603,tertiary,11.357,9.178,False,False
千葉→幕張本郷,97,139,35.67235,140.04207,282,151808575,pedestrian,,,,,5.762,1083425463,footway,,,,,5.877,0.115,True,89.5,False,(c) 交差点付近の交差・接続way,156,387938699,service,13.659,387938690,service,15.224,1.565,True,False
