label,road_type,algo_version,status,error,oneway_violation_count,oneway_violation_count_high_conf,oneway_violation_count_low_conf,oneway_way_ids,two_step_required_intersections,right_turn_count,two_step_unambiguous_determinate_count,two_step_ambiguous_determinate_count,two_step_unknown_count,two_step_excluded_count,two_step_excluded_edge_count_insufficient,two_step_excluded_entry_way,two_step_excluded_exit_way,two_step_diagnostics_json,sampled_points,overpass_endpoint_counts
渋谷→新宿,幹線道路中心,v4,OK,,1,1,0,138533178,0,0,0,0,0,0,0,0,0,[],20,overpass-api.de=20; maps.mail.ru=0
新宿→池袋,幹線道路中心,v4,OK,,1,1,0,228180934,0,0,0,0,0,0,0,0,0,[],25,overpass-api.de=25; maps.mail.ru=0
東京→渋谷,幹線道路中心,v4,OK,,0,0,0,,2,3,0,3,0,1,1,0,0,"[{""point"":[139.75985,35.67519],""route_idx"":2,""entry_ref_idx"":1,""exit_ref_idx"":3,""angle_deg"":46.3,""entry_way_id"":661590932,""exit_way_id"":59266960,""entry_highway"":""footway"",""exit_highway"":""trunk"",""entry_match_dist_m"":0.758,""exit_match_dist_m"":2.021,""entry_match_margin_m"":1.868,""exit_match_margin_m"":3.515,""entry_candidates"":[{""way_id"":661590932,""highway"":""footway"",""distance_m"":0.758},{""way_id"":59266960,""highway"":""trunk"",""distance_m"":2.626}],""exit_candidates"":[{""way_id"":59266960,""highway"":""trunk"",""distance_m"":2.021}],""ambiguous"":true,""node_id"":6483620500,""edge_count"":2,""connected_ways"":[{""way_id"":59266960,""highway"":""trunk"",""excluded"":false,""edge_count"":2}],""determinate"":true,""ambiguous_but_determinate"":true,""combination_results"":[{""entry_way_id"":661590932,""entry_highway"":""footway"",""exit_way_id"":59266960,""exit_highway"":""trunk"",""decision"":""excluded"",""reasons"":[""edge_count_insufficient"",""entry_way_excluded""]},{""entry_way_id"":59266960,""entry_highway"":""trunk"",""exit_way_id"":59266960,""exit_highway"":""trunk"",""decision"":""excluded"",""reasons"":[""edge_count_insufficient""]}],""status"":""excluded"",""edge_count_insufficient"":true,""entry_excluded"":false,""exit_excluded"":false},{""point"":[139.743,35.6598],""route_idx"":16,""entry_ref_idx"":15,""exit_ref_idx"":17,""angle_deg"":58.5,""entry_way_id"":858775693,""exit_way_id"":858775691,""entry_highway"":""trunk"",""exit_highway"":""trunk"",""entry_match_dist_m"":1.247,""exit_match_dist_m"":4.153,""entry_match_margin_m"":2.84,""exit_match_margin_m"":0.944,""entry_candidates"":[{""way_id"":858775693,""highway"":""trunk"",""distance_m"":1.247}],""exit_candidates"":[{""way_id"":858775691,""highway"":""trunk"",""distance_m"":4.153},{""way_id"":858775694,""highway"":""primary"",""distance_m"":5.097},{""way_id"":858775692,""highway"":""primary"",""distance_m"":5.297},{""way_id"":23456325,""highway"":""primary"",""distance_m"":5.734},{""way_id"":1376772877,""highway"":""trunk"",""distance_m"":5.734}],""ambiguous"":true,""node_id"":2398054941,""edge_count"":4,""connected_ways"":[{""way_id"":474601303,""highway"":""tertiary"",""excluded"":false,""edge_count"":1},{""way_id"":858775685,""highway"":""trunk"",""excluded"":false,""edge_count"":1},{""way_id"":858775686,""highway"":""primary"",""excluded"":false,""edge_count"":1},{""way_id"":858775693,""highway"":""trunk"",""excluded"":false,""edge_count"":1}],""determinate"":true,""ambiguous_but_determinate"":true,""combination_results"":[{""entry_way_id"":858775693,""entry_highway"":""trunk"",""exit_way_id"":858775691,""exit_highway"":""trunk"",""decision"":""detected"",""reasons"":[]},{""entry_way_id"":858775693,""entry_highway"":""trunk"",""exit_way_id"":858775694,""exit_highway"":""primary"",""decision"":""detected"",""reasons"":[]},{""entry_way_id"":858775693,""entry_highway"":""trunk"",""exit_way_id"":858775692,""exit_highway"":""primary"",""decision"":""detected"",""reasons"":[]},{""entry_way_id"":858775693,""entry_highway"":""trunk"",""exit_way_id"":23456325,""exit_highway"":""primary"",""decision"":""detected"",""reasons"":[]},{""entry_way_id"":858775693,""entry_highway"":""trunk"",""exit_way_id"":1376772877,""exit_highway"":""trunk"",""decision"":""detected"",""reasons"":[]}],""status"":""detected"",""edge_count_insufficient"":false,""entry_excluded"":false,""exit_excluded"":false},{""point"":[139.74263,35.65947],""route_idx"":17,""entry_ref_idx"":16,""exit_ref_idx"":18,""angle_deg"":77.8,""entry_way_id"":858775691,""exit_way_id"":858775694,""entry_highway"":""trunk"",""exit_highway"":""primary"",""entry_match_dist_m"":4.153,""exit_match_dist_m"":2.306,""entry_match_margin_m"":0.944,""exit_match_margin_m"":2.323,""entry_candidates"":[{""way_id"":858775691,""highway"":""trunk"",""distance_m"":4.153},{""way_id"":858775694,""highway"":""primary"",""distance_m"":5.097},{""way_id"":858775692,""highway"":""primary"",""distance_m"":5.297},{""way_id"":23456325,""highway"":""primary"",""distance_m"":5.734},{""way_id"":1376772877,""highway"":""trunk"",""distance_m"":5.734}],""exit_candidates"":[{""way_id"":858775694,""highway"":""primary"",""distance_m"":2.306}],""ambiguous"":true,""node_id"":2398054931,""edge_count"":4,""connected_ways"":[{""way_id"":858775686,""highway"":""primary"",""excluded"":false,""edge_count"":1},{""way_id"":858775687,""highway"":""trunk"",""excluded"":false,""edge_count"":1},{""way_id"":858775691,""highway"":""trunk"",""excluded"":false,""edge_count"":1},{""way_id"":858775694,""highway"":""primary"",""excluded"":false,""edge_count"":1}],""determinate"":true,""ambiguous_but_determinate"":true,""combination_results"":[{""entry_way_id"":858775691,""entry_highway"":""trunk"",""exit_way_id"":858775694,""exit_highway"":""primary"",""decision"":""detected"",""reasons"":[]},{""entry_way_id"":858775694,""entry_highway"":""primary"",""exit_way_id"":858775694,""exit_highway"":""primary"",""decision"":""detected"",""reasons"":[]},{""entry_way_id"":858775692,""entry_highway"":""primary"",""exit_way_id"":858775694,""exit_highway"":""primary"",""decision"":""detected"",""reasons"":[]},{""entry_way_id"":23456325,""entry_highway"":""primary"",""exit_way_id"":858775694,""exit_highway"":""primary"",""decision"":""detected"",""reasons"":[]},{""entry_way_id"":1376772877,""entry_highway"":""trunk"",""exit_way_id"":858775694,""exit_highway"":""primary"",""decision"":""detected"",""reasons"":[]}],""status"":""detected"",""edge_count_insufficient"":false,""entry_excluded"":false,""exit_excluded"":false}]",35,overpass-api.de=38; maps.mail.ru=6
品川→東京,幹線道路中心,v4,OK,,1,1,0,741785139,1,2,2,0,0,1,1,1,1,"[{""point"":[139.74365,35.63051],""route_idx"":11,""entry_ref_idx"":10,""exit_ref_idx"":12,""angle_deg"":50.5,""entry_way_id"":558518250,""exit_way_id"":558518250,""entry_highway"":""pedestrian"",""exit_highway"":""pedestrian"",""entry_match_dist_m"":1.937,""exit_match_dist_m"":3.018,""entry_match_margin_m"":27.664,""exit_match_margin_m"":12.782,""entry_candidates"":[{""way_id"":558518250,""highway"":""pedestrian"",""distance_m"":1.937}],""exit_candidates"":[{""way_id"":558518250,""highway"":""pedestrian"",""distance_m"":3.018}],""ambiguous"":false,""node_id"":5386763061,""edge_count"":0,""connected_ways"":[{""way_id"":558518250,""highway"":""pedestrian"",""excluded"":true,""edge_count"":2}],""determinate"":true,""ambiguous_but_determinate"":false,""combination_results"":[{""entry_way_id"":558518250,""entry_highway"":""pedestrian"",""exit_way_id"":558518250,""exit_highway"":""pedestrian"",""decision"":""excluded"",""reasons"":[""edge_count_insufficient"",""entry_way_excluded"",""exit_way_excluded""]}],""status"":""excluded"",""edge_count_insufficient"":true,""entry_excluded"":true,""exit_excluded"":true},{""point"":[139.75297,35.64911],""route_idx"":31,""entry_ref_idx"":30,""exit_ref_idx"":32,""angle_deg"":78.2,""entry_way_id"":1033723439,""exit_way_id"":656235283,""entry_highway"":""trunk"",""exit_highway"":""trunk"",""entry_match_dist_m"":2.911,""exit_match_dist_m"":2.449,""entry_match_margin_m"":6.421,""exit_match_margin_m"":4.711,""entry_candidates"":[{""way_id"":1033723439,""highway"":""trunk"",""distance_m"":2.911}],""exit_candidates"":[{""way_id"":656235283,""highway"":""trunk"",""distance_m"":2.449}],""ambiguous"":false,""node_id"":31295414,""edge_count"":4,""connected_ways"":[{""way_id"":147812389,""highway"":""tertiary"",""excluded"":false,""edge_count"":1},{""way_id"":265345994,""highway"":""trunk"",""excluded"":false,""edge_count"":1},{""way_id"":656235284,""highway"":""trunk"",""excluded"":false,""edge_count"":1},{""way_id"":1033723439,""highway"":""trunk"",""excluded"":false,""edge_count"":1}],""determinate"":true,""ambiguous_but_determinate"":false,""combination_results"":[{""entry_way_id"":1033723439,""entry_highway"":""trunk"",""exit_way_id"":656235283,""exit_highway"":""trunk"",""decision"":""detected"",""reasons"":[]}],""status"":""detected"",""edge_count_insufficient"":false,""entry_excluded"":false,""exit_excluded"":false}]",36,overpass-api.de=40; maps.mail.ru=2
渋谷→六本木,幹線道路中心,v4,OK,,0,0,0,,0,0,0,0,0,0,0,0,0,[],16,overpass-api.de=16; maps.mail.ru=0
下北沢→三軒茶屋,住宅街中心,v4,OK,,0,0,0,,1,2,2,0,0,1,1,1,0,"[{""point"":[139.66946,35.66121],""route_idx"":1,""entry_ref_idx"":0,""exit_ref_idx"":2,""angle_deg"":102.2,""entry_way_id"":1076444530,""exit_way_id"":31824941,""entry_highway"":""pedestrian"",""exit_highway"":""tertiary"",""entry_match_dist_m"":1.792,""exit_match_dist_m"":0.129,""entry_match_margin_m"":57.836,""exit_match_margin_m"":5.015,""entry_candidates"":[{""way_id"":1076444530,""highway"":""pedestrian"",""distance_m"":1.792}],""exit_candidates"":[{""way_id"":31824941,""highway"":""tertiary"",""distance_m"":0.129}],""ambiguous"":false,""node_id"":9871256109,""edge_count"":2,""connected_ways"":[{""way_id"":31824941,""highway"":""tertiary"",""excluded"":false,""edge_count"":2},{""way_id"":1076444529,""highway"":""pedestrian"",""excluded"":true,""edge_count"":1}],""determinate"":true,""ambiguous_but_determinate"":false,""combination_results"":[{""entry_way_id"":1076444530,""entry_highway"":""pedestrian"",""exit_way_id"":31824941,""exit_highway"":""tertiary"",""decision"":""excluded"",""reasons"":[""edge_count_insufficient"",""entry_way_excluded""]}],""status"":""excluded"",""edge_count_insufficient"":true,""entry_excluded"":true,""exit_excluded"":false},{""point"":[139.66883,35.66018],""route_idx"":2,""entry_ref_idx"":1,""exit_ref_idx"":3,""angle_deg"":62.3,""entry_way_id"":31824941,""exit_way_id"":31824941,""entry_highway"":""tertiary"",""exit_highway"":""tertiary"",""entry_match_dist_m"":0.129,""exit_match_dist_m"":0.705,""entry_match_margin_m"":5.015,""exit_match_margin_m"":4.42,""entry_candidates"":[{""way_id"":31824941,""highway"":""tertiary"",""distance_m"":0.129}],""exit_candidates"":[{""way_id"":31824941,""highway"":""tertiary"",""distance_m"":0.705}],""ambiguous"":false,""node_id"":357202700,""edge_count"":3,""connected_ways"":[{""way_id"":31824941,""highway"":""tertiary"",""excluded"":false,""edge_count"":2},{""way_id"":33614319,""highway"":""unclassified"",""excluded"":false,""edge_count"":1}],""determinate"":true,""ambiguous_but_determinate"":false,""combination_results"":[{""entry_way_id"":31824941,""entry_highway"":""tertiary"",""exit_way_id"":31824941,""exit_highway"":""tertiary"",""decision"":""detected"",""reasons"":[]}],""status"":""detected"",""edge_count_insufficient"":false,""entry_excluded"":false,""exit_excluded"":false}]",15,overpass-api.de=17; maps.mail.ru=4
高円寺→中野,住宅街中心,v4,OK,,0,0,0,,0,0,0,0,0,0,0,0,0,[],10,overpass-api.de=10; maps.mail.ru=0
荻窪→阿佐ヶ谷,住宅街中心,v4,OK,,1,1,0,80835360,0,0,0,0,0,0,0,0,0,[],14,overpass-api.de=0; maps.mail.ru=14
自由が丘→等々力,住宅街中心,v4,OK,,1,1,0,350353685,0,0,0,0,0,0,0,0,0,[],10,overpass-api.de=10; maps.mail.ru=0
浦和→さいたま新都心,住宅街中心,v4,OK,,0,0,0,,0,0,0,0,0,0,0,0,0,[],21,overpass-api.de=21; maps.mail.ru=0
吉祥寺→三鷹,混在型,v4,OK,,0,0,0,,0,0,0,0,0,0,0,0,0,[],5,overpass-api.de=0; maps.mail.ru=5
立川→国分寺,混在型,v4,OK,,2,2,0,853388885;1429406683,0,1,0,1,0,1,1,1,0,"[{""point"":[139.44711,35.69359],""route_idx"":17,""entry_ref_idx"":16,""exit_ref_idx"":18,""angle_deg"":71.1,""entry_way_id"":135230354,""exit_way_id"":53348166,""entry_highway"":""footway"",""exit_highway"":""residential"",""entry_match_dist_m"":0.818,""exit_match_dist_m"":0.416,""entry_match_margin_m"":0.543,""exit_match_margin_m"":9.118,""entry_candidates"":[{""way_id"":135230354,""highway"":""footway"",""distance_m"":0.818},{""way_id"":1343335370,""highway"":""footway"",""distance_m"":1.361}],""exit_candidates"":[{""way_id"":53348166,""highway"":""residential"",""distance_m"":0.416}],""ambiguous"":true,""node_id"":1485275515,""edge_count"":2,""connected_ways"":[{""way_id"":53348166,""highway"":""residential"",""excluded"":false,""edge_count"":2},{""way_id"":135230354,""highway"":""footway"",""excluded"":true,""edge_count"":2}],""determinate"":true,""ambiguous_but_determinate"":true,""combination_results"":[{""entry_way_id"":135230354,""entry_highway"":""footway"",""exit_way_id"":53348166,""exit_highway"":""residential"",""decision"":""excluded"",""reasons"":[""edge_count_insufficient"",""entry_way_excluded""]},{""entry_way_id"":1343335370,""entry_highway"":""footway"",""exit_way_id"":53348166,""exit_highway"":""residential"",""decision"":""excluded"",""reasons"":[""edge_count_insufficient"",""entry_way_excluded""]}],""status"":""excluded"",""edge_count_insufficient"":true,""entry_excluded"":true,""exit_excluded"":false}]",34,overpass-api.de=35; maps.mail.ru=2
横浜→みなとみらい,混在型,v4,OK,,2,2,0,28413948;28413948,1,1,1,0,0,0,0,0,0,"[{""point"":[139.62985,35.46117],""route_idx"":16,""entry_ref_idx"":15,""exit_ref_idx"":17,""angle_deg"":61.1,""entry_way_id"":25944286,""exit_way_id"":36348141,""entry_highway"":""tertiary"",""exit_highway"":""tertiary"",""entry_match_dist_m"":1.157,""exit_match_dist_m"":1.391,""entry_match_margin_m"":7.46,""exit_match_margin_m"":3.342,""entry_candidates"":[{""way_id"":25944286,""highway"":""tertiary"",""distance_m"":1.157}],""exit_candidates"":[{""way_id"":36348141,""highway"":""tertiary"",""distance_m"":1.391}],""ambiguous"":false,""node_id"":283015914,""edge_count"":4,""connected_ways"":[{""way_id"":25944240,""highway"":""tertiary"",""excluded"":false,""edge_count"":2},{""way_id"":25944286,""highway"":""tertiary"",""excluded"":false,""edge_count"":2}],""determinate"":true,""ambiguous_but_determinate"":false,""combination_results"":[{""entry_way_id"":25944286,""entry_highway"":""tertiary"",""exit_way_id"":36348141,""exit_highway"":""tertiary"",""decision"":""detected"",""reasons"":[]}],""status"":""detected"",""edge_count_insufficient"":false,""entry_excluded"":false,""exit_excluded"":false}]",12,overpass-api.de=12; maps.mail.ru=3
川崎→武蔵小杉,混在型,v4,OK,,1,1,0,992241606,0,2,2,0,0,2,2,2,2,"[{""point"":[139.66775,35.57003],""route_idx"":22,""entry_ref_idx"":21,""exit_ref_idx"":23,""angle_deg"":72.1,""entry_way_id"":1391579490,""exit_way_id"":812902514,""entry_highway"":""service"",""exit_highway"":""path"",""entry_match_dist_m"":0.883,""exit_match_dist_m"":1.283,""entry_match_margin_m"":10.488,""exit_match_margin_m"":22.767,""entry_candidates"":[{""way_id"":1391579490,""highway"":""service"",""distance_m"":0.883}],""exit_candidates"":[{""way_id"":812902514,""highway"":""path"",""distance_m"":1.283}],""ambiguous"":false,""node_id"":7592955587,""edge_count"":0,""connected_ways"":[{""way_id"":561778848,""highway"":""path"",""excluded"":true,""edge_count"":2},{""way_id"":812902514,""highway"":""path"",""excluded"":true,""edge_count"":1}],""determinate"":true,""ambiguous_but_determinate"":false,""combination_results"":[{""entry_way_id"":1391579490,""entry_highway"":""service"",""exit_way_id"":812902514,""exit_highway"":""path"",""decision"":""excluded"",""reasons"":[""edge_count_insufficient"",""entry_way_excluded"",""exit_way_excluded""]}],""status"":""excluded"",""edge_count_insufficient"":true,""entry_excluded"":true,""exit_excluded"":true},{""point"":[139.66777,35.57043],""route_idx"":23,""entry_ref_idx"":22,""exit_ref_idx"":24,""angle_deg"":55.0,""entry_way_id"":812902514,""exit_way_id"":812902514,""entry_highway"":""path"",""exit_highway"":""path"",""entry_match_dist_m"":1.283,""exit_match_dist_m"":5.601,""entry_match_margin_m"":22.767,""exit_match_margin_m"":48.371,""entry_candidates"":[{""way_id"":812902514,""highway"":""path"",""distance_m"":1.283}],""exit_candidates"":[{""way_id"":812902514,""highway"":""path"",""distance_m"":5.601}],""ambiguous"":false,""node_id"":7592955590,""edge_count"":0,""connected_ways"":[{""way_id"":812902514,""highway"":""path"",""excluded"":true,""edge_count"":2}],""determinate"":true,""ambiguous_but_determinate"":false,""combination_results"":[{""entry_way_id"":812902514,""entry_highway"":""path"",""exit_way_id"":812902514,""exit_highway"":""path"",""decision"":""excluded"",""reasons"":[""edge_count_insufficient"",""entry_way_excluded"",""exit_way_excluded""]}],""status"":""excluded"",""edge_count_insufficient"":true,""entry_excluded"":true,""exit_excluded"":true}]",28,overpass-api.de=32; maps.mail.ru=2
千葉→幕張本郷,混在型,v4,OK,,2,2,0,142222817;151808609,6,12,10,2,0,6,6,3,1,"[{""point"":[140.09682,35.6388],""route_idx"":35,""entry_ref_idx"":34,""exit_ref_idx"":36,""angle_deg"":47.9,""entry_way_id"":176181803,""exit_way_id"":176181803,""entry_highway"":""secondary"",""exit_highway"":""secondary"",""entry_match_dist_m"":2.036,""exit_match_dist_m"":2.14,""entry_match_margin_m"":3.808,""exit_match_margin_m"":2.625,""entry_candidates"":[{""way_id"":176181803,""highway"":""secondary"",""distance_m"":2.036}],""exit_candidates"":[{""way_id"":176181803,""highway"":""secondary"",""distance_m"":2.14}],""ambiguous"":false,""node_id"":1580828178,""edge_count"":3,""connected_ways"":[{""way_id"":144532234,""highway"":""unclassified"",""excluded"":false,""edge_count"":1},{""way_id"":176181803,""highway"":""secondary"",""excluded"":false,""edge_count"":2}],""determinate"":true,""ambiguous_but_determinate"":false,""combination_results"":[{""entry_way_id"":176181803,""entry_highway"":""secondary"",""exit_way_id"":176181803,""exit_highway"":""secondary"",""decision"":""detected"",""reasons"":[]}],""status"":""detected"",""edge_count_insufficient"":false,""entry_excluded"":false,""exit_excluded"":false},{""point"":[140.09347,35.63832],""route_idx"":36,""entry_ref_idx"":35,""exit_ref_idx"":37,""angle_deg"":60.3,""entry_way_id"":176181803,""exit_way_id"":747196583,""entry_highway"":""secondary"",""exit_highway"":""tertiary"",""entry_match_dist_m"":2.14,""exit_match_dist_m"":5.326,""entry_match_margin_m"":2.625,""exit_match_margin_m"":3.366,""entry_candidates"":[{""way_id"":176181803,""highway"":""secondary"",""distance_m"":2.14}],""exit_candidates"":[{""way_id"":747196583,""highway"":""tertiary"",""distance_m"":5.326}],""ambiguous"":false,""node_id"":247399797,""edge_count"":4,""connected_ways"":[{""way_id"":176181803,""highway"":""secondary"",""excluded"":false,""edge_count"":1},{""way_id"":747196583,""highway"":""tertiary"",""excluded"":false,""edge_count"":1},{""way_id"":1545996536,""highway"":""secondary"",""excluded"":false,""edge_count"":1},{""way_id"":1545996537,""highway"":""tertiary"",""excluded"":false,""edge_count"":1}],""determinate"":true,""ambiguous_but_determinate"":false,""combination_results"":[{""entry_way_id"":176181803,""entry_highway"":""secondary"",""exit_way_id"":747196583,""exit_highway"":""tertiary"",""decision"":""detected"",""reasons"":[]}],""status"":""detected"",""edge_count_insufficient"":false,""entry_excluded"":false,""exit_excluded"":false},{""point"":[140.08398,35.64628],""route_idx"":40,""entry_ref_idx"":39,""exit_ref_idx"":41,""angle_deg"":112.8,""entry_way_id"":142225531,""exit_way_id"":176443607,""entry_highway"":""footway"",""exit_highway"":""residential"",""entry_match_dist_m"":0.999,""exit_match_dist_m"":0.565,""entry_match_margin_m"":6.22,""exit_match_margin_m"":6.069,""entry_candidates"":[{""way_id"":142225531,""highway"":""footway"",""distance_m"":0.999}],""exit_candidates"":[{""way_id"":176443607,""highway"":""residential"",""distance_m"":0.565}],""ambiguous"":false,""node_id"":1557167701,""edge_count"":2,""connected_ways"":[{""way_id"":176443607,""highway"":""residential"",""excluded"":false,""edge_count"":1},{""way_id"":176443609,""highway"":""residential"",""excluded"":false,""edge_count"":1}],""determinate"":true,""ambiguous_but_determinate"":false,""combination_results"":[{""entry_way_id"":142225531,""entry_highway"":""footway"",""exit_way_id"":176443607,""exit_highway"":""residential"",""decision"":""excluded"",""reasons"":[""edge_count_insufficient"",""entry_way_excluded""]}],""status"":""excluded"",""edge_count_insufficient"":true,""entry_excluded"":true,""exit_excluded"":false},{""point"":[140.08385,35.64694],""route_idx"":41,""entry_ref_idx"":40,""exit_ref_idx"":42,""angle_deg"":76.8,""entry_way_id"":176443607,""exit_way_id"":142268720,""entry_highway"":""residential"",""exit_highway"":""residential"",""entry_match_dist_m"":0.565,""exit_match_dist_m"":0.304,""entry_match_margin_m"":6.069,""exit_match_margin_m"":14.019,""entry_candidates"":[{""way_id"":176443607,""highway"":""residential"",""distance_m"":0.565}],""exit_candidates"":[{""way_id"":142268720,""highway"":""residential"",""distance_m"":0.304}],""ambiguous"":false,""node_id"":1869853686,""edge_count"":2,""connected_ways"":[{""way_id"":142268720,""highway"":""residential"",""excluded"":false,""edge_count"":1},{""way_id"":176443607,""highway"":""residential"",""excluded"":false,""edge_count"":1}],""determinate"":true,""ambiguous_but_determinate"":false,""combination_results"":[{""entry_way_id"":176443607,""entry_highway"":""residential"",""exit_way_id"":142268720,""exit_highway"":""residential"",""decision"":""excluded"",""reasons"":[""edge_count_insufficient""]}],""status"":""excluded"",""edge_count_insufficient"":true,""entry_excluded"":false,""exit_excluded"":false},{""point"":[140.06544,35.65273],""route_idx"":62,""entry_ref_idx"":61,""exit_ref_idx"":63,""angle_deg"":52.0,""entry_way_id"":312441870,""exit_way_id"":1410024945,""entry_highway"":""footway"",""exit_highway"":""tertiary"",""entry_match_dist_m"":0.107,""exit_match_dist_m"":1.059,""entry_match_margin_m"":36.803,""exit_match_margin_m"":12.045,""entry_candidates"":[{""way_id"":312441870,""highway"":""footway"",""distance_m"":0.107}],""exit_candidates"":[{""way_id"":1410024945,""highway"":""tertiary"",""distance_m"":1.059}],""ambiguous"":false,""node_id"":771337003,""edge_count"":2,""connected_ways"":[{""way_id"":312441870,""highway"":""footway"",""excluded"":true,""edge_count"":1},{""way_id"":1410024945,""highway"":""tertiary"",""excluded"":false,""edge_count"":2}],""determinate"":true,""ambiguous_but_determinate"":false,""combination_results"":[{""entry_way_id"":312441870,""entry_highway"":""footway"",""exit_way_id"":1410024945,""exit_highway"":""tertiary"",""decision"":""excluded"",""reasons"":[""edge_count_insufficient"",""entry_way_excluded""]}],""status"":""excluded"",""edge_count_insufficient"":true,""entry_excluded"":true,""exit_excluded"":false},{""point"":[140.06439,35.65338],""route_idx"":66,""entry_ref_idx"":65,""exit_ref_idx"":67,""angle_deg"":56.2,""entry_way_id"":232975633,""exit_way_id"":232975633,""entry_highway"":""residential"",""exit_highway"":""residential"",""entry_match_dist_m"":0.465,""exit_match_dist_m"":0.822,""entry_match_margin_m"":17.106,""exit_match_margin_m"":25.875,""entry_candidates"":[{""way_id"":232975633,""highway"":""residential"",""distance_m"":0.465}],""exit_candidates"":[{""way_id"":232975633,""highway"":""residential"",""distance_m"":0.822}],""ambiguous"":false,""node_id"":2412973682,""edge_count"":2,""connected_ways"":[{""way_id"":232975633,""highway"":""residential"",""excluded"":false,""edge_count"":2}],""determinate"":true,""ambiguous_but_determinate"":false,""combination_results"":[{""entry_way_id"":232975633,""entry_highway"":""residential"",""exit_way_id"":232975633,""exit_highway"":""residential"",""decision"":""excluded"",""reasons"":[""edge_count_insufficient""]}],""status"":""excluded"",""edge_count_insufficient"":true,""entry_excluded"":false,""exit_excluded"":false},{""point"":[140.06282,35.65602],""route_idx"":83,""entry_ref_idx"":82,""exit_ref_idx"":84,""angle_deg"":58.0,""entry_way_id"":140120585,""exit_way_id"":140120585,""entry_highway"":""unclassified"",""exit_highway"":""unclassified"",""entry_match_dist_m"":4.434,""exit_match_dist_m"":3.385,""entry_match_margin_m"":11.891,""exit_match_margin_m"":13.299,""entry_candidates"":[{""way_id"":140120585,""highway"":""unclassified"",""distance_m"":4.434}],""exit_candidates"":[{""way_id"":140120585,""highway"":""unclassified"",""distance_m"":3.385}],""ambiguous"":false,""node_id"":1535208831,""edge_count"":2,""connected_ways"":[{""way_id"":140120585,""highway"":""unclassified"",""excluded"":false,""edge_count"":2}],""determinate"":true,""ambiguous_but_determinate"":false,""combination_results"":[{""entry_way_id"":140120585,""entry_highway"":""unclassified"",""exit_way_id"":140120585,""exit_highway"":""unclassified"",""decision"":""excluded"",""reasons"":[""edge_count_insufficient""]}],""status"":""excluded"",""edge_count_insufficient"":true,""entry_excluded"":false,""exit_excluded"":false},{""point"":[140.06121,35.65598],""route_idx"":89,""entry_ref_idx"":88,""exit_ref_idx"":90,""angle_deg"":48.7,""entry_way_id"":219629137,""exit_way_id"":142222808,""entry_highway"":""residential"",""exit_highway"":""residential"",""entry_match_dist_m"":0.735,""exit_match_dist_m"":1.054,""entry_match_margin_m"":33.454,""exit_match_margin_m"":26.071,""entry_candidates"":[{""way_id"":219629137,""highway"":""residential"",""distance_m"":0.735}],""exit_candidates"":[{""way_id"":142222808,""highway"":""residential"",""distance_m"":1.054}],""ambiguous"":false,""node_id"":1556607454,""edge_count"":3,""connected_ways"":[{""way_id"":142222808,""highway"":""residential"",""excluded"":false,""edge_count"":2},{""way_id"":219629137,""highway"":""residential"",""excluded"":false,""edge_count"":1}],""determinate"":true,""ambiguous_but_determinate"":false,""combination_results"":[{""entry_way_id"":219629137,""entry_highway"":""residential"",""exit_way_id"":142222808,""exit_highway"":""residential"",""decision"":""detected"",""reasons"":[]}],""status"":""detected"",""edge_count_insufficient"":false,""entry_excluded"":false,""exit_excluded"":false},{""point"":[140.05166,35.66394],""route_idx"":122,""entry_ref_idx"":121,""exit_ref_idx"":123,""angle_deg"":51.5,""entry_way_id"":194093231,""exit_way_id"":194093231,""entry_highway"":""service"",""exit_highway"":""service"",""entry_match_dist_m"":0.132,""exit_match_dist_m"":0.672,""entry_match_margin_m"":12.546,""exit_match_margin_m"":11.736,""entry_candidates"":[{""way_id"":194093231,""highway"":""service"",""distance_m"":0.132}],""exit_candidates"":[{""way_id"":194093231,""highway"":""service"",""distance_m"":0.672}],""ambiguous"":false,""node_id"":2046049576,""edge_count"":0,""connected_ways"":[{""way_id"":194093231,""highway"":""service"",""excluded"":true,""edge_count"":2},{""way_id"":194093235,""highway"":""service"",""excluded"":true,""edge_count"":1}],""determinate"":true,""ambiguous_but_determinate"":false,""combination_results"":[{""entry_way_id"":194093231,""entry_highway"":""service"",""exit_way_id"":194093231,""exit_highway"":""service"",""decision"":""excluded"",""reasons"":[""edge_count_insufficient"",""entry_way_excluded"",""exit_way_excluded""]}],""status"":""excluded"",""edge_count_insufficient"":true,""entry_excluded"":true,""exit_excluded"":true},{""point"":[140.04776,35.66496],""route_idx"":129,""entry_ref_idx"":128,""exit_ref_idx"":130,""angle_deg"":83.5,""entry_way_id"":151808574,""exit_way_id"":151811151,""entry_highway"":""unclassified"",""exit_highway"":""residential"",""entry_match_dist_m"":2.828,""exit_match_dist_m"":3.345,""entry_match_margin_m"":3.939,""exit_match_margin_m"":0.761,""entry_candidates"":[{""way_id"":151808574,""highway"":""unclassified"",""distance_m"":2.828}],""exit_candidates"":[{""way_id"":151811151,""highway"":""residential"",""distance_m"":3.345},{""way_id"":261532017,""highway"":""residential"",""distance_m"":4.106}],""ambiguous"":true,""node_id"":1646555323,""edge_count"":3,""connected_ways"":[{""way_id"":151808574,""highway"":""unclassified"",""excluded"":false,""edge_count"":1},{""way_id"":151811151,""highway"":""residential"",""excluded"":false,""edge_count"":2}],""determinate"":true,""ambiguous_but_determinate"":true,""combination_results"":[{""entry_way_id"":151808574,""entry_highway"":""unclassified"",""exit_way_id"":151811151,""exit_highway"":""residential"",""decision"":""detected"",""reasons"":[]},{""entry_way_id"":151808574,""entry_highway"":""unclassified"",""exit_way_id"":261532017,""exit_highway"":""residential"",""decision"":""detected"",""reasons"":[]}],""status"":""detected"",""edge_count_insufficient"":false,""entry_excluded"":false,""exit_excluded"":false},{""point"":[140.0472,35.66532],""route_idx"":130,""entry_ref_idx"":129,""exit_ref_idx"":131,""angle_deg"":81.4,""entry_way_id"":151811151,""exit_way_id"":270039222,""entry_highway"":""residential"",""exit_highway"":""tertiary"",""entry_match_dist_m"":3.345,""exit_match_dist_m"":3.176,""entry_match_margin_m"":0.761,""exit_match_margin_m"":46.154,""entry_candidates"":[{""way_id"":151811151,""highway"":""residential"",""distance_m"":3.345},{""way_id"":261532017,""highway"":""residential"",""distance_m"":4.106}],""exit_candidates"":[{""way_id"":270039222,""highway"":""tertiary"",""distance_m"":3.176}],""ambiguous"":true,""node_id"":1646574669,""edge_count"":3,""connected_ways"":[{""way_id"":151811151,""highway"":""residential"",""excluded"":false,""edge_count"":1},{""way_id"":270039222,""highway"":""tertiary"",""excluded"":false,""edge_count"":2}],""determinate"":true,""ambiguous_but_determinate"":true,""combination_results"":[{""entry_way_id"":151811151,""entry_highway"":""residential"",""exit_way_id"":270039222,""exit_highway"":""tertiary"",""decision"":""detected"",""reasons"":[]},{""entry_way_id"":261532017,""entry_highway"":""residential"",""exit_way_id"":270039222,""exit_highway"":""tertiary"",""decision"":""detected"",""reasons"":[]}],""status"":""detected"",""edge_count_insufficient"":false,""entry_excluded"":false,""exit_excluded"":false},{""point"":[140.04181,35.67089],""route_idx"":134,""entry_ref_idx"":133,""exit_ref_idx"":135,""angle_deg"":77.9,""entry_way_id"":270039222,""exit_way_id"":151808598,""entry_highway"":""tertiary"",""exit_highway"":""unclassified"",""entry_match_dist_m"":1.022,""exit_match_dist_m"":1.811,""entry_match_margin_m"":3.736,""exit_match_margin_m"":66.852,""entry_candidates"":[{""way_id"":270039222,""highway"":""tertiary"",""distance_m"":1.022}],""exit_candidates"":[{""way_id"":151808598,""highway"":""unclassified"",""distance_m"":1.811}],""ambiguous"":false,""node_id"":2191684025,""edge_count"":4,""connected_ways"":[{""way_id"":151808598,""highway"":""unclassified"",""excluded"":false,""edge_count"":2},{""way_id"":270039222,""highway"":""tertiary"",""excluded"":false,""edge_count"":2}],""determinate"":true,""ambiguous_but_determinate"":false,""combination_results"":[{""entry_way_id"":270039222,""entry_highway"":""tertiary"",""exit_way_id"":151808598,""exit_highway"":""unclassified"",""decision"":""detected"",""reasons"":[]}],""status"":""detected"",""edge_count_insufficient"":false,""entry_excluded"":false,""exit_excluded"":false}]",98,overpass-api.de=122; maps.mail.ru=12
