label,feature_type,osm_key,osm_value,node_id,lat,lng,dist_to_route_m,route_position_m,parent_way_ids,parent_way_highways,direction_tag,tags_json,street_view_url
渋谷→新宿,一時停止,highway,stop,1522967767,35.6653396,139.7028611,8.33,655.3,41857281,residential,forward,"{""direction"":""forward"",""highway"":""stop""}","https://www.google.com/maps/@?api=1&map_action=pano&viewpoint=35.6653396,139.7028611"
渋谷→新宿,一時停止,highway,stop,1522968060,35.6671974,139.7042934,5.81,899.0,138917006,residential,forward,"{""direction"":""forward"",""highway"":""stop""}","https://www.google.com/maps/@?api=1&map_action=pano&viewpoint=35.6671974,139.7042934"
渋谷→新宿,一時停止,highway,stop,5619189103,35.6679387,139.7048237,7.97,994.3,963385012,residential,forward,"{""direction"":""forward"",""highway"":""stop""}","https://www.google.com/maps/@?api=1&map_action=pano&viewpoint=35.6679387,139.7048237"
渋谷→新宿,一時停止,highway,stop,5619189102,35.6679878,139.7047449,16.89,995.2,963385012,residential,backward,"{""direction"":""backward"",""highway"":""stop""}","https://www.google.com/maps/@?api=1&map_action=pano&viewpoint=35.6679878,139.7047449"
渋谷→新宿,一時停止,highway,stop,12285513211,35.6756503,139.7068022,8.05,1956.5,531362280,unclassified,backward,"{""direction"":""backward"",""highway"":""stop""}","https://www.google.com/maps/@?api=1&map_action=pano&viewpoint=35.6756503,139.7068022"
渋谷→新宿,一時停止,highway,stop,12285513212,35.6756002,139.7065195,18.02,1958.6,531362279,residential,forward,"{""direction"":""forward"",""highway"":""stop""}","https://www.google.com/maps/@?api=1&map_action=pano&viewpoint=35.6756002,139.7065195"
渋谷→新宿,一時停止,highway,stop,12285513210,35.6762327,139.7066619,14.4,2022.2,220544944,residential,forward,"{""direction"":""forward"",""highway"":""stop""}","https://www.google.com/maps/@?api=1&map_action=pano&viewpoint=35.6762327,139.7066619"
渋谷→新宿,一時停止,highway,stop,8254068911,35.6893287,139.7022679,7.39,3555.4,170232029,unclassified,forward,"{""direction"":""forward"",""highway"":""stop""}","https://www.google.com/maps/@?api=1&map_action=pano&viewpoint=35.6893287,139.7022679"
新宿→池袋,一時停止,highway,stop,8329351985,35.6913782,139.7015391,9.34,0.0,635337704,unclassified,forward,"{""direction"":""forward"",""highway"":""stop""}","https://www.google.com/maps/@?api=1&map_action=pano&viewpoint=35.6913782,139.7015391"
新宿→池袋,一時停止,highway,stop,11162524128,35.6912512,139.7023123,0.91,61.9,155224464,unclassified,forward,"{""direction"":""forward"",""highway"":""stop""}","https://www.google.com/maps/@?api=1&map_action=pano&viewpoint=35.6912512,139.7023123"
新宿→池袋,一時停止,highway,stop,11286893487,35.6919347,139.7053279,9.2,460.2,72457420,unclassified,forward,"{""direction"":""forward"",""highway"":""stop""}","https://www.google.com/maps/@?api=1&map_action=pano&viewpoint=35.6919347,139.7053279"
新宿→池袋,踏切_車道,railway,level_crossing,4622811958,35.7163556,139.7125070,18.18,3285.2,97367502,unclassified,,"{""railway"":""level_crossing""}","https://www.google.com/maps/@?api=1&map_action=pano&viewpoint=35.7163556,139.7125070"
新宿→池袋,一時停止,highway,stop,10313170970,35.7267127,139.7115426,18.03,4478.5,192620023,residential,backward,"{""direction"":""backward"",""highway"":""stop""}","https://www.google.com/maps/@?api=1&map_action=pano&viewpoint=35.7267127,139.7115426"
新宿→池袋,一時停止,highway,stop,1685099979,35.7268822,139.7115929,17.41,4497.9,1128023034,residential,forward,"{""direction"":""forward"",""highway"":""stop""}","https://www.google.com/maps/@?api=1&map_action=pano&viewpoint=35.7268822,139.7115929"
東京→渋谷,一時停止,highway,stop,13288902293,35.6773607,139.7608360,17.1,371.1,216895901,tertiary,forward,"{""direction"":""forward"",""highway"":""stop""}","https://www.google.com/maps/@?api=1&map_action=pano&viewpoint=35.6773607,139.7608360"
東京→渋谷,一時停止,highway,stop,11612834886,35.6613671,139.7369892,6.17,4078.8,23273635,unclassified,forward,"{""direction"":""forward"",""highway"":""stop""}","https://www.google.com/maps/@?api=1&map_action=pano&viewpoint=35.6613671,139.7369892"
東京→渋谷,一時停止,highway,stop,1075233588,35.6609890,139.7280779,15.51,4998.0,92702343,unclassified,forward,"{""direction"":""forward"",""highway"":""stop""}","https://www.google.com/maps/@?api=1&map_action=pano&viewpoint=35.6609890,139.7280779"
東京→渋谷,一時停止,highway,stop,12334423109,35.6608618,139.7276580,10.79,5036.7,176209641,service,forward,"{""direction"":""forward"",""highway"":""stop""}","https://www.google.com/maps/@?api=1&map_action=pano&viewpoint=35.6608618,139.7276580"
東京→渋谷,一時停止,highway,stop,12334378300,35.6600519,139.7253558,11.5,5263.6,122928198,residential,backward,"{""direction"":""backward"",""highway"":""stop""}","https://www.google.com/maps/@?api=1&map_action=pano&viewpoint=35.6600519,139.7253558"
東京→渋谷,一時停止,highway,stop,8663938876,35.6591415,139.7186637,7.96,5878.1,372005557,residential,forward,"{""direction"":""forward"",""highway"":""stop""}","https://www.google.com/maps/@?api=1&map_action=pano&viewpoint=35.6591415,139.7186637"
東京→渋谷,一時停止,highway,stop,8663938894,35.6590311,139.7177425,11.52,5962.2,103751727,residential,backward,"{""direction"":""backward"",""highway"":""stop""}","https://www.google.com/maps/@?api=1&map_action=pano&viewpoint=35.6590311,139.7177425"
東京→渋谷,一時停止,highway,stop,2138385693,35.6583492,139.7102518,6.52,6643.3,93185600,unclassified,forward,"{""direction"":""forward"",""highway"":""stop""}","https://www.google.com/maps/@?api=1&map_action=pano&viewpoint=35.6583492,139.7102518"
東京→渋谷,一時停止,highway,stop,8563870267,35.6580440,139.7070990,12.83,6929.7,141293467,tertiary,forward,"{""direction"":""forward"",""highway"":""stop""}","https://www.google.com/maps/@?api=1&map_action=pano&viewpoint=35.6580440,139.7070990"
東京→渋谷,一時停止,highway,stop,13042424432,35.6580156,139.7061248,10.23,7017.5,141293465,residential,backward,"{""direction"":""backward"",""highway"":""stop""}","https://www.google.com/maps/@?api=1&map_action=pano&viewpoint=35.6580156,139.7061248"
東京→渋谷,一時停止,highway,stop,13042424433,35.6579591,139.7047102,11.37,7145.4,211286456,unclassified,forward,"{""direction"":""forward"",""highway"":""stop""}","https://www.google.com/maps/@?api=1&map_action=pano&viewpoint=35.6579591,139.7047102"
品川→東京,一時停止,highway,stop,1074585156,35.6481411,139.7547212,11.11,2772.3,60544302,residential,forward,"{""direction"":""forward"",""highway"":""stop""}","https://www.google.com/maps/@?api=1&map_action=pano&viewpoint=35.6481411,139.7547212"
品川→東京,一時停止,highway,stop,9523456780,35.6484018,139.7545873,19.12,2822.6,33847389,tertiary,backward,"{""direction"":""backward"",""highway"":""stop""}","https://www.google.com/maps/@?api=1&map_action=pano&viewpoint=35.6484018,139.7545873"
品川→東京,一時停止,highway,stop,13109512797,35.6486498,139.7541064,13.62,2887.1,462907587,residential,forward,"{""direction"":""forward"",""highway"":""stop""}","https://www.google.com/maps/@?api=1&map_action=pano&viewpoint=35.6486498,139.7541064"
品川→東京,一時停止,highway,stop,9991674504,35.6488030,139.7535131,15.58,2943.3,87510459,unclassified,forward,"{""direction"":""forward"",""highway"":""stop""}","https://www.google.com/maps/@?api=1&map_action=pano&viewpoint=35.6488030,139.7535131"
品川→東京,一時停止,highway,stop,11295266877,35.6511178,139.7536184,11.54,3233.7,111594585,residential,backward,"{""direction"":""backward"",""highway"":""stop""}","https://www.google.com/maps/@?api=1&map_action=pano&viewpoint=35.6511178,139.7536184"
品川→東京,一時停止,highway,stop,10073004133,35.6609555,139.7554056,13.82,4339.9,600239764,unclassified,forward,"{""direction"":""forward"",""highway"":""stop""}","https://www.google.com/maps/@?api=1&map_action=pano&viewpoint=35.6609555,139.7554056"
渋谷→六本木,一時停止,highway,stop,12323845982,35.6572863,139.7060461,4.44,282.7,109231692,residential,backward,"{""direction"":""backward"",""highway"":""stop""}","https://www.google.com/maps/@?api=1&map_action=pano&viewpoint=35.6572863,139.7060461"
渋谷→六本木,一時停止,highway,stop,8563870269,35.6572931,139.7069811,13.33,362.8,141293467,tertiary,backward,"{""direction"":""backward"",""highway"":""stop""}","https://www.google.com/maps/@?api=1&map_action=pano&viewpoint=35.6572931,139.7069811"
渋谷→六本木,一時停止,highway,stop,8563870271,35.6574614,139.7077601,11.81,503.0,141293462,residential,backward,"{""direction"":""backward"",""highway"":""stop""}","https://www.google.com/maps/@?api=1&map_action=pano&viewpoint=35.6574614,139.7077601"
渋谷→六本木,一時停止,highway,stop,1509501699,35.6591106,139.7135619,14.99,1096.8,137630411;1328569380,unclassified;unclassified,backward,"{""direction"":""backward"",""highway"":""stop""}","https://www.google.com/maps/@?api=1&map_action=pano&viewpoint=35.6591106,139.7135619"
渋谷→六本木,一時停止,highway,stop,1533906714,35.6591545,139.7145704,9.37,1187.9,139978182,residential,forward,"{""direction"":""forward"",""highway"":""stop""}","https://www.google.com/maps/@?api=1&map_action=pano&viewpoint=35.6591545,139.7145704"
渋谷→六本木,一時停止,highway,stop,8667731925,35.6591762,139.7148882,8.47,1216.7,265033759,residential,forward,"{""direction"":""forward"",""highway"":""stop""}","https://www.google.com/maps/@?api=1&map_action=pano&viewpoint=35.6591762,139.7148882"
渋谷→六本木,一時停止,highway,stop,8667731924,35.6591855,139.7149565,8.78,1222.9,243264888,residential,forward,"{""direction"":""forward"",""highway"":""stop""}","https://www.google.com/maps/@?api=1&map_action=pano&viewpoint=35.6591855,139.7149565"
渋谷→六本木,一時停止,highway,stop,8667731917,35.6592801,139.7158162,10.28,1301.3,935330870,residential,forward,"{""direction"":""forward"",""highway"":""stop""}","https://www.google.com/maps/@?api=1&map_action=pano&viewpoint=35.6592801,139.7158162"
渋谷→六本木,一時停止,highway,stop,8667731918,35.6593591,139.7167214,9.59,1383.5,137630409,residential,backward,"{""direction"":""backward"",""highway"":""stop""}","https://www.google.com/maps/@?api=1&map_action=pano&viewpoint=35.6593591,139.7167214"
渋谷→六本木,一時停止,highway,stop,8660985202,35.6598965,139.7227656,15.27,1935.2,967220472,residential,forward,"{""direction"":""forward"",""highway"":""stop""}","https://www.google.com/maps/@?api=1&map_action=pano&viewpoint=35.6598965,139.7227656"
渋谷→六本木,一時停止,highway,stop,8594646448,35.6598627,139.7229005,8.95,1946.3,967220470,unclassified,forward,"{""direction"":""forward"",""highway"":""stop""}","https://www.google.com/maps/@?api=1&map_action=pano&viewpoint=35.6598627,139.7229005"
渋谷→六本木,一時停止,highway,stop,8350070983,35.6617015,139.7284790,14.52,2496.5,898573318;925490948,unclassified;unclassified,forward,"{""direction"":""forward"",""highway"":""stop""}","https://www.google.com/maps/@?api=1&map_action=pano&viewpoint=35.6617015,139.7284790"
下北沢→三軒茶屋,一時停止,highway,stop,12728441319,35.6610189,139.6692735,5.63,188.2,241993539,service,forward,"{""direction"":""forward"",""highway"":""stop""}","https://www.google.com/maps/@?api=1&map_action=pano&viewpoint=35.6610189,139.6692735"
下北沢→三軒茶屋,一時停止,highway,stop,12728441312,35.6602088,139.6687415,8.61,289.6,33614319,unclassified,forward,"{""direction"":""forward"",""highway"":""stop""}","https://www.google.com/maps/@?api=1&map_action=pano&viewpoint=35.6602088,139.6687415"
下北沢→三軒茶屋,一時停止,highway,stop,12695846667,35.6546366,139.6671407,8.15,931.3,220704411,residential,forward,"{""direction"":""forward"",""highway"":""stop""}","https://www.google.com/maps/@?api=1&map_action=pano&viewpoint=35.6546366,139.6671407"
下北沢→三軒茶屋,一時停止,highway,stop,12695846666,35.6546179,139.6672941,5.85,932.2,88519913,residential,backward,"{""direction"":""backward"",""highway"":""stop""}","https://www.google.com/maps/@?api=1&map_action=pano&viewpoint=35.6546179,139.6672941"
下北沢→三軒茶屋,一時停止,highway,stop,12692218768,35.6530397,139.6671170,6.65,1108.0,48728743,residential,forward,"{""direction"":""forward"",""highway"":""stop""}","https://www.google.com/maps/@?api=1&map_action=pano&viewpoint=35.6530397,139.6671170"
下北沢→三軒茶屋,一時停止,highway,stop,12692218767,35.6530366,139.6672706,7.22,1109.0,88527664,residential,forward,"{""direction"":""forward"",""highway"":""stop""}","https://www.google.com/maps/@?api=1&map_action=pano&viewpoint=35.6530366,139.6672706"
下北沢→三軒茶屋,一時停止,highway,stop,12692218772,35.6523028,139.6671293,9.18,1189.9,51155716,residential,forward,"{""direction"":""forward"",""highway"":""stop""}","https://www.google.com/maps/@?api=1&map_action=pano&viewpoint=35.6523028,139.6671293"
下北沢→三軒茶屋,一時停止,highway,stop,12692218773,35.6522979,139.6673161,7.67,1191.2,48728752,residential,backward,"{""direction"":""backward"",""highway"":""stop""}","https://www.google.com/maps/@?api=1&map_action=pano&viewpoint=35.6522979,139.6673161"
下北沢→三軒茶屋,一時停止,highway,stop,12692218775,35.6517222,139.6673578,8.59,1255.3,48728749,residential,backward,"{""direction"":""backward"",""highway"":""stop""}","https://www.google.com/maps/@?api=1&map_action=pano&viewpoint=35.6517222,139.6673578"
下北沢→三軒茶屋,一時停止,highway,stop,12692218774,35.6516671,139.6671698,8.67,1260.7,55114345,residential,forward,"{""direction"":""forward"",""highway"":""stop""}","https://www.google.com/maps/@?api=1&map_action=pano&viewpoint=35.6516671,139.6671698"
下北沢→三軒茶屋,一時停止,highway,stop,12692217222,35.6503911,139.6673971,6.04,1403.3,116433279,unclassified,backward,"{""direction"":""backward"",""highway"":""stop""}","https://www.google.com/maps/@?api=1&map_action=pano&viewpoint=35.6503911,139.6673971"
下北沢→三軒茶屋,一時停止,highway,stop,12695787372,35.6490164,139.6682231,9.06,1574.2,48681453,residential,backward,"{""direction"":""backward"",""highway"":""stop""}","https://www.google.com/maps/@?api=1&map_action=pano&viewpoint=35.6490164,139.6682231"
下北沢→三軒茶屋,一時停止,highway,stop,12695787374,35.6474931,139.6692720,15.5,1768.2,1370782200,residential,forward,"{""direction"":""forward"",""highway"":""stop""}","https://www.google.com/maps/@?api=1&map_action=pano&viewpoint=35.6474931,139.6692720"
下北沢→三軒茶屋,一時停止,highway,stop,12695787376,35.6457422,139.6700955,7.77,1975.2,158815335,service,forward,"{""direction"":""forward"",""highway"":""stop""}","https://www.google.com/maps/@?api=1&map_action=pano&viewpoint=35.6457422,139.6700955"
下北沢→三軒茶屋,一時停止,highway,stop,12695787377,35.6457960,139.6702637,8.47,1976.9,158815335,service,backward,"{""direction"":""backward"",""highway"":""stop""}","https://www.google.com/maps/@?api=1&map_action=pano&viewpoint=35.6457960,139.6702637"
下北沢→三軒茶屋,一時停止,highway,stop,12695787378,35.6453275,139.6704836,6.38,2031.5,217262443,service,forward,"{""direction"":""forward"",""highway"":""stop""}","https://www.google.com/maps/@?api=1&map_action=pano&viewpoint=35.6453275,139.6704836"
下北沢→三軒茶屋,一時停止,highway,stop,12692231840,35.6444306,139.6706319,10.42,2130.7,48671202,unclassified,forward,"{""direction"":""forward"",""highway"":""stop""}","https://www.google.com/maps/@?api=1&map_action=pano&viewpoint=35.6444306,139.6706319"
下北沢→三軒茶屋,一時停止,highway,stop,12695787380,35.6440526,139.6709767,6.88,2180.1,27263501,service,backward,"{""direction"":""backward"",""highway"":""stop""}","https://www.google.com/maps/@?api=1&map_action=pano&viewpoint=35.6440526,139.6709767"
高円寺→中野,一時停止,highway,stop,10035139362,35.7053433,139.6642794,9.96,1271.4,1330235066,unclassified,forward,"{""direction"":""forward"",""highway"":""stop""}","https://www.google.com/maps/@?api=1&map_action=pano&viewpoint=35.7053433,139.6642794"
高円寺→中野,一時停止,highway,stop,8784582360,35.7054323,139.6652607,0.51,1357.1,49175544,unclassified,backward,"{""direction"":""backward"",""highway"":""stop"",""note"":""8-20右折禁止""}","https://www.google.com/maps/@?api=1&map_action=pano&viewpoint=35.7054323,139.6652607"
自由が丘→等々力,踏切_歩道自転車道,railway,crossing,12987814290,35.6071955,139.6682015,1.11,85.2,317055621,footway,,"{""railway"":""crossing""}","https://www.google.com/maps/@?api=1&map_action=pano&viewpoint=35.6071955,139.6682015"
自由が丘→等々力,踏切_車道,railway,level_crossing,283343309,35.6071875,139.6681797,0.75,86.4,25533292,unclassified,,"{""railway"":""level_crossing""}","https://www.google.com/maps/@?api=1&map_action=pano&viewpoint=35.6071875,139.6681797"
自由が丘→等々力,踏切_歩道自転車道,railway,crossing,12987940090,35.6071725,139.6681360,4.49,88.5,317055620,footway,,"{""railway"":""crossing""}","https://www.google.com/maps/@?api=1&map_action=pano&viewpoint=35.6071725,139.6681360"
自由が丘→等々力,踏切_歩道自転車道,railway,crossing,12987814291,35.6071616,139.6682003,1.43,89.0,317055621,footway,,"{""railway"":""crossing""}","https://www.google.com/maps/@?api=1&map_action=pano&viewpoint=35.6071616,139.6682003"
自由が丘→等々力,踏切_車道,railway,level_crossing,2574536592,35.6071538,139.6681774,0.53,90.1,25533292,unclassified,,"{""railway"":""level_crossing""}","https://www.google.com/maps/@?api=1&map_action=pano&viewpoint=35.6071538,139.6681774"
自由が丘→等々力,踏切_歩道自転車道,railway,crossing,12987940091,35.6071375,139.6681316,4.45,92.4,317055620,footway,,"{""railway"":""crossing""}","https://www.google.com/maps/@?api=1&map_action=pano&viewpoint=35.6071375,139.6681316"
自由が丘→等々力,踏切_車道,railway,level_crossing,2574536563,35.6060373,139.6649499,0.4,500.3,48903694,residential,,"{""railway"":""level_crossing"",""source"":""survey""}","https://www.google.com/maps/@?api=1&map_action=pano&viewpoint=35.6060373,139.6649499"
自由が丘→等々力,踏切_車道,railway,level_crossing,620534668,35.6060661,139.6649283,0.09,504.0,48903694,residential,,"{""railway"":""level_crossing"",""source"":""survey""}","https://www.google.com/maps/@?api=1&map_action=pano&viewpoint=35.6060661,139.6649283"
自由が丘→等々力,踏切_車道,railway,level_crossing,2574536545,35.6054269,139.6631386,6.88,685.4,295477986,tertiary,,"{""railway"":""level_crossing""}","https://www.google.com/maps/@?api=1&map_action=pano&viewpoint=35.6054269,139.6631386"
自由が丘→等々力,踏切_車道,railway,level_crossing,266085618,35.6054392,139.6630797,3.53,689.8,295477986,tertiary,,"{""railway"":""level_crossing""}","https://www.google.com/maps/@?api=1&map_action=pano&viewpoint=35.6054392,139.6630797"
自由が丘→等々力,一時停止,highway,stop,11759381736,35.6069361,139.6568612,4.11,1274.4,49730487,residential,forward,"{""direction"":""forward"",""highway"":""stop""}","https://www.google.com/maps/@?api=1&map_action=pano&viewpoint=35.6069361,139.6568612"
自由が丘→等々力,一時停止,highway,stop,12273548008,35.6079531,139.6525426,5.42,1680.8,48959133,residential,backward,"{""direction"":""backward"",""highway"":""stop""}","https://www.google.com/maps/@?api=1&map_action=pano&viewpoint=35.6079531,139.6525426"
自由が丘→等々力,一時停止,highway,stop,12514350338,35.6085265,139.6490737,4.27,2009.5,1352547328,service,forward,"{""direction"":""forward"",""highway"":""stop""}","https://www.google.com/maps/@?api=1&map_action=pano&viewpoint=35.6085265,139.6490737"
自由が丘→等々力,踏切_歩道自転車道,railway,crossing,1062454490,35.6085349,139.6474892,4.31,2171.1,91465367,footway,,"{""railway"":""crossing""}","https://www.google.com/maps/@?api=1&map_action=pano&viewpoint=35.6085349,139.6474892"
自由が丘→等々力,踏切_歩道自転車道,railway,crossing,11132311872,35.6085832,139.6472929,19.7,2171.1,285742498,footway,,"{""crossing:barrier"":""yes"",""name"":""等々力1号踏切"",""railway"":""crossing""}","https://www.google.com/maps/@?api=1&map_action=pano&viewpoint=35.6085832,139.6472929"
自由が丘→等々力,踏切_歩道自転車道,railway,crossing,11132311875,35.6084555,139.6474555,13.58,2171.1,91465367,footway,,"{""railway"":""crossing""}","https://www.google.com/maps/@?api=1&map_action=pano&viewpoint=35.6084555,139.6474555"
浦和→さいたま新都心,一時停止,highway,stop,12438301581,35.8690468,139.6502325,1.12,1432.5,100400218,residential,forward,"{""direction"":""forward"",""highway"":""stop""}","https://www.google.com/maps/@?api=1&map_action=pano&viewpoint=35.8690468,139.6502325"
浦和→さいたま新都心,一時停止,highway,stop,12438301580,35.8691237,139.6501731,1.04,1442.6,100400218,residential,backward,"{""direction"":""backward"",""highway"":""stop""}","https://www.google.com/maps/@?api=1&map_action=pano&viewpoint=35.8691237,139.6501731"
浦和→さいたま新都心,一時停止,highway,stop,7196414489,35.8852337,139.6400533,4.98,3506.6,95385874,unclassified,forward,"{""direction"":""forward"",""highway"":""stop""}","https://www.google.com/maps/@?api=1&map_action=pano&viewpoint=35.8852337,139.6400533"
吉祥寺→三鷹,一時停止,highway,stop,13366744340,35.7034799,139.5607731,12.6,1673.8,205040880,service,forward,"{""direction"":""forward"",""highway"":""stop""}","https://www.google.com/maps/@?api=1&map_action=pano&viewpoint=35.7034799,139.5607731"
立川→国分寺,踏切_車道,railway,level_crossing,1517858200,35.6915664,139.4246775,3.04,1333.5,138427587,tertiary,,"{""crossing:barrier"":""half"",""name"":""向郷踏切"",""railway"":""level_crossing"",""ref"":""86""}","https://www.google.com/maps/@?api=1&map_action=pano&viewpoint=35.6915664,139.4246775"
立川→国分寺,踏切_車道,railway,level_crossing,1517858405,35.6915084,139.4247010,3.51,1335.2,1429406683,tertiary,,"{""crossing:barrier"":""half"",""name"":""向郷踏切"",""railway"":""level_crossing"",""ref"":""86""}","https://www.google.com/maps/@?api=1&map_action=pano&viewpoint=35.6915084,139.4247010"
立川→国分寺,踏切_歩道自転車道,railway,crossing,13330137762,35.6914868,139.4247106,5.95,1335.8,1453544791,footway,,"{""railway"":""crossing""}","https://www.google.com/maps/@?api=1&map_action=pano&viewpoint=35.6914868,139.4247106"
立川→国分寺,踏切_車道,railway,level_crossing,4032122672,35.6915635,139.4247206,2.44,1337.4,138427587,tertiary,,"{""crossing:barrier"":""half"",""name"":""向郷踏切"",""railway"":""level_crossing"",""ref"":""86""}","https://www.google.com/maps/@?api=1&map_action=pano&viewpoint=35.6915635,139.4247206"
立川→国分寺,踏切_車道,railway,level_crossing,4032122671,35.6915080,139.4247437,3.83,1339.0,1429406683,tertiary,,"{""crossing:barrier"":""half"",""name"":""向郷踏切"",""railway"":""level_crossing"",""ref"":""86""}","https://www.google.com/maps/@?api=1&map_action=pano&viewpoint=35.6915080,139.4247437"
立川→国分寺,踏切_歩道自転車道,railway,crossing,13330137763,35.6914849,139.4247540,6.45,1339.7,1453544791,footway,,"{""railway"":""crossing""}","https://www.google.com/maps/@?api=1&map_action=pano&viewpoint=35.6914849,139.4247540"
立川→国分寺,一時停止,highway,stop,13888216707,35.6965933,139.4747373,6.27,6484.9,161953549,residential,forward,"{""direction"":""forward"",""highway"":""stop""}","https://www.google.com/maps/@?api=1&map_action=pano&viewpoint=35.6965933,139.4747373"
川崎→武蔵小杉,一時停止,highway,stop,12229680648,35.5423172,139.6943228,10.54,1718.3,1321613838,service,backward,"{""direction"":""backward"",""highway"":""stop""}","https://www.google.com/maps/@?api=1&map_action=pano&viewpoint=35.5423172,139.6943228"
川崎→武蔵小杉,一時停止,highway,stop,10297920069,35.5448020,139.6890285,8.59,2281.6,1058854790,unclassified,forward,"{""direction"":""forward"",""highway"":""stop""}","https://www.google.com/maps/@?api=1&map_action=pano&viewpoint=35.5448020,139.6890285"
川崎→武蔵小杉,一時停止,highway,stop,9328887768,35.5498719,139.6816852,14.02,3170.0,124965707,tertiary,forward,"{""direction"":""forward"",""highway"":""stop""}","https://www.google.com/maps/@?api=1&map_action=pano&viewpoint=35.5498719,139.6816852"
川崎→武蔵小杉,一時停止,highway,stop,9043732236,35.5527404,139.6801910,14.01,3515.2,1071867337,residential,forward,"{""direction"":""forward"",""highway"":""stop""}","https://www.google.com/maps/@?api=1&map_action=pano&viewpoint=35.5527404,139.6801910"
川崎→武蔵小杉,一時停止,highway,stop,10270731845,35.5550088,139.6782253,8.28,3822.3,159367744,residential,forward,"{""direction"":""forward"",""highway"":""stop""}","https://www.google.com/maps/@?api=1&map_action=pano&viewpoint=35.5550088,139.6782253"
川崎→武蔵小杉,一時停止,highway,stop,9269777761,35.5578991,139.6761437,9.15,4194.7,221309639,unclassified,backward,"{""direction"":""backward"",""highway"":""stop""}","https://www.google.com/maps/@?api=1&map_action=pano&viewpoint=35.5578991,139.6761437"
川崎→武蔵小杉,踏切_歩道自転車道,railway,crossing,9532416785,35.5712562,139.6674541,5.37,5984.2,812902514,path,,"{""railway"":""crossing""}","https://www.google.com/maps/@?api=1&map_action=pano&viewpoint=35.5712562,139.6674541"
千葉→幕張本郷,踏切_車道,railway,level_crossing,2697832127,35.6516019,140.0694328,0.39,7772.6,139653293,unclassified,,"{""railway"":""level_crossing""}","https://www.google.com/maps/@?api=1&map_action=pano&viewpoint=35.6516019,140.0694328"
千葉→幕張本郷,踏切_車道,railway,level_crossing,2697832130,35.6516341,140.0694592,0.68,7776.9,139653293,unclassified,,"{""railway"":""level_crossing""}","https://www.google.com/maps/@?api=1&map_action=pano&viewpoint=35.6516341,140.0694592"
千葉→幕張本郷,踏切_車道,railway,level_crossing,2686744903,35.6521126,140.0678804,11.06,7934.8,139815669,residential,,"{""railway"":""level_crossing""}","https://www.google.com/maps/@?api=1&map_action=pano&viewpoint=35.6521126,140.0678804"
千葉→幕張本郷,踏切_車道,railway,level_crossing,2686744904,35.6521445,140.0678975,7.24,7934.8,139815669,residential,,"{""railway"":""level_crossing""}","https://www.google.com/maps/@?api=1&map_action=pano&viewpoint=35.6521445,140.0678975"
千葉→幕張本郷,踏切_歩道自転車道,railway,crossing,13360319204,35.6526719,140.0663044,4.24,8103.0,1456766573,footway,,"{""railway"":""crossing""}","https://www.google.com/maps/@?api=1&map_action=pano&viewpoint=35.6526719,140.0663044"
千葉→幕張本郷,踏切_歩道自転車道,railway,crossing,2686744906,35.6526871,140.0662585,0.23,8103.3,312441870,footway,,"{""crossing:bell"":""yes"",""crossing:light"":""yes"",""railway"":""crossing""}","https://www.google.com/maps/@?api=1&map_action=pano&viewpoint=35.6526871,140.0662585"
千葉→幕張本郷,踏切_歩道自転車道,railway,crossing,13360319205,35.6526421,140.0662892,4.49,8106.5,1456766573,footway,,"{""railway"":""crossing""}","https://www.google.com/maps/@?api=1&map_action=pano&viewpoint=35.6526421,140.0662892"
千葉→幕張本郷,踏切_歩道自転車道,railway,crossing,2686744905,35.6526570,140.0662445,0.14,8106.9,312441870,footway,,"{""crossing:bell"":""yes"",""crossing:light"":""yes"",""railway"":""crossing""}","https://www.google.com/maps/@?api=1&map_action=pano&viewpoint=35.6526570,140.0662445"
千葉→幕張本郷,踏切_車道,railway,level_crossing,2697832135,35.6528978,140.0655145,0.15,8216.2,1410024945,tertiary,,"{""railway"":""level_crossing""}","https://www.google.com/maps/@?api=1&map_action=pano&viewpoint=35.6528978,140.0655145"
千葉→幕張本郷,踏切_車道,railway,level_crossing,2697832139,35.6529258,140.0655329,0.33,8219.7,1410024945,tertiary,,"{""railway"":""level_crossing""}","https://www.google.com/maps/@?api=1&map_action=pano&viewpoint=35.6529258,140.0655329"
千葉→幕張本郷,一時停止,highway,stop,12293389477,35.6562671,140.0639761,0.72,8740.7,1328740627,cycleway,forward,"{""direction"":""forward"",""highway"":""stop""}","https://www.google.com/maps/@?api=1&map_action=pano&viewpoint=35.6562671,140.0639761"
千葉→幕張本郷,一時停止,highway,stop,12293389478,35.6563531,140.0640086,3.55,8748.1,780205366,cycleway,backward,"{""direction"":""backward"",""highway"":""stop""}","https://www.google.com/maps/@?api=1&map_action=pano&viewpoint=35.6563531,140.0640086"
千葉→幕張本郷,一時停止,highway,stop,12623149769,35.6566086,140.0630387,1.34,8843.3,140120618,unclassified,forward,"{""direction"":""forward"",""highway"":""stop""}","https://www.google.com/maps/@?api=1&map_action=pano&viewpoint=35.6566086,140.0630387"
千葉→幕張本郷,踏切_車道,railway,level_crossing,2672501042,35.6594304,140.0564779,0.3,9765.6,142222817,residential,,"{""railway"":""level_crossing""}","https://www.google.com/maps/@?api=1&map_action=pano&viewpoint=35.6594304,140.0564779"
千葉→幕張本郷,踏切_車道,railway,level_crossing,2672501045,35.6594491,140.0564247,0.01,9770.9,142222817,residential,,"{""railway"":""level_crossing""}","https://www.google.com/maps/@?api=1&map_action=pano&viewpoint=35.6594491,140.0564247"
千葉→幕張本郷,踏切_歩道自転車道,railway,crossing,2046049354,35.6633977,140.0529961,0.19,10331.2,194093217;494114429,residential;footway,,"{""railway"":""crossing""}","https://www.google.com/maps/@?api=1&map_action=pano&viewpoint=35.6633977,140.0529961"
千葉→幕張本郷,踏切_車道,railway,level_crossing,6925822213,35.6634265,140.0530262,3.98,10331.6,494114429,footway,,"{""crossing:barrier"":""full"",""crossing:bell"":""yes"",""crossing:light"":""yes"",""railway"":""level_crossing"",""supervised"":""no""}","https://www.google.com/maps/@?api=1&map_action=pano&viewpoint=35.6634265,140.0530262"
千葉→幕張本郷,踏切_車道,railway,level_crossing,6925822212,35.6634527,140.0530535,7.77,10332.0,494114429,footway,,"{""crossing:barrier"":""full"",""crossing:bell"":""yes"",""crossing:light"":""yes"",""railway"":""level_crossing"",""supervised"":""no""}","https://www.google.com/maps/@?api=1&map_action=pano&viewpoint=35.6634527,140.0530535"
千葉→幕張本郷,踏切_歩道自転車道,railway,crossing,6925822211,35.6635015,140.0531045,14.83,10332.7,494114429,footway,,"{""crossing:barrier"":""full"",""crossing:bell"":""yes"",""crossing:light"":""yes"",""railway"":""crossing"",""supervised"":""no""}","https://www.google.com/maps/@?api=1&map_action=pano&viewpoint=35.6635015,140.0531045"
千葉→幕張本郷,踏切_歩道自転車道,railway,crossing,6925822210,35.6635282,140.0531325,18.7,10333.1,494114429,footway,,"{""crossing:barrier"":""full"",""crossing:bell"":""yes"",""crossing:light"":""yes"",""railway"":""crossing"",""supervised"":""no""}","https://www.google.com/maps/@?api=1&map_action=pano&viewpoint=35.6635282,140.0531325"
