label,sample_idx,old_20260730_candidate_count,fixed_20260801_overpass_candidate_count,pbf_20260801_candidate_count,old_rank1,fixed_rank1,pbf_rank1,old_rank2,fixed_rank2,pbf_rank2,old_to_fixed_count_diff,old_to_fixed_rank12_diff,fixed_to_pbf_count_diff,fixed_to_pbf_rank12_diff
渋谷→新宿,0,206,206,206,664492786,664492786,664492786,534157302,534157302,534157302,False,False,False,False
渋谷→新宿,1,206,206,206,798794765,798794765,798794765,1069882500,1069882500,1069882500,False,False,False,False
渋谷→新宿,2,206,206,206,798739072,798739072,798739072,1073294152,1073294152,1073294152,False,False,False,False
渋谷→新宿,3,206,206,206,798739072,798739072,798739072,944268180,944268180,944268180,False,False,False,False
渋谷→新宿,4,206,206,206,117083664,117083664,117083664,1368012337,1368012337,1368012337,False,False,False,False
渋谷→新宿,5,206,206,206,1061981261,1061981261,1061981261,1061981255,1061981255,1061981255,False,False,False,False
渋谷→新宿,6,206,206,206,1061981252,1061981252,1061981252,665965038,665965038,665965038,False,False,False,False
渋谷→新宿,7,206,206,206,1061981252,1061981252,1061981252,670335461,670335461,670335461,False,False,False,False
渋谷→新宿,8,206,206,206,670335467,670335467,670335467,798794766,798794766,798794766,False,False,False,False
渋谷→新宿,9,206,206,206,796871114,796871114,796871114,41857396,41857396,41857396,False,False,False,False
渋谷→新宿,10,206,206,206,796871114,796871114,796871114,860381101,860381101,860381101,False,False,False,False
渋谷→新宿,11,206,206,206,860381103,860381103,860381103,39683367,39683367,39683367,False,False,False,False
渋谷→新宿,12,206,206,206,213526441,213526441,213526441,39683528,39683528,39683528,False,False,False,False
渋谷→新宿,13,206,206,206,213526441,213526441,213526441,1119117311,1119117311,1119117311,False,False,False,False
渋谷→新宿,14,206,206,206,213526441,213526441,213526441,1463063079,1463063079,1463063079,False,False,False,False
渋谷→新宿,15,206,206,206,213526441,213526441,213526441,199152225,199152225,199152225,False,False,False,False
渋谷→新宿,16,206,206,206,213526441,213526441,213526441,567002242,567002242,567002242,False,False,False,False
渋谷→新宿,17,206,206,206,199152190,199152190,199152190,924378580,924378580,924378580,False,False,False,False
渋谷→新宿,18,206,206,206,138533178,138533178,138533178,670733022,670733022,670733022,False,False,False,False
渋谷→新宿,19,206,206,206,39436592,39436592,39436592,692356898,692356898,692356898,False,False,False,False
新宿→池袋,0,188,188,188,155224464,155224464,155224464,306838996,306838996,306838996,False,False,False,False
新宿→池袋,1,188,188,188,155224464,155224464,155224464,39436618,39436618,39436618,False,False,False,False
新宿→池袋,2,188,188,188,39436598,39436598,39436598,670763643,670763643,670763643,False,False,False,False
新宿→池袋,3,188,188,188,1120796134,1120796134,1120796134,660599138,660599138,660599138,False,False,False,False
新宿→池袋,4,188,188,188,688686080,688686080,688686080,318034646,318034646,318034646,False,False,False,False
新宿→池袋,5,188,188,188,688686080,688686080,688686080,39436538,39436538,39436538,False,False,False,False
新宿→池袋,6,188,188,188,688686080,688686080,688686080,244906595,244906595,244906595,False,False,False,False
新宿→池袋,7,188,188,188,688819559,688819559,688819559,697197851,697197851,697197851,False,False,False,False
新宿→池袋,8,188,188,188,691691444,691691444,691691444,682765997,682765997,682765997,False,False,False,False
新宿→池袋,9,188,188,188,691691444,691691444,691691444,98726948,98726948,98726948,False,False,False,False
新宿→池袋,10,188,188,188,415221604,415221604,415221604,1334924028,1334924028,1334924028,False,False,False,False
新宿→池袋,11,188,188,188,415221604,415221604,415221604,94515954,94515954,94515954,False,False,False,False
新宿→池袋,12,188,188,188,69518078,69518078,69518078,415221604,415221604,415221604,False,False,False,False
新宿→池袋,13,188,188,188,688819558,688819558,688819558,415221604,415221604,415221604,False,False,False,False
新宿→池袋,14,188,188,188,683237303,683237303,683237303,415221599,415221599,415221599,False,False,False,False
新宿→池袋,15,188,188,188,415221602,415221602,415221602,117083662,117083662,117083662,False,False,False,False
新宿→池袋,16,188,188,188,415221602,415221602,415221602,467676904,467676904,467676904,False,False,False,False
新宿→池袋,17,188,188,188,97367343,97367343,97367343,156260998,156260998,156260998,False,False,False,False
新宿→池袋,18,188,188,188,156260998,156260998,156260998,376630575,376630575,376630575,False,False,False,False
新宿→池袋,19,188,188,188,688557393,688557393,688557393,376630575,376630575,376630575,False,False,False,False
新宿→池袋,20,188,188,188,688557393,688557393,688557393,228137437,228137437,228137437,False,False,False,False
新宿→池袋,21,188,188,188,648625671,648625671,648625671,228180934,228180934,228180934,False,False,False,False
新宿→池袋,22,188,188,188,228180934,228180934,228180934,648625671,648625671,648625671,False,False,False,False
新宿→池袋,23,188,188,188,1128023036,1128023036,1128023036,156246572,156246572,156246572,False,False,False,False
新宿→池袋,24,188,188,188,156246572,156246572,156246572,1128023039,1128023039,1128023039,False,False,False,False
東京→渋谷,0,342,342,342,1450867353,1450867353,1450867353,387312965,387312965,387312965,False,False,False,False
東京→渋谷,1,342,342,342,59266960,59266960,59266960,387312967,387312967,387312967,False,False,False,False
東京→渋谷,2,342,342,342,59266960,59266960,59266960,474593059,474593059,474593059,False,False,False,False
東京→渋谷,3,342,342,342,157191451,157191451,157191451,45171692,45171692,45171692,False,False,False,False
東京→渋谷,4,342,342,342,206353802,206353802,206353802,631239776,631239776,631239776,False,False,False,False
東京→渋谷,5,342,342,342,206353802,206353802,206353802,583110309,583110309,583110309,False,False,False,False
東京→渋谷,6,342,342,342,662063657,662063657,662063657,813532923,813532923,813532923,False,False,False,False
東京→渋谷,7,342,342,342,243268913,243268913,243268913,813532923,813532923,813532923,False,False,False,False
東京→渋谷,8,342,342,342,931757787,931757787,931757787,678476157,678476157,678476157,False,False,False,False
東京→渋谷,9,342,342,342,931757787,931757787,931757787,474603749,474603749,474603749,False,False,False,False
東京→渋谷,10,342,342,342,931757787,931757787,931757787,474600371,474600371,474600371,False,False,False,False
東京→渋谷,11,342,342,342,931757787,931757787,931757787,683135150,683135150,683135150,False,False,False,False
東京→渋谷,12,342,342,342,253812412,253812412,253812412,1192656136,1192656136,1192656136,False,False,False,False
東京→渋谷,13,342,342,342,253812412,253812412,253812412,474600366,474600366,474600366,False,False,False,False
東京→渋谷,14,342,342,342,1035341897,1035341897,1035341897,858775690,858775690,858775690,False,False,False,False
東京→渋谷,15,342,342,342,858775693,858775693,858775693,858775686,858775686,858775686,False,False,False,False
東京→渋谷,16,342,342,342,19023682,19023682,19023682,858775692,858775692,858775692,False,False,False,False
東京→渋谷,17,342,342,342,858775692,858775692,858775692,1254228152,1254228152,1254228152,False,False,False,False
東京→渋谷,18,342,342,342,858775692,858775692,858775692,682315373,682315373,682315373,False,False,False,False
東京→渋谷,19,342,342,342,1344791873,1344791873,1344791873,1344791874,1344791874,1344791874,False,False,False,False
東京→渋谷,20,342,342,342,271979231,271979231,271979231,927004529,927004529,927004529,False,False,False,False
東京→渋谷,21,342,342,342,271979231,271979231,271979231,927004516,927004516,927004516,False,False,False,False
東京→渋谷,22,342,342,342,927004519,927004519,927004519,693373501,693373501,693373501,False,False,False,False
東京→渋谷,23,342,342,342,888162704,888162704,888162704,755562447,755562447,755562447,False,False,False,False
東京→渋谷,24,342,342,342,888162704,888162704,888162704,755562446,755562446,755562446,False,False,False,False
東京→渋谷,25,342,342,342,122928192,122928192,122928192,261065059,261065059,261065059,False,False,False,False
東京→渋谷,26,342,342,342,261065068,261065068,261065068,755562443,755562443,755562443,False,False,False,False
東京→渋谷,27,342,342,342,755562444,755562444,755562444,261065068,261065068,261065068,False,False,False,False
東京→渋谷,28,342,342,342,935686680,935686680,935686680,755562444,755562444,755562444,False,False,False,False
東京→渋谷,29,342,342,342,775539561,775539561,775539561,775539562,775539562,775539562,False,False,False,False
東京→渋谷,30,342,342,342,922476289,922476289,922476289,350053191,350053191,350053191,False,False,False,False
東京→渋谷,31,342,342,342,141293470,141293470,141293470,922476295,922476295,922476295,False,False,False,False
東京→渋谷,32,342,342,342,284075894,284075894,284075894,141293465,141293465,141293465,False,False,False,False
東京→渋谷,33,342,342,342,852978896,852978896,852978896,211402007,211402007,211402007,False,False,False,False
東京→渋谷,34,342,342,342,680253718,680253718,680253718,664521510,664521510,664521510,False,False,False,False
品川→東京,0,313,313,313,680899281,680899281,680899281,680899279,680899279,680899279,False,False,False,False
品川→東京,1,313,313,313,172281628,172281628,172281628,172281627,172281627,172281627,False,False,False,False
品川→東京,2,313,313,313,172281627,172281627,172281627,23690216,23690216,23690216,False,False,False,False
品川→東京,3,313,313,313,172281624,172281624,172281624,1035597852,1035597852,1035597852,False,False,False,False
品川→東京,4,313,313,313,265010603,265010603,265010603,558518250,558518250,558518250,False,False,False,False
品川→東京,5,313,313,313,558518250,558518250,558518250,582256211,582256211,582256211,False,False,False,False
品川→東京,6,313,313,313,558518250,558518250,558518250,558518249,558518249,558518249,False,False,False,False
品川→東京,7,313,313,313,558518249,558518249,558518249,1450174835,1450174835,1450174835,False,False,False,False
品川→東京,8,313,313,313,558518249,558518249,558518249,1450174835,1450174835,1450174835,False,False,False,False
品川→東京,9,313,313,313,1450174835,1450174835,1450174835,356912946,356912946,356912946,False,False,False,False
品川→東京,10,313,313,313,230895574,230895574,230895574,1450872526,1450872526,1450872526,False,False,False,False
品川→東京,11,313,313,313,211690605,211690605,211690605,19247435,19247435,19247435,False,False,False,False
品川→東京,12,313,313,313,211690605,211690605,211690605,252127020,252127020,252127020,False,False,False,False
品川→東京,13,313,313,313,23690234,23690234,23690234,211690605,211690605,211690605,False,False,False,False
品川→東京,14,313,313,313,176674159,176674159,176674159,4848884,4848884,4848884,False,False,False,False
品川→東京,15,313,313,313,59973392,59973392,59973392,4848884,4848884,4848884,False,False,False,False
品川→東京,16,313,313,313,421300042,421300042,421300042,59973382,59973382,59973382,False,False,False,False
品川→東京,17,313,313,313,1033723439,1033723439,1033723439,1033723438,1033723438,1033723438,False,False,False,False
品川→東京,18,313,313,313,741785139,741785139,741785139,1033723439,1033723439,1033723439,False,False,False,False
品川→東京,19,313,313,313,1033723439,1033723439,1033723439,656235284,656235284,656235284,False,False,False,False
品川→東京,20,313,313,313,656235283,656235283,656235283,111594585,111594585,111594585,False,False,False,False
品川→東京,21,313,313,313,253812419,253812419,253812419,25824167,25824167,25824167,False,False,False,False
品川→東京,22,313,313,313,253812419,253812419,253812419,665351157,665351157,665351157,False,False,False,False
品川→東京,23,313,313,313,4848932,4848932,4848932,1123745365,1123745365,1123745365,False,False,False,False
品川→東京,24,313,313,313,253812422,253812422,253812422,261065061,261065061,261065061,False,False,False,False
品川→東京,25,313,313,313,667962674,667962674,667962674,191327485,191327485,191327485,False,False,False,False
品川→東京,26,313,313,313,196380141,196380141,196380141,538982927,538982927,538982927,False,False,False,False
品川→東京,27,313,313,313,196380141,196380141,196380141,538982927,538982927,538982927,False,False,False,False
品川→東京,28,313,313,313,1090618166,1090618166,1090618166,669755800,669755800,669755800,False,False,False,False
品川→東京,29,313,313,313,1026056857,1026056857,1026056857,1070720649,1070720649,1070720649,False,False,False,False
品川→東京,30,313,313,313,40969586,40969586,40969586,40969585,40969585,40969585,False,False,False,False
品川→東京,31,313,313,313,1070720653,1070720653,1070720653,23770583,23770583,23770583,False,False,False,False
品川→東京,32,313,313,313,203572465,203572465,203572465,23770583,23770583,23770583,False,False,False,False
品川→東京,33,313,313,313,676291216,676291216,676291216,203572501,203572501,203572501,False,False,False,False
品川→東京,34,313,313,313,1485371598,1485371598,1485371598,1105155928,1105155928,1105155928,False,False,False,False
品川→東京,35,313,313,313,1360102103,1360102103,1360102103,1450867349,1450867349,1450867349,False,False,False,False
渋谷→六本木,0,127,127,127,680253718,680253718,680253718,664521510,664521510,664521510,False,False,False,False
渋谷→六本木,1,127,127,127,664881024,664881024,664881024,680253719,680253719,680253719,False,False,False,False
渋谷→六本木,2,127,127,127,211402007,211402007,211402007,664819019,664819019,664819019,False,False,False,False
渋谷→六本木,3,127,127,127,611222110,611222110,611222110,211286456,211286456,211286456,False,False,False,False
渋谷→六本木,4,127,127,127,611222110,611222110,611222110,109231692,109231692,109231692,False,False,False,False
渋谷→六本木,5,127,127,127,611222110,611222110,611222110,511276639,511276639,511276639,False,False,False,False
渋谷→六本木,6,127,127,127,141293460,141293460,141293460,141293467,141293467,141293467,False,False,False,False
渋谷→六本木,7,127,127,127,141293470,141293470,141293470,141293460,141293460,141293460,False,False,False,False
渋谷→六本木,8,127,127,127,852978900,852978900,852978900,914330752,914330752,914330752,False,False,False,False
渋谷→六本木,9,127,127,127,934924985,934924985,934924985,202809279,202809279,202809279,False,False,False,False
渋谷→六本木,10,127,127,127,934924985,934924985,934924985,185745188,185745188,185745188,False,False,False,False
渋谷→六本木,11,127,127,127,934924985,934924985,934924985,628330003,628330003,628330003,False,False,False,False
渋谷→六本木,12,127,127,127,852789786,852789786,852789786,628330003,628330003,628330003,False,False,False,False
渋谷→六本木,13,127,127,127,888162707,888162707,888162707,261065069,261065069,261065069,False,False,False,False
渋谷→六本木,14,127,127,127,271979242,271979242,271979242,600251619,600251619,600251619,False,False,False,False
渋谷→六本木,15,127,127,127,927004531,927004531,927004531,1328383040,1328383040,1328383040,False,False,False,False
下北沢→三軒茶屋,0,88,88,88,41949455,41949455,41949455,850994489,850994489,850994489,False,False,False,False
下北沢→三軒茶屋,1,88,88,88,31824941,31824941,31824941,1076444529,1076444529,1076444529,False,False,False,False
下北沢→三軒茶屋,2,88,88,88,31824941,31824941,31824941,33614319,33614319,33614319,False,False,False,False
下北沢→三軒茶屋,3,88,88,88,31824941,31824941,31824941,1455713749,1455713749,1455713749,False,False,False,False
下北沢→三軒茶屋,4,88,88,88,1455713691,1455713691,1455713691,31824941,31824941,31824941,False,False,False,False
下北沢→三軒茶屋,5,88,88,88,1455713691,1455713691,1455713691,41949703,41949703,41949703,False,False,False,False
下北沢→三軒茶屋,6,88,88,88,32623771,32623771,32623771,1455713691,1455713691,1455713691,False,False,False,False
下北沢→三軒茶屋,7,88,88,88,1455713691,1455713691,1455713691,1455626153,1455626153,1455626153,False,False,False,False
下北沢→三軒茶屋,8,88,88,88,174526353,174526353,174526353,1455626149,1455626149,1455626149,False,False,False,False
下北沢→三軒茶屋,9,88,88,88,174526353,174526353,174526353,48728743,48728743,48728743,False,False,False,False
下北沢→三軒茶屋,10,88,88,88,174526353,174526353,174526353,277209534,277209534,277209534,False,False,False,False
下北沢→三軒茶屋,11,88,88,88,900818661,900818661,900818661,1286492781,1286492781,1286492781,False,False,False,False
下北沢→三軒茶屋,12,88,88,88,26950358,26950358,26950358,36710485,36710485,36710485,False,False,False,False
下北沢→三軒茶屋,13,88,88,88,1034261843,1034261843,1034261843,1034261844,1034261844,1034261844,False,False,False,False
下北沢→三軒茶屋,14,88,88,88,1034261845,1034261845,1034261845,1034261846,1034261846,1034261846,False,False,False,False
高円寺→中野,0,55,55,55,328155326,328155326,328155326,193752446,193752446,193752446,False,False,False,False
高円寺→中野,1,55,55,55,177661137,177661137,177661137,328155326,328155326,328155326,False,False,False,False
高円寺→中野,2,55,55,55,107538703,107538703,107538703,60433913,60433913,60433913,False,False,False,False
高円寺→中野,3,55,55,55,223300003,223300003,223300003,223300016,223300016,223300016,False,False,False,False
高円寺→中野,4,55,55,55,62263412,62263412,62263412,49175544,49175544,49175544,False,False,False,False
高円寺→中野,5,55,55,55,49175544,49175544,49175544,64378178,64378178,64378178,False,False,False,False
高円寺→中野,6,55,55,55,49175544,49175544,49175544,58206774,58206774,58206774,False,False,False,False
高円寺→中野,7,55,55,55,49175544,49175544,49175544,1330235066,1330235066,1330235066,False,False,False,False
高円寺→中野,8,55,55,55,948945646,948945646,948945646,326864721,326864721,326864721,False,False,False,False
高円寺→中野,9,55,55,55,687171297,687171297,687171297,676591001,676591001,676591001,False,False,False,False
荻窪→阿佐ヶ谷,0,63,63,63,131838513,131838513,131838513,131841691,131841691,131841691,False,False,False,False
荻窪→阿佐ヶ谷,1,63,63,63,131838512,131838512,131838512,131841690,131841690,131841690,False,False,False,False
荻窪→阿佐ヶ谷,2,63,63,63,1071007332,1071007332,1071007332,39816294,39816294,39816294,False,False,False,False
荻窪→阿佐ヶ谷,3,63,63,63,80832757,80832757,80832757,566652198,566652198,566652198,False,False,False,False
荻窪→阿佐ヶ谷,4,63,63,63,1352004080,1352004080,1352004080,566652201,566652201,566652201,False,False,False,False
荻窪→阿佐ヶ谷,5,63,63,63,168918384,168918384,168918384,80833412,80833412,80833412,False,False,False,False
荻窪→阿佐ヶ谷,6,63,63,63,80833688,80833688,80833688,80833767,80833767,80833767,False,False,False,False
荻窪→阿佐ヶ谷,7,63,63,63,80834023,80834023,80834023,80833767,80833767,80833767,False,False,False,False
荻窪→阿佐ヶ谷,8,63,63,63,80835345,80835345,80835345,99998235,99998235,99998235,False,False,False,False
荻窪→阿佐ヶ谷,9,63,63,63,80835345,80835345,80835345,80835305,80835305,80835305,False,False,False,False
荻窪→阿佐ヶ谷,10,63,63,63,80835360,80835360,80835360,80835361,80835361,80835361,False,False,False,False
荻窪→阿佐ヶ谷,11,63,63,63,87704269,87704269,87704269,80835360,80835360,80835360,False,False,False,False
荻窪→阿佐ヶ谷,12,63,63,63,194848488,194848488,194848488,194848475,194848475,194848475,False,False,False,False
荻窪→阿佐ヶ谷,13,63,63,63,87703816,87703816,87703816,194848480,194848480,194848480,False,False,False,False
自由が丘→等々力,0,42,42,42,287033954,287033954,287033954,114060649,114060649,114060649,False,False,False,False
自由が丘→等々力,1,42,42,42,25533292,25533292,25533292,350353685,350353685,350353685,False,False,False,False
自由が丘→等々力,2,42,42,42,350353685,350353685,350353685,200093226,200093226,200093226,False,False,False,False
自由が丘→等々力,3,42,42,42,1337624814,1337624814,1337624814,55047413,55047413,55047413,False,False,False,False
自由が丘→等々力,4,42,42,42,1337624814,1337624814,1337624814,48678504,48678504,48678504,False,False,False,False
自由が丘→等々力,5,42,42,42,48903694,48903694,48903694,48678504,48678504,48678504,False,False,False,False
自由が丘→等々力,6,42,42,42,1337624815,1337624815,1337624815,295477986,295477986,295477986,False,False,False,False
自由が丘→等々力,7,42,42,42,59266136,59266136,59266136,190122592,190122592,190122592,False,False,False,False
自由が丘→等々力,8,42,42,42,47483021,47483021,47483021,190122593,190122593,190122593,False,False,False,False
自由が丘→等々力,9,42,42,42,47483021,47483021,47483021,91465367,91465367,91465367,False,False,False,False
浦和→さいたま新都心,0,108,108,108,916790137,916790137,916790137,916790138,916790138,916790138,False,False,False,False
浦和→さいたま新都心,1,108,108,108,1444864905,1444864905,1444864905,325347768,325347768,325347768,False,False,False,False
浦和→さいたま新都心,2,108,108,108,325347769,325347769,325347769,155587099,155587099,155587099,False,False,False,False
浦和→さいたま新都心,3,108,108,108,299401402,299401402,299401402,325347769,325347769,325347769,False,False,False,False
浦和→さいたま新都心,4,108,108,108,299401402,299401402,299401402,771672190,771672190,771672190,False,False,False,False
浦和→さいたま新都心,5,108,108,108,771672190,771672190,771672190,299401402,299401402,299401402,False,False,False,False
浦和→さいたま新都心,6,108,108,108,100148369,100148369,100148369,100298047,100298047,100298047,False,False,False,False
浦和→さいたま新都心,7,108,108,108,1263030291,1263030291,1263030291,100148369,100148369,100148369,False,False,False,False
浦和→さいたま新都心,8,108,108,108,1378604847,1378604847,1378604847,1378633397,1378633397,1378633397,False,False,False,False
浦和→さいたま新都心,9,108,108,108,100148347,100148347,100148347,100400218,100400218,100400218,False,False,False,False
浦和→さいたま新都心,10,108,108,108,100148347,100148347,100148347,100400235,100400235,100400235,False,False,False,False
浦和→さいたま新都心,11,108,108,108,771672193,771672193,771672193,100400218,100400218,100400218,False,False,False,False
浦和→さいたま新都心,12,108,108,108,100400218,100400218,100400218,771672195,771672195,771672195,False,False,False,False
浦和→さいたま新都心,13,108,108,108,312590910,312590910,312590910,771672195,771672195,771672195,False,False,False,False
浦和→さいたま新都心,14,108,108,108,484454198,484454198,484454198,906817331,906817331,906817331,False,False,False,False
浦和→さいたま新都心,15,108,108,108,323017083,323017083,323017083,99170884,99170884,99170884,False,False,False,False
浦和→さいたま新都心,16,108,108,108,323017083,323017083,323017083,1429902657,1429902657,1429902657,False,False,False,False
浦和→さいたま新都心,17,108,108,108,1429907953,1429907953,1429907953,99170594,99170594,99170594,False,False,False,False
浦和→さいたま新都心,18,108,108,108,1393674973,1393674973,1393674973,770936314,770936314,770936314,False,False,False,False
浦和→さいたま新都心,19,108,108,108,1393674972,1393674972,1393674972,57898235,57898235,57898235,False,False,False,False
浦和→さいたま新都心,20,108,108,108,285614711,285614711,285614711,770927661,770927661,770927661,False,False,False,False
吉祥寺→三鷹,0,56,56,56,1253983170,1253983170,1253983170,1253983167,1253983167,1253983167,False,False,False,False
吉祥寺→三鷹,1,56,56,56,145130502,145130502,145130502,178772547,178772547,178772547,False,False,False,False
吉祥寺→三鷹,2,56,56,56,145130484,145130484,145130484,209297871,209297871,209297871,False,False,False,False
吉祥寺→三鷹,3,56,56,56,1527420839,1527420839,1527420839,153167829,153167829,153167829,False,False,False,False
吉祥寺→三鷹,4,56,56,56,1527420839,1527420839,1527420839,1527420840,1527420840,1527420840,False,False,False,False
立川→国分寺,0,163,164,164,853388885,853388885,853388885,823191579,823191579,823191579,True,False,False,False
立川→国分寺,1,163,164,164,742524875,742524875,742524875,853388888,853388888,853388888,True,False,False,False
立川→国分寺,2,163,164,164,81601827,81601827,81601827,138427594,138427594,138427594,True,False,False,False
立川→国分寺,3,163,164,164,1429406683,1429406683,1429406683,1453544791,1453544791,1453544791,True,False,False,False
立川→国分寺,4,163,164,164,138427587,138427587,138427587,1429406683,1429406683,1429406683,True,False,False,False
立川→国分寺,5,163,164,164,138427588,138427588,138427588,854935399,854935399,854935399,True,False,False,False
立川→国分寺,6,163,164,164,81601830,81601830,81601830,77067799,77067799,77067799,True,False,False,False
立川→国分寺,7,163,164,164,81848141,81848141,81848141,81848101,81848101,81848101,True,False,False,False
立川→国分寺,8,163,164,164,81848141,81848141,81848141,81848101,81848101,81848101,True,False,False,False
立川→国分寺,9,163,164,164,81848141,81848141,81848141,81848109,81848109,81848109,True,False,False,False
立川→国分寺,10,163,164,164,84272034,84272034,84272034,84271997,84271997,84271997,True,False,False,False
立川→国分寺,11,163,164,164,84271997,84271997,84271997,237757473,237757473,237757473,True,False,False,False
立川→国分寺,12,163,164,164,237757473,237757473,237757473,84271985,84271985,84271985,True,False,False,False
立川→国分寺,13,163,164,164,135230359,135230359,135230359,84271957,84271957,84271957,True,False,False,False
立川→国分寺,14,163,164,164,84271956,84271956,84271956,135230359,135230359,135230359,True,False,False,False
立川→国分寺,15,163,164,164,53348166,53348166,53348166,135230354,135230354,135230354,True,False,False,False
立川→国分寺,16,163,164,164,172480046,172480046,172480046,86478865,86478865,86478865,True,False,False,False
立川→国分寺,17,163,164,164,84271954,84271954,84271954,86478865,86478865,86478865,True,False,False,False
立川→国分寺,18,163,164,164,728187456,728187456,728187456,454008763,454008763,454008763,True,False,False,False
立川→国分寺,19,163,164,164,728187456,728187456,728187456,184674220,184674220,184674220,True,False,False,False
立川→国分寺,20,163,164,164,161965524,161965524,161965524,1252310694,1252310694,1252310694,True,False,False,False
立川→国分寺,21,163,164,164,172480150,172480150,172480150,86751479,86751479,86751479,True,False,False,False
立川→国分寺,22,163,164,164,161954712,161954712,161954712,1410570716,1410570716,1410570716,True,False,False,False
立川→国分寺,23,163,164,164,161954672,161954672,161954672,887546947,887546947,887546947,True,False,False,False
立川→国分寺,24,163,164,164,1346808669,1346808669,1346808669,1427049474,1427049474,1427049474,True,False,False,False
立川→国分寺,25,163,164,164,1427049474,1427049474,1427049474,1349229546,1349229546,1349229546,True,False,False,False
立川→国分寺,26,163,164,164,161954707,161954707,161954707,161953549,1349229546,1349229546,True,True,False,False
立川→国分寺,27,163,164,164,161954707,161954707,161954707,401781054,401781054,401781054,True,False,False,False
立川→国分寺,28,163,164,164,258865968,258865968,258865968,161954707,161954707,161954707,True,False,False,False
立川→国分寺,29,163,164,164,161954368,161954368,161954368,161954707,161954707,161954707,True,False,False,False
立川→国分寺,30,163,164,164,1427049470,1427049470,1427049470,28850943,28850943,28850943,True,False,False,False
立川→国分寺,31,163,164,164,161953646,161953646,161953646,1427049473,1427049473,1427049473,True,False,False,False
立川→国分寺,32,163,164,164,1427049470,1427049470,1427049470,1427049472,1427049472,1427049472,True,False,False,False
立川→国分寺,33,163,164,164,1427049472,1427049472,1427049472,1082813744,1082813744,1082813744,True,False,False,False
横浜→みなとみらい,0,109,109,109,548992507,548992507,548992507,542886819,542886819,542886819,False,False,False,False
横浜→みなとみらい,1,109,109,109,28413948,28413948,28413948,1083959345,1083959345,1083959345,False,False,False,False
横浜→みなとみらい,2,109,109,109,28413948,28413948,28413948,1083959354,1083959354,1083959354,False,False,False,False
横浜→みなとみらい,3,109,109,109,32463172,32463172,32463172,1216392564,1216392564,1216392564,False,False,False,False
横浜→みなとみらい,4,109,109,109,111656069,111656069,111656069,26643010,26643010,26643010,False,False,False,False
横浜→みなとみらい,5,109,109,109,26643010,26643010,26643010,134758809,134758809,134758809,False,False,False,False
横浜→みなとみらい,6,109,109,109,26643010,26643010,26643010,389322199,389322199,389322199,False,False,False,False
横浜→みなとみらい,7,109,109,109,1298550088,1298550088,1298550088,306336242,306336242,306336242,False,False,False,False
横浜→みなとみらい,8,109,109,109,306336243,306336243,306336243,452383849,452383849,452383849,False,False,False,False
横浜→みなとみらい,9,109,109,109,306336254,306336254,306336254,1215885243,1215885243,1215885243,False,False,False,False
横浜→みなとみらい,10,109,109,109,25944286,25944286,25944286,25944240,25944240,25944240,False,False,False,False
横浜→みなとみらい,11,109,109,109,36348141,36348141,36348141,421423861,421423861,421423861,False,False,False,False
川崎→武蔵小杉,0,168,168,168,153006969,153006969,153006969,682642039,682642039,682642039,False,False,False,False
川崎→武蔵小杉,1,168,168,168,674147586,674147586,674147586,205715297,205715297,205715297,False,False,False,False
川崎→武蔵小杉,2,168,168,168,1295585359,1295585359,1295585359,262825873,262825873,262825873,False,False,False,False
川崎→武蔵小杉,3,168,168,168,1226423529,1226423529,1226423529,989906376,989906376,989906376,False,False,False,False
川崎→武蔵小杉,4,168,168,168,989951075,989951075,989951075,992703183,992703183,992703183,False,False,False,False
川崎→武蔵小杉,5,168,168,168,992241606,992241606,992241606,263456981,263456981,263456981,False,False,False,False
川崎→武蔵小杉,6,168,168,168,387787695,387787695,387787695,991711775,991711775,991711775,False,False,False,False
川崎→武蔵小杉,7,168,168,168,991020675,991020675,991020675,990058492,990058492,990058492,False,False,False,False
川崎→武蔵小杉,8,168,168,168,1451926119,1451926119,1451926119,991020675,991020675,991020675,False,False,False,False
川崎→武蔵小杉,9,168,168,168,27639367,27639367,27639367,1011150937,1011150937,1011150937,False,False,False,False
川崎→武蔵小杉,10,168,168,168,31875063,31875063,31875063,155790743,155790743,155790743,False,False,False,False
川崎→武蔵小杉,11,168,168,168,31875063,31875063,31875063,1537673791,1537673791,1537673791,False,False,False,False
川崎→武蔵小杉,12,168,168,168,932751006,932751006,932751006,37712600,37712600,37712600,False,False,False,False
川崎→武蔵小杉,13,168,168,168,932751006,932751006,932751006,1144230124,1144230124,1144230124,False,False,False,False
川崎→武蔵小杉,14,168,168,168,294664333,294664333,294664333,159367393,159367393,159367393,False,False,False,False
川崎→武蔵小杉,15,168,168,168,294664333,294664333,294664333,557828565,557828565,557828565,False,False,False,False
川崎→武蔵小杉,16,168,168,168,294664333,294664333,294664333,159367636,159367636,159367636,False,False,False,False
川崎→武蔵小杉,17,168,168,168,159368010,159368010,159368010,228751920,228751920,228751920,False,False,False,False
川崎→武蔵小杉,18,168,168,168,159368010,159368010,159368010,680507396,680507396,680507396,False,False,False,False
川崎→武蔵小杉,19,168,168,168,561778848,561778848,561778848,812902514,812902514,812902514,False,False,False,False
川崎→武蔵小杉,20,168,168,168,812902514,812902514,812902514,561778848,561778848,561778848,False,False,False,False
川崎→武蔵小杉,21,168,168,168,812902514,812902514,812902514,267954379,267954379,267954379,False,False,False,False
川崎→武蔵小杉,22,168,168,168,123458564,123458564,123458564,267954379,267954379,267954379,False,False,False,False
川崎→武蔵小杉,23,168,168,168,123458564,123458564,123458564,267954378,267954378,267954378,False,False,False,False
川崎→武蔵小杉,24,168,168,168,123458564,123458564,123458564,1034802251,1034802251,1034802251,False,False,False,False
川崎→武蔵小杉,25,168,168,168,31990106,31990106,31990106,267975548,267975548,267975548,False,False,False,False
川崎→武蔵小杉,26,168,168,168,932277458,932277458,932277458,267954378,267954378,267954378,False,False,False,False
川崎→武蔵小杉,27,168,168,168,570317028,570317028,570317028,1028316658,1028316658,1028316658,False,False,False,False
千葉→幕張本郷,0,278,281,282,702077871,702077871,702077871,350247461,350247461,350247461,True,False,True,False
千葉→幕張本郷,1,278,281,282,702077871,702077871,702077871,233565187,233565187,233565187,True,False,True,False
千葉→幕張本郷,2,278,281,282,702077871,702077871,702077871,1386938765,1386938765,1386938765,True,False,True,False
千葉→幕張本郷,3,278,281,282,702077871,702077871,702077871,1386938765,1386938765,1386938765,True,False,True,False
千葉→幕張本郷,4,278,281,282,702077871,702077871,702077871,144846307,144846307,144846307,True,False,True,False
千葉→幕張本郷,5,278,281,282,233583368,233583368,233583368,144785471,144785471,144785471,True,False,True,False
千葉→幕張本郷,6,278,281,282,233583368,233583368,233583368,144785471,144785471,144785471,True,False,True,False
千葉→幕張本郷,7,278,281,282,144785471,144785471,144785471,181993567,181993567,181993567,True,False,True,False
千葉→幕張本郷,8,278,281,282,144785430,144785430,144785430,144785471,144785471,144785471,True,False,True,False
千葉→幕張本郷,9,278,281,282,144785464,144785464,144785464,219685759,219685759,219685759,True,False,True,False
千葉→幕張本郷,10,278,281,282,144785464,144785464,144785464,172621192,172621192,172621192,True,False,True,False
千葉→幕張本郷,11,278,281,282,144785464,144785464,144785464,1083937781,1083937781,1083937781,True,False,True,False
千葉→幕張本郷,12,278,281,282,144785464,144785464,144785464,1083937781,1083937781,1083937781,True,False,True,False
千葉→幕張本郷,13,278,281,282,103755119,103755119,103755119,1083937775,1083937775,1083937775,True,False,True,False
千葉→幕張本郷,14,278,281,282,172896096,172896096,172896096,103755119,103755119,103755119,True,False,True,False
千葉→幕張本郷,15,278,281,282,23052404,23052404,23052404,178600326,178600326,178600326,True,False,True,False
千葉→幕張本郷,16,278,281,282,23052404,23052404,23052404,22961575,22961575,22961575,True,False,True,False
千葉→幕張本郷,17,278,281,282,23053066,23053066,23053066,23052404,23052404,23052404,True,False,True,False
千葉→幕張本郷,18,278,281,282,23052404,23052404,23052404,1083988791,1083988791,1083988791,True,False,True,False
千葉→幕張本郷,19,278,281,282,23052404,23052404,23052404,22961575,22961575,22961575,True,False,True,False
千葉→幕張本郷,20,278,281,282,23052404,23052404,23052404,153600800,153600800,153600800,True,False,True,False
千葉→幕張本郷,21,278,281,282,23052404,23052404,23052404,233960862,233960862,233960862,True,False,True,False
千葉→幕張本郷,22,278,281,282,23052404,23052404,23052404,400848983,400848983,400848983,True,False,True,False
千葉→幕張本郷,23,278,281,282,23052404,23052404,23052404,22961575,22961575,22961575,True,False,True,False
千葉→幕張本郷,24,278,281,282,23052404,23052404,23052404,22961575,22961575,22961575,True,False,True,False
千葉→幕張本郷,25,278,281,282,23052404,23052404,23052404,22961576,22961576,22961576,True,False,True,False
千葉→幕張本郷,26,278,281,282,652775513,652775513,652775513,1066868407,1066868407,1066868407,True,False,True,False
千葉→幕張本郷,27,278,281,282,176181810,176181810,176181810,1275353170,1275353170,1275353170,True,False,True,False
千葉→幕張本郷,28,278,281,282,176181803,176181803,176181803,193838554,193838554,193838554,True,False,True,False
千葉→幕張本郷,29,278,281,282,232894835,232894835,232894835,176181803,176181803,176181803,True,False,True,False
千葉→幕張本郷,30,278,281,282,176181803,176181803,176181803,178600354,178600354,178600354,True,False,True,False
千葉→幕張本郷,31,278,281,282,176181803,176181803,176181803,144532234,144532234,144532234,True,False,True,False
千葉→幕張本郷,32,278,281,282,1409472286,1545996537,1545996537,176181803,176181803,176181803,True,True,True,False
千葉→幕張本郷,33,278,281,282,22962353,22962353,22962353,162096522,1545996530,1545996530,True,True,True,False
千葉→幕張本郷,34,278,281,282,142225531,142225531,142225531,162096522,1545996530,1545996530,True,True,True,False
千葉→幕張本郷,35,278,281,282,176443607,176443607,176443607,142225531,142225531,142225531,True,False,True,False
千葉→幕張本郷,36,278,281,282,176443607,176443607,176443607,142259721,142259721,142259721,True,False,True,False
千葉→幕張本郷,37,278,281,282,142268720,142268720,142268720,1280925031,1280925031,1280925031,True,False,True,False
千葉→幕張本郷,38,278,281,282,142268720,142268720,142268720,162096538,162096538,162096538,True,False,True,False
千葉→幕張本郷,39,278,281,282,142268720,142268720,142268720,139653292,1545985649,1545985649,True,True,True,False
千葉→幕張本郷,40,278,281,282,142268720,1545985649,1545985649,139653292,142268720,142268720,True,True,True,False
千葉→幕張本郷,41,278,281,282,142268708,762649841,762649841,762649841,142268708,142268708,True,True,True,False
千葉→幕張本郷,42,278,281,282,142268708,142268708,142268708,142268702,142268702,142268702,True,False,True,False
千葉→幕張本郷,43,278,281,282,142268702,142268702,142268702,1494455755,1494455755,1494455755,True,False,True,False
千葉→幕張本郷,44,278,281,282,142268702,142268702,142268702,762649858,762649858,762649858,True,False,True,False
千葉→幕張本郷,45,278,281,282,142268702,142268702,142268702,142268736,142268736,142268736,True,False,True,False
千葉→幕張本郷,46,278,281,282,142268688,142268688,142268688,142268692,142268692,142268692,True,False,True,False
千葉→幕張本郷,47,278,281,282,142268692,142268692,142268692,142268726,142268726,142268716,True,False,True,True
千葉→幕張本郷,48,278,281,282,139813893,139813893,139813893,139653293,139653293,139653293,True,False,True,False
千葉→幕張本郷,49,278,281,282,139815679,139815679,139815679,139815669,139815669,139815669,True,False,True,False
千葉→幕張本郷,50,278,281,282,176913203,176913203,176913203,312441870,312441870,312441870,True,False,True,False
千葉→幕張本郷,51,278,281,282,312441870,312441870,312441870,1410024945,1410024945,1410024945,True,False,True,False
千葉→幕張本郷,52,278,281,282,232975632,232975632,232975632,232975633,232975633,232975633,True,False,True,False
千葉→幕張本郷,53,278,281,282,232975633,232975633,232975633,232975631,232975631,232975631,True,False,True,False
千葉→幕張本郷,54,278,281,282,232975633,232975633,232975633,232975637,232975637,232975637,True,False,True,False
千葉→幕張本郷,55,278,281,282,232975633,232975633,232975633,232975638,232975638,232975638,True,False,True,False
千葉→幕張本郷,56,278,281,282,354213977,354213977,354213977,232975641,232975641,232975641,True,False,True,False
千葉→幕張本郷,57,278,281,282,1328740625,1328740625,1328740625,438970764,438970764,438970764,True,False,True,False
千葉→幕張本郷,58,278,281,282,1328740627,1328740627,1328740627,1328740626,1328740626,1328740626,True,False,True,False
千葉→幕張本郷,59,278,281,282,1328740627,1328740627,1328740627,215847533,215847533,215847533,True,False,True,False
千葉→幕張本郷,60,278,281,282,215847591,215847591,215847591,140120618,140120618,140120618,True,False,True,False
千葉→幕張本郷,61,278,281,282,140120585,140120585,140120585,140120618,140120618,140120618,True,False,True,False
千葉→幕張本郷,62,278,281,282,22762849,22762849,22762849,140120585,140120585,140120585,True,False,True,False
千葉→幕張本郷,63,278,281,282,219629137,219629137,219629137,22762849,22762849,22762849,True,False,True,False
千葉→幕張本郷,64,278,281,282,219629137,219629137,219629137,470866656,470866656,470866656,True,False,True,False
千葉→幕張本郷,65,278,281,282,219629137,219629137,219629137,142222808,142222808,142222808,True,False,True,False
千葉→幕張本郷,66,278,281,282,142222808,142222808,142222808,142222813,142222813,142222813,True,False,True,False
千葉→幕張本郷,67,278,281,282,173717935,173717935,173717935,142222813,142222813,142222813,True,False,True,False
千葉→幕張本郷,68,278,281,282,372779290,372779290,372779290,142222805,142222805,142222805,True,False,True,False
千葉→幕張本郷,69,278,281,282,142222805,142222805,142222805,372777838,372777838,372777838,True,False,True,False
千葉→幕張本郷,70,278,281,282,142222805,142222805,142222805,372777838,372777838,372777838,True,False,True,False
千葉→幕張本郷,71,278,281,282,312413970,312413970,312413970,739680056,739680056,739680056,True,False,True,False
千葉→幕張本郷,72,278,281,282,312413970,312413970,312413970,142222828,142222828,142222828,True,False,True,False
千葉→幕張本郷,73,278,281,282,312413970,312413970,312413970,142222825,142222825,142222825,True,False,True,False
千葉→幕張本郷,74,278,281,282,142222825,142222825,142222825,312413970,312413970,312413970,True,False,True,False
千葉→幕張本郷,75,278,281,282,142222825,142222825,142222825,22763288,22763288,22763288,True,False,True,False
千葉→幕張本郷,76,278,281,282,142222817,142222817,142222817,142222832,142222832,142222832,True,False,True,False
千葉→幕張本郷,77,278,281,282,142222832,142222832,142222832,142222803,142222803,142222803,True,False,True,False
千葉→幕張本郷,78,278,281,282,142222832,142222832,142222832,142222803,142222803,142222803,True,False,True,False
千葉→幕張本郷,79,278,281,282,142222832,142222832,142222832,1086646724,1086646724,1086646724,True,False,True,False
千葉→幕張本郷,80,278,281,282,142222832,142222832,142222832,312413966,312413966,312413966,True,False,True,False
千葉→幕張本郷,81,278,281,282,209024338,209024338,209024338,175828538,175828538,175828538,True,False,True,False
千葉→幕張本郷,82,278,281,282,194093217,194093217,194093217,1283620830,1283620830,1283620830,True,False,True,False
千葉→幕張本郷,83,278,281,282,194093231,194093231,194093231,1283620830,1283620830,1283620830,True,False,True,False
千葉→幕張本郷,84,278,281,282,194093231,194093231,194093231,194093235,194093235,194093235,True,False,True,False
千葉→幕張本郷,85,278,281,282,194093227,194093227,194093227,194093231,194093231,194093231,True,False,True,False
千葉→幕張本郷,86,278,281,282,194093227,194093227,194093227,151811151,151811151,151811151,True,False,True,False
千葉→幕張本郷,87,278,281,282,194093227,194093227,194093227,151808574,151808574,151808574,True,False,True,False
千葉→幕張本郷,88,278,281,282,194093227,194093227,194093227,151808574,151808574,151808574,True,False,True,False
千葉→幕張本郷,89,278,281,282,151811151,151811151,151811151,151808574,151808574,151808574,True,False,True,False
千葉→幕張本郷,90,278,281,282,151811151,151811151,151811151,270039222,270039222,270039222,True,False,True,False
千葉→幕張本郷,91,278,281,282,208926175,208926175,208926175,270039222,270039222,270039222,True,False,True,False
千葉→幕張本郷,92,278,281,282,208926181,208926181,208926181,270039222,270039222,270039222,True,False,True,False
千葉→幕張本郷,93,278,281,282,141626539,141626539,141626539,270039222,270039222,270039222,True,False,True,False
千葉→幕張本郷,94,278,281,282,151808598,151808598,151808598,270039222,270039222,270039222,True,False,True,False
千葉→幕張本郷,95,278,281,282,151808574,151808574,151808574,151808598,151808598,151808598,True,False,True,False
千葉→幕張本郷,96,278,281,282,151808609,151808609,151808609,352689942,352689942,352689942,True,False,True,False
千葉→幕張本郷,97,278,281,282,151808575,151808575,151808575,1083425463,1083425463,1083425463,True,False,True,False
