label,sample_idx,route_idx,lat,lng,candidate_count,node_rank1_way_id,perp_rank1_way_id,perp_rank1_highway,perp_rank1_oneway,perp_rank1_name,rank2_way_id,rank2_highway,rank2_dist_m,match_dist_m,match_margin_m,match_ambiguous,verify_group,known_group_node_rank1,known_group_perp_rank1,oneway_violation,oneway_confidence,oneway_misaligned,diag_angle_deg
渋谷→新宿,0,0,35.65957,139.70235,206,664527476,664492786,footway,,,534157302,primary,0.932,0.412,0.52,True,,,,False,0.0,True,90.0
渋谷→新宿,1,1,35.6636,139.70206,206,798794765,798794765,tertiary,,神宮通り,1069882500,footway,1.905,0.187,1.718,True,,,,False,0.0,True,110.0
渋谷→新宿,2,2,35.66473,139.70251,206,798739072,798739072,primary,yes,明治通り,1073294152,footway,7.516,0.951,6.564,False,,,,False,0.0,False,2.4
渋谷→新宿,3,3,35.66846,139.70532,206,798739072,798739072,primary,yes,明治通り,944268180,secondary,1.916,0.765,1.151,True,,,,False,0.0,False,1.4
渋谷→新宿,4,4,35.67018,139.70672,206,26604007,117083664,residential,,,1368012337,primary,2.862,0.12,2.743,False,,,,False,0.0,True,98.5
渋谷→新宿,5,5,35.67208,139.70808,206,1061981253,1061981261,primary,yes,明治通り,1061981255,tertiary,3.292,1.016,2.276,False,,,,False,0.0,False,1.7
渋谷→新宿,6,6,35.67248,139.70807,206,1061981252,1061981252,primary,yes,明治通り,665965038,footway,3.167,2.648,0.519,True,,,,False,0.0,False,3.2
渋谷→新宿,7,7,35.67453,139.70712,206,670335461,1061981252,primary,yes,明治通り,670335461,footway,2.906,2.852,0.054,True,,,,False,0.0,False,2.6
渋谷→新宿,8,8,35.67753,139.70602,206,798794766,670335467,footway,,,798794766,primary,5.192,1.013,4.179,False,,,,False,0.0,False,178.1
渋谷→新宿,9,9,35.67994,139.70451,206,41857396,796871114,primary,yes,明治通り,41857396,residential,1.531,0.735,0.797,True,,,,False,0.0,False,1.1
渋谷→新宿,10,10,35.68032,139.70451,206,796871114,796871114,primary,yes,明治通り,860381101,secondary,4.269,0.007,4.263,False,,,,False,0.0,False,28.6
渋谷→新宿,11,11,35.68083,139.70453,206,39683367,860381103,primary,yes,明治通り,39683367,unclassified,1.884,1.693,0.19,True,,,,False,0.0,False,0.2
渋谷→新宿,12,12,35.68233,139.70455,206,213526441,213526441,primary,yes,明治通り,39683528,residential,6.254,1.499,4.755,False,,,,False,0.0,False,14.4
渋谷→新宿,13,13,35.68306,139.7045,206,1119117311,213526441,primary,yes,明治通り,1119117311,primary,3.106,0.797,2.309,False,,,,False,0.0,False,4.1
渋谷→新宿,14,14,35.68366,139.70429,206,39683340,213526441,primary,yes,明治通り,1463063079,footway,1.996,0.556,1.44,True,,,,False,0.0,False,11.4
渋谷→新宿,15,15,35.68444,139.70381,206,199152225,213526441,primary,yes,明治通り,199152225,unclassified,2.039,0.934,1.104,True,,,,False,0.0,False,6.3
渋谷→新宿,16,16,35.68602,139.70336,206,213526441,213526441,primary,yes,明治通り,567002242,footway,7.065,0.923,6.141,False,,,,False,0.0,False,0.8
渋谷→新宿,17,17,35.68783,139.70284,206,199152190,199152190,primary,yes,明治通り,924378580,unclassified,4.525,0.172,4.353,False,,,,False,0.0,False,40.7
渋谷→新宿,18,19,35.68928,139.7022,206,138533178,138533178,unclassified,yes,,670733022,footway,5.454,1.392,4.062,False,残存A群,A,A,True,1.0,False,175.5
渋谷→新宿,19,20,35.68962,139.70208,206,39436592,39436592,unclassified,,新宿ランブリングロード,692356898,living_street,1.905,1.072,0.832,True,,,,False,0.0,False,8.9
新宿→池袋,0,0,35.69136,139.70164,188,155224464,155224464,unclassified,yes,,306838996,secondary,2.433,0.685,1.748,True,,,,False,0.0,False,1.0
新宿→池袋,1,1,35.6911,139.70338,188,155224464,155224464,unclassified,yes,,39436618,unclassified,2.375,2.319,0.056,True,,,,False,0.0,False,7.0
新宿→池袋,2,3,35.6905,139.70455,188,39436598,39436598,unclassified,yes,,670763643,footway,1.581,0.894,0.687,True,,,,False,0.0,True,114.5
新宿→池袋,3,4,35.69362,139.70649,188,1120796134,1120796134,primary,yes,明治通り,660599138,footway,6.603,0.566,6.037,False,,,,False,0.0,False,9.8
新宿→池袋,4,6,35.6944,139.70669,188,688686080,688686080,primary,yes,明治通り,318034646,footway,7.534,2.811,4.723,False,,,,False,0.0,False,5.1
新宿→池袋,5,7,35.69487,139.7068,188,39436538,688686080,primary,yes,明治通り,39436538,unclassified,2.393,0.867,1.526,True,,,,False,0.0,False,3.1
新宿→池袋,6,8,35.69656,139.70716,188,244906595,688686080,primary,yes,明治通り,244906595,tertiary,2.407,0.655,1.752,True,,,,False,0.0,False,2.4
新宿→池袋,7,9,35.69793,139.70743,188,39655490,688819559,primary,yes,明治通り,697197851,footway,2.694,1.181,1.513,True,,,,False,0.0,False,1.8
新宿→池袋,8,10,35.69961,139.70777,188,39436481,691691444,primary,yes,明治通り,682765997,footway,1.835,0.756,1.079,True,,,,False,0.0,False,0.1
新宿→池袋,9,11,35.70088,139.70799,188,98726948,691691444,primary,yes,明治通り,98726948,secondary,1.62,1.428,0.192,True,,,,False,0.0,False,1.0
新宿→池袋,10,12,35.70197,139.70818,188,415221604,415221604,primary,yes,明治通り,1334924028,residential,2.886,0.997,1.89,True,,,,False,0.0,False,2.5
新宿→池袋,11,13,35.70344,139.70847,188,94515954,415221604,primary,yes,明治通り,94515954,unclassified,4.024,4.006,0.018,True,,,,False,0.0,False,0.9
新宿→池袋,12,14,35.7048,139.70863,188,69518078,69518078,residential,,,415221604,primary,1.253,0.357,0.896,True,,,,False,0.0,True,87.4
新宿→池袋,13,15,35.70842,139.7091,188,214274760,688819558,primary,,諏訪通り,415221604,primary,1.908,0.616,1.292,True,,,,False,0.0,True,98.7
新宿→池袋,14,16,35.71149,139.71,188,213866016,683237303,primary,yes,明治通り,415221599,primary,2.804,2.783,0.022,True,,,,False,0.0,False,2.4
新宿→池袋,15,17,35.7128,139.71043,188,415221602,415221602,primary,yes,明治通り,117083662,primary,5.798,3.349,2.45,False,,,,False,0.0,False,0.5
新宿→池袋,16,18,35.71436,139.71133,188,415221602,415221602,primary,yes,明治通り,467676904,primary,5.151,1.997,3.154,False,,,,False,0.0,False,3.8
新宿→池袋,17,19,35.71551,139.71194,188,97367343,97367343,residential,,,156260998,primary,3.562,0.281,3.281,False,,,,False,0.0,True,66.4
新宿→池袋,18,20,35.71687,139.71251,188,376630575,156260998,primary,yes,明治通り,376630575,footway,3.871,1.647,2.224,False,,,,False,0.0,False,1.3
新宿→池袋,19,21,35.71883,139.71341,188,688557393,688557393,primary,yes,明治通り,376630575,footway,5.313,0.804,4.51,False,,,,False,0.0,False,22.4
新宿→池袋,20,23,35.71985,139.71322,188,37865970,688557393,primary,yes,明治通り,228137437,primary,5.992,0.423,5.568,False,,,,False,0.0,False,22.0
新宿→池袋,21,24,35.7244,139.71135,188,648625671,648625671,primary,yes,明治通り,228180934,primary,3.651,3.575,0.076,True,,,,False,0.0,False,7.3
新宿→池袋,22,25,35.7252,139.71136,188,648625671,228180934,primary,yes,明治通り,648625671,primary,4.482,2.964,1.518,True,想定外,,,True,1.0,False,169.4
新宿→池袋,23,26,35.72704,139.71183,188,156246572,1128023036,primary,yes,明治通,156246572,residential,2.051,1.924,0.127,True,,,,False,0.0,False,15.2
新宿→池袋,24,27,35.7272,139.71112,188,156246572,156246572,residential,yes,,1128023039,footway,2.573,0.87,1.704,True,,,,False,0.0,False,15.7
東京→渋谷,0,0,35.67791,139.76377,342,682973093,1450867353,footway,,,387312965,secondary,5.704,3.744,1.96,True,,,,False,0.0,False,178.4
東京→渋谷,1,1,35.67841,139.76102,342,59266960,59266960,trunk,yes,日比谷通り,387312967,secondary,4.652,0.23,4.422,False,,,,False,0.0,False,33.8
東京→渋谷,2,2,35.67519,139.75985,342,59266960,59266960,trunk,yes,日比谷通り,474593059,footway,8.642,0.259,8.383,False,,,,False,0.0,False,1.0
東京→渋谷,3,4,35.67538,139.75892,342,157191451,157191451,trunk,yes,晴海通り,45171692,primary,7.485,0.82,6.665,False,,,,False,0.0,False,1.3
東京→渋谷,4,5,35.67745,139.75394,342,391703261,206353802,trunk_link,yes,桜田通り,631239776,trunk,1.932,1.721,0.21,True,,,,False,0.0,False,25.7
東京→渋谷,5,6,35.67736,139.75343,342,206353802,206353802,trunk_link,yes,桜田通り,583110309,footway,1.371,0.848,0.523,True,,,,False,0.0,False,44.8
東京→渋谷,6,7,35.67466,139.75165,342,662063657,662063657,footway,,霞ケ関,813532923,trunk,2.332,1.98,0.352,True,,,,False,0.0,False,59.4
東京→渋谷,7,8,35.67293,139.7505,342,243268913,243268913,tertiary,yes,国会通り,813532923,trunk,1.847,0.961,0.886,True,,,,False,0.0,True,84.1
東京→渋谷,8,9,35.67028,139.74934,342,678474455,931757787,trunk,yes,桜田通り,678476157,footway,4.707,1.785,2.923,False,,,,False,0.0,False,3.7
東京→渋谷,9,10,35.669,139.74859,342,431885999,931757787,trunk,yes,桜田通り,474603749,footway,5.756,0.246,5.51,False,,,,False,0.0,False,3.6
東京→渋谷,10,11,35.66449,139.74651,342,931757787,931757787,trunk,yes,桜田通り,474600371,footway,7.123,0.017,7.106,False,,,,False,0.0,False,0.2
東京→渋谷,11,12,35.66321,139.74533,342,253812412,931757787,trunk,yes,桜田通り,683135150,tertiary,2.889,1.843,1.046,True,,,,False,0.0,False,13.0
東京→渋谷,12,13,35.66203,139.74425,342,253812412,253812412,trunk,yes,桜田通り,1192656136,footway,3.747,1.223,2.524,False,,,,False,0.0,False,0.8
東京→渋谷,13,14,35.66078,139.74336,342,204077031,253812412,trunk,yes,桜田通り,474600366,footway,6.021,3.2,2.82,False,,,,False,0.0,False,6.5
東京→渋谷,14,15,35.66019,139.74304,342,1035341897,1035341897,trunk,yes,桜田通り,858775690,trunk,9.9,3.021,6.878,False,,,,False,0.0,False,0.1
東京→渋谷,15,16,35.6598,139.743,342,474601303,858775693,trunk,yes,桜田通り,858775686,primary,2.22,1.34,0.881,True,,B,,False,0.0,False,22.8
東京→渋谷,16,17,35.65947,139.74263,342,19023682,19023682,primary_link,yes,,858775692,primary,4.17,0.238,3.932,False,,,,False,0.0,False,37.4
東京→渋谷,17,18,35.65958,139.7419,342,1254228152,858775692,primary,yes,外苑東通り,1254228152,footway,3.562,0.215,3.348,False,,,,False,0.0,False,0.1
東京→渋谷,18,19,35.66017,139.74041,342,271979254,858775692,primary,yes,外苑東通り,682315373,footway,4.484,0.802,3.682,False,B群,B,,False,0.0,False,4.1
東京→渋谷,19,20,35.66114,139.73794,342,858775692,1344791873,primary,yes,外苑東通り,1344791874,secondary,2.184,0.078,2.106,False,,,,False,0.0,False,1.6
東京→渋谷,20,21,35.66224,139.73429,342,271979231,271979231,primary,yes,外苑東通り,927004529,footway,2.298,0.165,2.133,False,,,,False,0.0,False,0.2
東京→渋谷,21,22,35.66315,139.73238,342,271979227,271979231,primary,yes,外苑東通り,927004516,secondary,3.341,0.943,2.399,False,,,,False,0.0,False,16.6
東京→渋谷,22,23,35.66245,139.73082,342,253067268,927004519,secondary,yes,六本木通り,693373501,footway,7.06,1.025,6.035,False,,,,False,0.0,False,0.2
東京→渋谷,23,24,35.66101,139.72778,342,755562447,888162704,secondary,yes,六本木通り,755562447,footway,3.378,1.327,2.051,False,,,,False,0.0,False,2.8
東京→渋谷,24,25,35.66028,139.72567,342,888162704,888162704,secondary,yes,六本木通り,755562446,footway,4.396,0.17,4.226,False,,,,False,0.0,False,0.6
東京→渋谷,25,26,35.6598,139.72435,342,122928192,122928192,residential,,,261065059,secondary,3.086,0.862,2.224,False,,,,False,0.0,True,77.4
東京→渋谷,26,27,35.65943,139.72214,342,755562443,261065068,secondary,yes,六本木通り,755562443,footway,3.618,1.204,2.414,False,,,,False,0.0,False,4.0
東京→渋谷,27,28,35.65924,139.72,342,261065068,755562444,footway,,,261065068,secondary,5.545,3.488,2.056,False,,,,False,0.0,False,3.8
東京→渋谷,28,29,35.65925,139.71909,342,682312821,935686680,secondary,yes,六本木通り(高樹町),755562444,footway,3.891,2.784,1.106,True,,,,False,0.0,False,1.4
東京→渋谷,29,30,35.65894,139.71543,342,203832853,775539561,secondary,yes,六本木通り,775539562,secondary,3.0,0.861,2.139,False,,,,False,0.0,False,0.1
東京→渋谷,30,31,35.65862,139.71248,342,350053191,922476289,secondary,yes,六本木通り,350053191,tertiary,5.445,1.732,3.713,False,,,,False,0.0,False,0.7
東京→渋谷,31,32,35.65823,139.70837,342,141293470,141293470,tertiary,,八幡通り,922476295,secondary,2.148,1.601,0.546,True,,,,False,0.0,False,54.9
東京→渋谷,32,33,35.65811,139.70618,342,622021127,284075894,secondary,yes,六本木通り,141293465,residential,5.231,0.514,4.717,False,,,,False,0.0,False,0.3
東京→渋谷,33,34,35.65805,139.70434,342,853216379,852978896,secondary,yes,六本木通り,211402007,service,1.905,1.498,0.407,True,,,,False,0.0,False,3.1
東京→渋谷,34,37,35.65792,139.70353,342,680253718,680253718,pedestrian,,,664521510,footway,3.158,0.363,2.795,False,,,,False,0.0,False,179.3
品川→東京,0,0,35.62877,139.74184,313,680899281,680899281,unclassified,yes,,680899279,footway,9.646,1.218,8.428,False,,,,False,0.0,True,114.2
品川→東京,1,2,35.6289,139.74222,313,172281627,172281628,unclassified,yes,,172281627,footway,0.409,0.406,0.003,True,,,,False,0.0,False,19.1
品川→東京,2,5,35.62903,139.74278,313,23690216,172281627,footway,,,23690216,unclassified,2.13,0.951,1.179,True,想定外,A,,False,0.0,False,27.3
品川→東京,3,6,35.62949,139.74285,313,172281624,172281624,unclassified,,,1035597852,tertiary,0.955,0.12,0.834,True,,,,False,0.0,False,51.7
品川→東京,4,7,35.62945,139.74351,313,265010603,265010603,tertiary,yes,,558518250,pedestrian,1.046,0.181,0.865,True,,,,False,0.0,False,45.4
品川→東京,5,8,35.63012,139.74357,313,558518250,558518250,pedestrian,,,582256211,pedestrian,1.672,0.369,1.304,True,,,,False,0.0,False,168.3
品川→東京,6,11,35.63051,139.74365,313,558518250,558518250,pedestrian,,,558518249,pedestrian,20.087,2.875,17.212,False,,,,False,0.0,False,164.0
品川→東京,7,14,35.63065,139.74447,313,558518249,558518249,pedestrian,,,1450174835,footway,48.72,4.335,44.385,False,,,,False,0.0,False,25.4
品川→東京,8,15,35.6314,139.74456,313,558518249,558518249,pedestrian,,,1450174835,footway,47.318,3.737,43.581,False,,,,False,0.0,False,33.2
品川→東京,9,18,35.63145,139.74498,313,1450174835,1450174835,footway,,,356912946,primary,16.612,9.889,6.723,False,,,,False,0.0,True,65.3
品川→東京,10,21,35.63329,139.74537,313,230895574,230895574,primary,yes,旧海岸通り,1450872526,footway,5.82,1.111,4.709,False,,,,False,0.0,False,1.4
品川→東京,11,22,35.63741,139.74669,313,19247435,211690605,primary,yes,旧海岸通り,19247435,tertiary,1.809,0.215,1.594,True,,,,False,0.0,False,0.4
品川→東京,12,23,35.63939,139.74728,313,155010048,211690605,primary,yes,旧海岸通り,252127020,tertiary,1.13,0.816,0.314,True,,,,False,0.0,False,0.7
品川→東京,13,24,35.64115,139.74788,313,23690234,23690234,tertiary,,,211690605,primary,4.114,0.405,3.709,False,,,,False,0.0,False,150.2
品川→東京,14,25,35.64181,139.7482,313,4848884,176674159,secondary,yes,日比谷芝浦線,4848884,primary,0.953,0.162,0.791,True,,,,False,0.0,False,58.5
品川→東京,15,27,35.64294,139.75077,313,4848884,59973392,tertiary,,,4848884,primary,0.901,0.456,0.445,True,,,,False,0.0,True,76.0
品川→東京,16,28,35.64296,139.75235,313,59973382,421300042,primary,yes,旧海岸通り,59973382,tertiary,2.275,0.202,2.073,False,,,,False,0.0,False,51.6
品川→東京,17,29,35.6483,139.75493,313,1033723439,1033723439,trunk,yes,旧海岸通り,1033723438,tertiary,5.291,3.476,1.814,True,,,,False,0.0,True,90.7
品川→東京,18,30,35.64862,139.75466,313,741785139,741785139,tertiary_link,yes,,1033723439,trunk,5.365,0.346,5.018,False,,B,B,True,1.0,False,168.8
品川→東京,19,31,35.64911,139.75297,313,147812389,1033723439,trunk,yes,旧海岸通り,656235284,trunk,1.583,1.086,0.497,True,,,,False,0.0,False,47.9
品川→東京,20,32,35.65107,139.75374,313,60544335,656235283,trunk,yes,第一京浜,111594585,residential,4.343,0.995,3.349,False,,,,False,0.0,False,10.7
品川→東京,21,33,35.66028,139.75507,313,253812419,253812419,trunk,yes,第一京浜,25824167,tertiary,7.903,2.932,4.972,False,,,,False,0.0,False,28.6
品川→東京,22,34,35.6608,139.75546,313,665351157,253812419,trunk,yes,第一京浜,665351157,footway,6.732,0.711,6.021,False,,,,False,0.0,False,1.1
品川→東京,23,35,35.66371,139.75792,313,4848932,4848932,trunk,yes,第一京浜,1123745365,secondary,1.33,0.437,0.893,True,,,,False,0.0,False,0.6
品川→東京,24,36,35.66676,139.76034,313,253812422,253812422,trunk,yes,中央通り,261065061,secondary,6.162,5.625,0.537,True,,,,False,0.0,False,15.6
品川→東京,25,37,35.66705,139.76072,313,667962675,667962674,trunk,yes,中央通り,191327485,footway,6.828,0.738,6.09,False,B群,B,,False,0.0,False,5.1
品川→東京,26,38,35.66833,139.76194,313,196380141,196380141,trunk,yes,中央通り,538982927,trunk,7.06,1.017,6.042,False,,,,False,0.0,False,1.0
品川→東京,27,39,35.66991,139.76364,313,191327487,196380141,trunk,yes,中央通り,538982927,trunk,4.499,2.31,2.19,False,,,,False,0.0,False,0.4
品川→東京,28,40,35.67125,139.76499,313,669770287,1090618166,trunk,yes,中央通り,669755800,footway,2.482,1.929,0.552,True,,,,False,0.0,False,1.0
品川→東京,29,41,35.67476,139.76873,313,1026056857,1026056857,trunk,yes,中央通り,1070720649,tertiary,2.916,0.126,2.79,False,,,,False,0.0,False,0.7
品川→東京,30,42,35.67536,139.76923,313,40969585,40969586,unclassified,yes,,40969585,unclassified,1.981,0.525,1.457,True,,,,False,0.0,True,100.0
品川→東京,31,43,35.67616,139.76965,313,23770583,1070720653,trunk,yes,中央通り,23770583,tertiary,2.594,2.513,0.081,True,,,,False,0.0,True,82.0
品川→東京,32,44,35.67721,139.76717,313,23770583,203572465,secondary,yes,外堀通り,23770583,tertiary,5.342,2.719,2.623,False,,,,False,0.0,True,80.1
品川→東京,33,45,35.67722,139.76665,313,665316180,676291216,secondary,yes,鍛冶橋通り,203572501,footway,7.921,1.978,5.943,False,,,,False,0.0,False,3.8
品川→東京,34,46,35.67738,139.76579,313,517127276,1485371598,footway,,,1105155928,secondary,3.981,0.107,3.874,False,,,,False,0.0,False,31.8
品川→東京,35,47,35.67741,139.76558,313,1450867348,1360102103,footway,,,1450867349,steps,2.357,1.812,0.545,True,,,,False,0.0,False,0.8
渋谷→六本木,0,0,35.65792,139.70354,127,680253718,680253718,pedestrian,,,664521510,footway,3.061,0.265,2.796,False,,,,False,0.0,False,0.6
渋谷→六本木,1,1,35.65798,139.7042,127,664881024,664881024,footway,,,680253719,pedestrian,7.162,1.624,5.538,False,,,,False,0.0,False,33.9
渋谷→六本木,2,4,35.65761,139.70435,127,211402007,211402007,service,yes,,664819019,footway,32.649,0.087,32.563,False,,,,False,0.0,False,1.2
渋谷→六本木,3,6,35.6575,139.70475,127,211286456,611222110,unclassified,yes,,211286456,unclassified,1.105,0.269,0.837,True,,,,False,0.0,False,5.1
渋谷→六本木,4,7,35.65751,139.70557,127,611222110,611222110,unclassified,yes,,109231692,residential,48.646,0.806,47.841,False,,,,False,0.0,False,9.4
渋谷→六本木,5,9,35.65728,139.70615,127,611222110,611222110,unclassified,yes,,511276639,steps,6.475,0.277,6.198,False,,,,False,0.0,False,18.9
渋谷→六本木,6,11,35.65718,139.70693,127,141293467,141293460,tertiary,,,141293467,tertiary,3.076,2.318,0.758,True,,,,False,0.0,False,8.0
渋谷→六本木,7,12,35.65682,139.70752,127,141293460,141293470,tertiary,,八幡通り,141293460,tertiary,1.525,0.34,1.185,True,,,,False,0.0,False,160.0
渋谷→六本木,8,13,35.6585,139.70853,127,852978900,852978900,secondary,yes,六本木通り,914330752,tertiary,1.824,0.521,1.303,True,,,,False,0.0,False,7.1
渋谷→六本木,9,14,35.65956,139.71978,127,185745188,934924985,secondary,yes,六本木通り(側道),202809279,motorway_link,2.274,0.636,1.637,True,,,,False,0.0,False,1.1
渋谷→六本木,10,15,35.65969,139.72083,127,139972196,934924985,secondary,yes,六本木通り(側道),185745188,footway,6.543,0.105,6.438,False,,,,False,0.0,False,1.0
渋谷→六本木,11,16,35.65973,139.72263,127,934924985,934924985,secondary,yes,六本木通り(側道),628330003,secondary,4.13,0.966,3.164,False,,,,False,0.0,False,1.4
渋谷→六本木,12,17,35.66005,139.72437,127,628330002,852789786,secondary,yes,六本木通り,628330003,secondary,2.945,1.349,1.595,True,,,,False,0.0,False,3.4
渋谷→六本木,13,18,35.66146,139.72831,127,261065069,888162707,secondary,yes,六本木通り(六本木六丁目),261065069,secondary,0.932,0.087,0.845,True,,,,False,0.0,False,4.6
渋谷→六本木,14,19,35.6621,139.72956,127,271979242,271979242,secondary,yes,六本木通り,600251619,residential,2.859,0.63,2.229,False,,,,False,0.0,False,0.3
渋谷→六本木,15,20,35.66324,139.73207,127,693373502,927004531,secondary,yes,六本木通り,1328383040,motorway,4.745,0.466,4.278,False,,,,False,0.0,False,0.0
下北沢→三軒茶屋,0,0,35.66155,139.66772,88,41949455,41949455,unclassified,yes,,850994489,footway,0.489,0.025,0.464,True,,,,False,0.0,True,119.5
下北沢→三軒茶屋,1,1,35.66121,139.66946,88,31824941,31824941,tertiary,,茶沢通り,1076444529,pedestrian,3.806,0.021,3.785,False,,,,False,0.0,True,114.2
下北沢→三軒茶屋,2,2,35.66018,139.66883,88,31824941,31824941,tertiary,,茶沢通り,33614319,unclassified,1.318,1.076,0.241,True,,,,False,0.0,False,176.5
下北沢→三軒茶屋,3,3,35.65847,139.66828,88,31824941,31824941,tertiary,,茶沢通り,1455713749,footway,6.246,1.431,4.816,False,,,,False,0.0,False,176.4
下北沢→三軒茶屋,4,4,35.65767,139.66775,88,31824941,1455713691,tertiary,,茶沢通り,31824941,tertiary,2.136,0.379,1.756,True,,,,False,0.0,False,7.7
下北沢→三軒茶屋,5,5,35.65602,139.66749,88,32623898,1455713691,tertiary,,茶沢通り,41949703,residential,2.687,1.035,1.652,True,,,,False,0.0,False,3.7
下北沢→三軒茶屋,6,6,35.65539,139.66749,88,32623771,32623771,unclassified,,,1455713691,tertiary,1.394,1.303,0.09,True,,,,False,0.0,True,92.3
下北沢→三軒茶屋,7,7,35.65502,139.66727,88,1455713691,1455713691,tertiary,,茶沢通り,1455626153,footway,5.294,0.237,5.058,False,,,,False,0.0,False,5.1
下北沢→三軒茶屋,8,8,35.65433,139.6672,88,1455626148,174526353,tertiary,,茶沢通り,1455626149,footway,3.536,1.547,1.989,True,,,,False,0.0,False,5.6
下北沢→三軒茶屋,9,9,35.65305,139.66719,88,48728743,174526353,tertiary,,茶沢通り,48728743,residential,1.299,1.121,0.178,True,,,,False,0.0,False,1.5
下北沢→三軒茶屋,10,10,35.65086,139.66731,88,174526353,174526353,tertiary,,茶沢通り,277209534,secondary,1.62,1.378,0.242,True,,,,False,0.0,False,5.5
下北沢→三軒茶屋,11,11,35.64963,139.66772,88,1245239907,900818661,tertiary,,茶沢通り,1286492781,footway,1.691,1.172,0.52,True,,,,False,0.0,False,4.3
下北沢→三軒茶屋,12,12,35.64551,139.67034,88,26950358,26950358,tertiary,,茶沢通り,36710485,service,0.392,0.03,0.362,True,,,,False,0.0,False,0.3
下北沢→三軒茶屋,13,13,35.6436,139.67107,88,261193601,1034261843,primary,,世田谷通り;三軒茶屋,1034261844,tertiary,2.024,1.475,0.549,True,,,,False,0.0,True,69.3
下北沢→三軒茶屋,14,14,35.64365,139.67116,88,252731098,1034261845,trunk,yes,玉川通り;三軒茶屋,1034261846,footway,2.122,1.383,0.739,True,,,,False,0.0,True,103.9
高円寺→中野,0,0,35.70566,139.65054,55,193752446,328155326,tertiary,,,193752446,service,2.787,1.478,1.309,True,,,,False,0.0,False,177.0
高円寺→中野,1,2,35.70553,139.65197,55,75889835,177661137,residential,yes,,328155326,tertiary,1.248,0.222,1.026,True,,,,False,0.0,True,103.3
高円寺→中野,2,3,35.70567,139.65762,55,60433913,107538703,unclassified,,,60433913,residential,2.488,0.441,2.047,False,,,,False,0.0,False,2.3
高円寺→中野,3,5,35.70544,139.65818,55,62263412,223300003,unclassified,,,223300016,unclassified,0.397,0.192,0.205,True,,,,False,0.0,True,60.6
高円寺→中野,4,6,35.7055,139.66049,55,49175544,62263412,unclassified,yes,,49175544,unclassified,41.723,0.192,41.531,False,,,,False,0.0,False,179.5
高円寺→中野,5,7,35.70549,139.66169,55,49175544,49175544,unclassified,,,64378178,residential,13.546,0.602,12.944,False,,,,False,0.0,False,179.4
高円寺→中野,6,8,35.70544,139.66273,55,49175544,49175544,unclassified,,,58206774,service,3.973,1.252,2.72,False,,,,False,0.0,False,179.9
高円寺→中野,7,9,35.70545,139.66424,55,49175544,49175544,unclassified,,,1330235066,unclassified,2.771,1.218,1.553,True,,,,False,0.0,False,179.0
高円寺→中野,8,11,35.70544,139.66536,55,1092867993,948945646,unclassified,,,326864721,footway,4.077,0.788,3.29,False,,,,False,0.0,False,143.6
高円寺→中野,9,12,35.70613,139.66535,55,676591001,687171297,secondary,,中野通り,676591001,secondary,1.936,1.799,0.137,True,,,,False,0.0,False,173.8
荻窪→阿佐ヶ谷,0,0,35.70425,139.62101,63,1073928340,131838513,tertiary,yes,,131841691,footway,4.597,0.251,4.346,False,,,,False,0.0,False,4.7
荻窪→阿佐ヶ谷,1,1,35.70435,139.62172,63,131838512,131838512,tertiary,yes,,131841690,footway,4.354,0.476,3.878,False,,,,False,0.0,False,2.1
荻窪→阿佐ヶ谷,2,2,35.70437,139.62238,63,39816294,39816294,tertiary,,,1071007332,tertiary,1.326,1.294,0.032,True,,,,False,0.0,False,133.1
荻窪→阿佐ヶ谷,3,3,35.7044,139.62297,63,80832757,80832757,tertiary,,,566652198,footway,4.436,0.373,4.063,False,,,,False,0.0,False,176.6
荻窪→阿佐ヶ谷,4,4,35.70354,139.62639,63,566652201,1352004080,tertiary,,,566652201,tertiary,3.295,0.535,2.76,False,,,,False,0.0,False,0.6
荻窪→阿佐ヶ谷,5,6,35.70328,139.62749,63,80833412,168918384,primary,yes,青梅街道,80833412,residential,4.179,3.722,0.458,True,,,,False,0.0,False,35.5
荻窪→阿佐ヶ谷,6,7,35.70383,139.62758,63,80833412,80833688,residential,,,80833767,residential,1.649,0.373,1.276,True,,,,False,0.0,False,120.1
荻窪→阿佐ヶ谷,7,8,35.70368,139.62866,63,80833767,80834023,unclassified,,,80833767,residential,0.298,0.261,0.037,True,,,,False,0.0,True,109.5
荻窪→阿佐ヶ谷,8,10,35.7038,139.6305,63,80835345,80835345,residential,,,99998235,service,16.337,1.761,14.576,False,,,,False,0.0,False,180.0
荻窪→阿佐ヶ谷,9,11,35.7037,139.63123,63,80835231,80835345,residential,,,80835305,residential,2.32,1.189,1.131,True,,,,False,0.0,False,169.1
荻窪→阿佐ヶ谷,10,13,35.70401,139.63283,63,80835359,80835360,residential,yes,,80835361,residential,2.146,0.548,1.598,True,,,A,True,1.0,False,175.0
荻窪→阿佐ヶ谷,11,14,35.70462,139.63456,63,80835360,87704269,residential,yes,,80835360,residential,2.384,0.639,1.746,True,想定外,A,,False,0.0,True,77.8
荻窪→阿佐ヶ谷,12,16,35.70456,139.635,63,194848475,194848488,service,,,194848475,service,1.317,0.281,1.037,True,,,,False,0.0,False,3.2
荻窪→阿佐ヶ谷,13,18,35.7047,139.63559,63,87703816,87703816,residential,,,194848480,residential,1.07,0.12,0.95,True,,,,False,0.0,True,96.2
自由が丘→等々力,0,0,35.60767,139.66856,42,287033954,287033954,unclassified,yes,,114060649,unclassified,6.939,0.728,6.211,False,,,,False,0.0,True,90.5
自由が丘→等々力,1,3,35.60656,139.6681,42,25533292,25533292,unclassified,yes,カトレア通り,350353685,service,1.448,1.291,0.156,True,,,,False,0.0,False,26.1
自由が丘→等々力,2,4,35.60661,139.66757,42,350353685,350353685,service,yes,,200093226,footway,3.119,0.208,2.91,False,残存A群,A,A,True,1.0,False,164.8
自由が丘→等々力,3,7,35.60616,139.66722,42,55047413,1337624814,residential,,,55047413,residential,1.556,0.486,1.069,True,,,,False,0.0,False,157.7
自由が丘→等々力,4,8,35.60643,139.66625,42,48678504,1337624814,residential,,,48678504,service,0.988,0.811,0.177,True,,,,False,0.0,False,161.3
自由が丘→等々力,5,9,35.60601,139.66498,42,48678504,48903694,residential,,,48678504,service,1.623,0.74,0.883,True,,,,False,0.0,False,147.4
自由が丘→等々力,6,11,35.60546,139.66304,42,295477986,1337624815,service,,,295477986,tertiary,1.334,0.073,1.261,True,,,,False,0.0,False,28.9
自由が丘→等々力,7,12,35.60861,139.6495,42,28980185,59266136,tertiary,,等々力通り,190122592,residential,1.318,0.131,1.187,True,,,,False,0.0,False,1.9
自由が丘→等々力,8,14,35.60826,139.64885,42,47483021,47483021,footway,,,190122593,residential,1.586,0.02,1.566,True,,,,False,0.0,False,164.1
自由が丘→等々力,9,15,35.60857,139.64751,42,47483021,47483021,footway,,,91465367,footway,1.062,0.144,0.918,True,,,,False,0.0,False,180.0
浦和→さいたま新都心,0,0,35.85878,139.65799,108,916790137,916790137,tertiary,yes,,916790138,tertiary,7.738,2.776,4.962,False,,,,False,0.0,True,60.9
浦和→さいたま新都心,1,2,35.85906,139.65813,108,325347768,1444864905,tertiary,yes,,325347768,unclassified,1.014,0.51,0.505,True,想定外,A,,False,0.0,True,98.4
浦和→さいたま新都心,2,5,35.85991,139.6569,108,155587099,325347769,unclassified,yes,,155587099,residential,0.871,0.169,0.701,True,,,,False,0.0,False,177.1
浦和→さいたま新都心,3,6,35.86051,139.65648,108,299401402,299401402,unclassified,,,325347769,unclassified,25.884,0.1,25.784,False,,,,False,0.0,False,178.8
浦和→さいたま新都心,4,7,35.86101,139.65633,108,299401402,299401402,unclassified,,,771672190,residential,43.095,0.16,42.935,False,,,,False,0.0,False,172.9
浦和→さいたま新都心,5,8,35.86137,139.65614,108,299401402,771672190,residential,,,299401402,unclassified,1.173,0.02,1.154,True,,,,False,0.0,True,107.3
浦和→さいたま新都心,6,9,35.86593,139.65308,108,100148369,100148369,tertiary,,東通り,100298047,unclassified,1.302,1.139,0.163,True,,,,False,0.0,False,178.8
浦和→さいたま新都心,7,10,35.86644,139.65293,108,100148369,1263030291,unclassified,,,100148369,tertiary,0.844,0.721,0.123,True,,,,False,0.0,False,46.2
浦和→さいたま新都心,8,13,35.86665,139.65262,108,1378633397,1378604847,footway,,,1378633397,footway,3.177,1.377,1.8,True,,,,False,0.0,False,130.5
浦和→さいたま新都心,9,17,35.86766,139.6515,108,100148347,100148347,unclassified,,,100400218,residential,3.439,2.083,1.356,True,,,,False,0.0,False,13.1
浦和→さいたま新都心,10,18,35.86815,139.6512,108,100148347,100148347,unclassified,,,100400235,unclassified,16.498,0.471,16.027,False,,,,False,0.0,False,17.1
浦和→さいたま新都心,11,20,35.86828,139.65085,108,100400218,771672193,service,,,100400218,residential,2.684,0.142,2.542,False,,,,False,0.0,True,105.2
浦和→さいたま新都心,12,21,35.87001,139.64949,108,100400218,100400218,residential,,,771672195,residential,1.449,0.32,1.129,True,,,,False,0.0,False,4.4
浦和→さいたま新都心,13,22,35.86979,139.64907,108,312590910,312590910,primary,no,旧中山道,771672195,residential,0.902,0.077,0.825,True,,,,False,0.0,False,3.7
浦和→さいたま新都心,14,23,35.87263,139.64713,108,207813769,484454198,footway,,,906817331,primary,1.684,1.164,0.519,True,,,,False,0.0,False,53.4
浦和→さいたま新都心,15,24,35.87646,139.64517,108,99170884,323017083,secondary,no,旧中山道,99170884,unclassified,2.277,0.23,2.047,False,,,,False,0.0,False,178.5
浦和→さいたま新都心,16,25,35.88068,139.64305,108,1429902657,323017083,secondary,no,旧中山道,1429902657,footway,6.004,0.973,5.031,False,,,,False,0.0,False,178.8
浦和→さいたま新都心,17,26,35.88224,139.64189,108,99170594,1429907953,footway,,,99170594,residential,2.88,0.209,2.671,False,,,,False,0.0,False,4.9
浦和→さいたま新都心,18,27,35.88749,139.63856,108,1393674973,1393674973,secondary,,旧中山道,770936314,footway,6.438,3.163,3.275,False,,,,False,0.0,False,179.2
浦和→さいたま新都心,19,28,35.89348,139.63469,108,200913405,1393674972,secondary,,旧中山道,57898235,motorway,3.806,1.547,2.259,False,,,,False,0.0,False,176.9
浦和→さいたま新都心,20,29,35.89411,139.63417,108,770927661,285614711,pedestrian,,,770927661,footway,4.819,2.855,1.964,True,,,,False,0.0,True,90.0
吉祥寺→三鷹,0,0,35.70293,139.57722,56,31887269,1253983170,secondary,,吉祥寺通り,1253983167,primary,0.783,0.719,0.063,True,,,,False,0.0,True,102.0
吉祥寺→三鷹,1,1,35.70566,139.56803,56,145130502,145130502,tertiary,,,178772547,primary,0.474,0.379,0.095,True,,,,False,0.0,True,114.5
吉祥寺→三鷹,2,2,35.70369,139.56694,56,33036424,145130484,tertiary,,成蹊通り,209297871,residential,1.266,0.781,0.485,True,,,,False,0.0,False,136.2
吉祥寺→三鷹,3,3,35.70352,139.56092,56,37586056,1527420839,service,yes,,153167829,tertiary,3.278,0.975,2.303,False,,,,False,0.0,True,87.6
吉祥寺→三鷹,4,4,35.70333,139.56089,56,1527420839,1527420839,service,yes,,1527420840,service,2.426,2.034,0.392,True,,,,False,0.0,True,87.6
立川→国分寺,0,0,35.69665,139.4128,163,853388885,853388885,tertiary,yes,,823191579,pedestrian,4.107,0.123,3.984,False,C群,C,C,True,1.0,False,179.0
立川→国分寺,1,1,35.69566,139.41228,163,742524875,742524875,tertiary,yes,,853388888,tertiary,2.408,1.541,0.867,True,,,,False,0.0,True,88.0
立川→国分寺,2,2,35.69174,139.42325,163,81601827,81601827,unclassified,yes,,138427594,tertiary,4.217,1.917,2.299,False,,,,False,0.0,True,105.5
立川→国分寺,3,3,35.69153,139.42453,163,1429406683,1429406683,tertiary,yes,立川南通り,1453544791,footway,3.621,1.399,2.222,False,,B,B,True,1.0,False,178.1
立川→国分寺,4,4,35.69157,139.4252,163,138427587,138427587,tertiary,yes,立川南通り,1429406683,tertiary,8.607,0.86,7.747,False,,,,False,0.0,False,9.6
立川→国分寺,5,5,35.6915,139.42711,163,138427588,138427588,tertiary,yes,立川南通り,854935399,tertiary,9.465,1.131,8.334,False,,,,False,0.0,False,1.4
立川→国分寺,6,7,35.69124,139.42831,163,77067799,81601830,tertiary,,,77067799,tertiary,4.332,1.161,3.171,False,,,,False,0.0,True,110.7
立川→国分寺,7,8,35.69027,139.43143,163,81848101,81848141,tertiary,,,81848101,tertiary,1.962,0.973,0.988,True,,,,False,0.0,False,173.1
立川→国分寺,8,9,35.69016,139.43212,163,81848141,81848141,tertiary,,,81848101,tertiary,61.384,2.422,58.962,False,,,,False,0.0,False,172.2
立川→国分寺,9,10,35.69022,139.43395,163,81848109,81848141,tertiary,,,81848109,tertiary,2.298,1.463,0.835,True,,,,False,0.0,False,131.3
立川→国分寺,10,11,35.69165,139.43391,163,84271997,84272034,tertiary,,,84271997,residential,1.626,1.624,0.002,True,,,,False,0.0,True,77.5
立川→国分寺,11,12,35.69184,139.43967,163,84271997,84271997,residential,yes,,237757473,service,1.951,1.673,0.278,True,,,,False,0.0,False,6.9
立川→国分寺,12,13,35.69114,139.4397,163,84271985,237757473,service,,,84271985,residential,1.005,0.346,0.659,True,,,,False,0.0,True,97.9
立川→国分寺,13,14,35.69135,139.44677,163,84271957,135230359,footway,,,84271957,residential,0.632,0.048,0.584,True,,,,False,0.0,True,94.7
立川→国分寺,14,15,35.69205,139.44675,163,84271956,84271956,residential,,,135230359,footway,1.101,0.407,0.694,True,,,,False,0.0,False,58.8
立川→国分寺,15,17,35.69359,139.44711,163,53348166,53348166,residential,yes,,135230354,footway,0.731,0.459,0.273,True,,,,False,0.0,False,11.0
立川→国分寺,16,18,35.69382,139.45489,163,86478865,172480046,residential,yes,,86478865,unclassified,0.283,0.067,0.216,True,,,,False,0.0,False,4.0
立川→国分寺,17,19,35.69437,139.45488,163,84271954,84271954,secondary,,多喜窪通り,86478865,unclassified,1.051,0.937,0.114,True,,,,False,0.0,False,10.2
立川→国分寺,18,20,35.69447,139.45796,163,454008763,728187456,secondary,,多喜窪通り,454008763,service,8.838,0.263,8.575,False,,,,False,0.0,False,179.3
立川→国分寺,19,21,35.69432,139.45997,163,184674220,728187456,secondary,,多喜窪通り,184674220,primary,4.212,0.397,3.816,False,,,,False,0.0,False,176.1
立川→国分寺,20,22,35.69408,139.4623,163,161965524,161965524,secondary,,多喜窪通り,1252310694,footway,5.489,2.338,3.151,False,,,,False,0.0,False,178.7
立川→国分寺,21,24,35.69483,139.46397,163,86751479,172480150,secondary,,多喜窪通り,86751479,tertiary,3.123,1.341,1.782,True,,,,False,0.0,False,178.3
立川→国分寺,22,26,35.69506,139.46456,163,161954712,161954712,secondary,,多喜窪通り,1410570716,service,16.213,0.113,16.101,False,,,,False,0.0,False,176.7
立川→国分寺,23,27,35.69541,139.46619,163,86751499,161954672,secondary,,多喜窪通り,887546947,residential,2.021,1.413,0.608,True,,,,False,0.0,False,179.6
立川→国分寺,24,28,35.69604,139.4692,163,28919945,1346808669,tertiary,,,1427049474,secondary,0.352,0.184,0.168,True,,,,False,0.0,True,71.0
立川→国分寺,25,29,35.69628,139.47058,163,1427049474,1427049474,secondary,,多喜窪通り,1349229546,footway,5.953,1.054,4.899,False,,,,False,0.0,False,179.8
立川→国分寺,26,30,35.69655,139.47463,163,161954707,161954707,secondary,,多喜窪通り,161953549,residential,10.134,0.158,9.975,False,,,,False,0.0,False,164.3
立川→国分寺,27,31,35.69646,139.47531,163,161954707,161954707,secondary,,多喜窪通り,401781054,service,8.365,1.336,7.029,False,,,,False,0.0,False,164.7
立川→国分寺,28,32,35.69662,139.47615,163,161954707,258865968,residential,,,161954707,secondary,1.974,0.494,1.479,True,,,,False,0.0,False,1.9
立川→国分寺,29,33,35.69728,139.47745,163,161954368,161954368,residential,,,161954707,secondary,0.811,0.083,0.727,True,,,,False,0.0,False,132.3
立川→国分寺,30,34,35.69796,139.47823,163,28850943,1427049470,secondary,,多喜窪通り,28850943,tertiary,3.297,0.705,2.591,False,,,,False,0.0,False,177.4
立川→国分寺,31,35,35.69856,139.4793,163,161953646,161953646,unclassified,,,1427049473,unclassified,1.384,0.546,0.837,True,,,,False,0.0,False,151.4
立川→国分寺,32,36,35.69924,139.48017,163,1427049470,1427049470,secondary,,多喜窪通り,1427049472,tertiary,1.858,0.52,1.338,True,,,,False,0.0,False,167.0
立川→国分寺,33,37,35.69941,139.48015,163,1427049472,1427049472,tertiary,,,1082813744,footway,4.488,0.142,4.346,False,,,,False,0.0,False,59.5
横浜→みなとみらい,0,0,35.46478,139.62296,109,542886819,548992507,service,,,542886819,footway,0.96,0.062,0.898,True,,,,False,0.0,False,44.8
横浜→みなとみらい,1,4,35.46414,139.62264,109,28413948,28413948,unclassified,yes,,1083959345,footway,4.695,0.999,3.696,False,C群,C,C,True,1.0,False,173.4
横浜→みなとみらい,2,5,35.46358,139.62261,109,28413948,28413948,unclassified,yes,,1083959354,footway,4.907,0.717,4.19,False,C群,C,C,True,1.0,False,173.4
横浜→みなとみらい,3,7,35.46312,139.62246,109,26643010,32463172,tertiary,,,1216392564,primary,1.447,0.559,0.889,True,,,,False,0.0,True,85.8
横浜→みなとみらい,4,9,35.46206,139.62276,109,26643010,111656069,tertiary,,,26643010,tertiary,0.412,0.028,0.385,True,,,,False,0.0,True,98.1
横浜→みなとみらい,5,10,35.46104,139.6231,109,26643010,26643010,tertiary,,,134758809,residential,2.656,0.773,1.883,True,,,,False,0.0,False,0.1
横浜→みなとみらい,6,11,35.46059,139.62348,109,26643010,26643010,tertiary,,,389322199,footway,7.705,2.785,4.919,False,,,,False,0.0,False,40.3
横浜→みなとみらい,7,13,35.4606,139.62411,109,38913182,1298550088,tertiary,yes,すずかけ通り,306336242,trunk,4.815,0.483,4.332,False,,,,False,0.0,False,4.8
横浜→みなとみらい,8,14,35.46044,139.62529,109,452383849,306336243,tertiary,yes,すずかけ通り,452383849,footway,6.901,0.315,6.586,False,,,,False,0.0,False,4.6
横浜→みなとみらい,9,15,35.4606,139.62651,109,25758158,306336254,tertiary,yes,みなとみらい大通り,1215885243,tertiary,0.995,0.825,0.17,True,,,,False,0.0,True,82.4
横浜→みなとみらい,10,16,35.46117,139.62985,109,25944240,25944286,tertiary,yes,すずかけ通り,25944240,tertiary,2.679,1.321,1.359,True,,,,False,0.0,False,23.8
横浜→みなとみらい,11,17,35.45889,139.63163,109,36348141,36348141,tertiary,yes,,421423861,footway,3.694,0.666,3.027,False,,,,False,0.0,False,0.2
川崎→武蔵小杉,0,0,35.53185,139.69658,168,153006969,153006969,tertiary,,西口通り,682642039,pedestrian,3.795,0.651,3.144,False,,,,False,0.0,False,5.0
川崎→武蔵小杉,1,1,35.53373,139.69954,168,205715352,674147586,pedestrian,,,205715297,cycleway,2.129,0.382,1.746,True,,,,False,0.0,True,90.0
川崎→武蔵小杉,2,2,35.53618,139.70223,168,1295585359,1295585359,footway,,,262825873,tertiary,5.695,2.89,2.805,False,,,,False,0.0,True,90.5
川崎→武蔵小杉,3,3,35.53827,139.698,168,1226423529,1226423529,trunk,yes,府中街道,989906376,footway,4.215,1.386,2.83,False,,,,False,0.0,False,8.0
川崎→武蔵小杉,4,4,35.54013,139.69686,168,989951075,989951075,trunk,yes,府中街道,992703183,trunk,6.634,1.844,4.789,False,,,,False,0.0,False,0.7
川崎→武蔵小杉,5,5,35.54306,139.69367,168,263456981,992241606,trunk,yes,府中街道,263456981,trunk,4.331,2.754,1.577,True,,,,True,1.0,False,170.3
川崎→武蔵小杉,6,6,35.54401,139.69123,168,263456981,387787695,footway,,,991711775,trunk,0.367,0.056,0.311,True,,,,False,0.0,False,133.1
川崎→武蔵小杉,7,7,35.54646,139.68509,168,991020675,991020675,trunk,yes,府中街道,990058492,trunk,4.447,2.669,1.778,True,,,,False,0.0,False,5.7
川崎→武蔵小杉,8,8,35.54939,139.68217,168,991020675,1451926119,footway,,,991020675,trunk,2.772,1.95,0.822,True,,,,False,0.0,False,3.7
川崎→武蔵小杉,9,9,35.55289,139.67992,168,27639367,27639367,trunk,,府中街道,1011150937,footway,5.674,0.25,5.424,False,,,,False,0.0,False,179.1
川崎→武蔵小杉,10,10,35.55431,139.67884,168,31875063,31875063,tertiary,yes,南武沿線道路,155790743,service,4.022,0.227,3.795,False,,,,False,0.0,False,0.2
川崎→武蔵小杉,11,11,35.55607,139.67756,168,263457845,31875063,tertiary,yes,南武沿線道路,1537673791,footway,3.872,1.23,2.642,False,B群,B,,False,0.0,False,0.7
川崎→武蔵小杉,12,12,35.55828,139.67599,168,37712600,932751006,tertiary,yes,南武沿線道路,37712600,tertiary,2.978,0.484,2.494,False,,,,False,0.0,False,0.1
川崎→武蔵小杉,13,13,35.56025,139.67457,168,932751006,932751006,tertiary,yes,南武沿線道路,1144230124,unclassified,5.209,0.108,5.101,False,,,,False,0.0,False,0.5
川崎→武蔵小杉,14,14,35.56317,139.67255,168,159367393,294664333,tertiary,yes,南武沿線道路,159367393,residential,2.631,0.289,2.342,False,,,,False,0.0,False,14.5
川崎→武蔵小杉,15,15,35.56546,139.671,168,294664333,294664333,tertiary,yes,南武沿線道路,557828565,residential,1.799,0.765,1.034,True,,,,False,0.0,False,3.3
川崎→武蔵小杉,16,16,35.56923,139.66995,168,123451443,294664333,tertiary,yes,南武沿線道路,159367636,unclassified,2.207,0.045,2.162,False,,,,False,0.0,False,0.5
川崎→武蔵小杉,17,18,35.56968,139.66943,168,159368010,159368010,service,,,228751920,footway,31.061,0.071,30.99,False,,,,False,0.0,False,161.8
川崎→武蔵小杉,18,20,35.56992,139.66859,168,680507396,159368010,service,,,680507396,residential,1.428,0.932,0.497,True,,,,False,0.0,False,163.7
川崎→武蔵小杉,19,22,35.57003,139.66775,168,561778848,561778848,path,,,812902514,path,3.103,0.531,2.573,False,,,,False,0.0,False,27.7
川崎→武蔵小杉,20,23,35.57043,139.66777,168,812902514,812902514,path,,,561778848,path,44.084,5.229,38.855,False,,,,False,0.0,False,5.3
川崎→武蔵小杉,21,25,35.57216,139.66722,168,812902514,812902514,path,,,267954379,footway,29.19,3.42,25.771,False,,,,False,0.0,False,4.0
川崎→武蔵小杉,22,29,35.57252,139.66695,168,123458564,123458564,unclassified,,,267954379,footway,3.929,0.047,3.882,False,,,,False,0.0,False,147.6
川崎→武蔵小杉,23,32,35.57273,139.66661,168,123458564,123458564,unclassified,,,267954378,footway,5.373,0.002,5.37,False,,,,False,0.0,False,163.5
川崎→武蔵小杉,24,33,35.57323,139.66647,168,31990106,123458564,unclassified,,,1034802251,tertiary,2.426,1.394,1.032,True,,,,False,0.0,True,118.5
川崎→武蔵小杉,25,34,35.57325,139.66392,168,267975548,31990106,tertiary,,,267975548,footway,2.905,1.231,1.674,True,,,,False,0.0,False,179.3
川崎→武蔵小杉,26,35,35.57318,139.66348,168,267954378,932277458,tertiary,,,267954378,footway,3.456,2.018,1.438,True,,,,False,0.0,False,179.6
川崎→武蔵小杉,27,36,35.57323,139.66325,168,570317028,570317028,unclassified,yes,,1028316658,tertiary,2.793,1.384,1.408,True,,,,False,0.0,True,116.3
千葉→幕張本郷,0,0,35.61359,140.11442,278,350247461,702077871,tertiary,,千葉公園通り,350247461,footway,5.113,1.144,3.969,False,,,,False,0.0,False,18.8
千葉→幕張本郷,1,1,35.61346,140.11503,278,233565187,702077871,tertiary,,千葉公園通り,233565187,unclassified,0.609,0.454,0.154,True,,,,False,0.0,False,10.4
千葉→幕張本郷,2,2,35.61351,140.11567,278,702077871,702077871,tertiary,,千葉公園通り,1386938765,footway,3.798,1.509,2.289,False,,,,False,0.0,False,8.8
千葉→幕張本郷,3,3,35.6138,140.11625,278,144846303,702077871,tertiary,,千葉公園通り,1386938765,footway,4.112,2.102,2.01,False,,,,False,0.0,False,26.1
千葉→幕張本郷,4,4,35.61437,140.117,278,144846307,702077871,tertiary,,千葉公園通り,144846307,unclassified,4.314,0.741,3.573,False,,,,False,0.0,False,26.9
千葉→幕張本郷,5,6,35.61486,140.11788,278,181993578,233583368,footway,,,144785471,tertiary_link,1.945,1.768,0.176,True,,,,False,0.0,False,159.0
千葉→幕張本郷,6,7,35.61519,140.11818,278,233583368,233583368,footway,,,144785471,tertiary_link,2.448,1.487,0.961,True,,,,False,0.0,False,179.1
千葉→幕張本郷,7,8,35.61556,140.11828,278,144785471,144785471,tertiary_link,yes,千葉公園通り,181993567,footway,5.56,0.658,4.901,False,,,,False,0.0,False,29.1
千葉→幕張本郷,8,10,35.61591,140.11836,278,144785430,144785430,tertiary,yes,千葉公園通り,144785471,tertiary_link,2.358,0.807,1.551,True,,,,False,0.0,False,4.6
千葉→幕張本郷,9,11,35.61662,140.11842,278,23053071,144785464,tertiary,,,219685759,unclassified,5.485,0.916,4.569,False,,,,False,0.0,False,14.6
千葉→幕張本郷,10,12,35.61834,140.11839,278,144785464,144785464,tertiary,,,172621192,unclassified,54.143,0.62,53.523,False,,,,False,0.0,False,9.0
千葉→幕張本郷,11,13,35.61896,140.11822,278,1083937781,144785464,tertiary,,,1083937781,footway,8.348,1.123,7.225,False,,,,False,0.0,False,7.1
千葉→幕張本郷,12,14,35.61954,140.11793,278,144785464,144785464,tertiary,,,1083937781,footway,5.236,2.276,2.961,False,,,,False,0.0,False,15.9
千葉→幕張本郷,13,15,35.62083,140.11715,278,103755119,103755119,tertiary,,,1083937775,footway,5.143,0.413,4.731,False,,,,False,0.0,False,0.2
千葉→幕張本郷,14,16,35.62147,140.11679,278,103755119,172896096,unclassified,,,103755119,tertiary,1.686,1.028,0.658,True,,,,False,0.0,True,92.6
千葉→幕張本郷,15,18,35.62368,140.11597,278,23052404,23052404,trunk,yes,国道126号,178600326,unclassified,3.865,0.143,3.722,False,,,,False,0.0,False,2.5
千葉→幕張本郷,16,19,35.62405,140.1158,278,23052404,23052404,trunk,yes,国道126号,22961575,trunk,9.337,0.349,8.989,False,,,,False,0.0,False,3.3
千葉→幕張本郷,17,20,35.62516,140.1154,278,23052404,23053066,tertiary,,作草部坂通り,23052404,trunk,1.161,0.925,0.236,True,,,,False,0.0,True,72.6
千葉→幕張本郷,18,21,35.62607,140.11504,278,23052404,23052404,trunk,yes,国道126号,1083988791,footway,6.814,0.235,6.578,False,,,,False,0.0,False,0.2
千葉→幕張本郷,19,22,35.62677,140.11468,278,22961575,23052404,trunk,yes,国道126号,22961575,trunk,9.375,3.348,6.027,False,B群,B,,False,0.0,False,5.1
千葉→幕張本郷,20,23,35.62823,140.11382,278,23052404,23052404,trunk,yes,国道126号,153600800,tertiary,1.436,0.576,0.86,True,,,,False,0.0,False,1.0
千葉→幕張本郷,21,24,35.63006,140.11312,278,23052404,23052404,trunk,yes,国道126号,233960862,residential,0.691,0.173,0.518,True,,,,False,0.0,False,6.3
千葉→幕張本郷,22,25,35.63246,140.11244,278,400848983,23052404,trunk,yes,国道126号,400848983,trunk,4.338,0.657,3.682,False,,,,False,0.0,False,8.5
千葉→幕張本郷,23,26,35.63407,140.11198,278,23052404,23052404,trunk,yes,国道126号,22961575,trunk,9.243,1.854,7.39,False,,,,False,0.0,False,6.2
千葉→幕張本郷,24,27,35.6346,140.11174,278,22961575,23052404,trunk,yes,国道126号,22961575,trunk,7.975,2.931,5.044,False,B群,B,,False,0.0,False,9.3
千葉→幕張本郷,25,28,35.63547,140.11105,278,23052404,23052404,trunk,yes,国道126号,22961576,tertiary,7.37,1.322,6.049,False,,,,False,0.0,False,21.4
千葉→幕張本郷,26,29,35.63694,140.10934,278,652775513,652775513,trunk,yes,国道126号,1066868407,trunk,1.449,1.166,0.283,True,,,,False,0.0,True,83.8
千葉→幕張本郷,27,30,35.6392,140.10641,278,176181810,176181810,primary,,穴川天戸線,1275353170,steps,9.281,0.93,8.351,False,,,,False,0.0,False,179.7
千葉→幕張本郷,28,32,35.63957,140.10505,278,176181803,176181803,secondary,,稲毛停車場穴川線,193838554,residential,5.354,1.149,4.205,False,,,,False,0.0,False,167.9
千葉→幕張本郷,29,33,35.63962,140.10409,278,176181803,232894835,service,,,176181803,secondary,0.712,0.622,0.09,True,,,,False,0.0,True,95.7
千葉→幕張本郷,30,34,35.63949,140.10172,278,176181803,176181803,secondary,,稲毛停車場穴川線,178600354,tertiary,1.71,1.117,0.592,True,,,,False,0.0,False,178.2
千葉→幕張本郷,31,35,35.6388,140.09682,278,144532234,176181803,secondary,,稲毛停車場穴川線,144532234,unclassified,5.38,1.251,4.129,False,,,,False,0.0,False,176.6
千葉→幕張本郷,32,36,35.63832,140.09347,278,176181803,1409472286,tertiary,,放医研通り,176181803,secondary,1.446,0.504,0.942,True,,,,False,0.0,False,172.1
千葉→幕張本郷,33,37,35.64812,140.08627,278,22962353,22962353,tertiary,,小仲台坂通り,162096522,tertiary,9.089,0.556,8.533,False,,,,False,0.0,False,179.0
千葉→幕張本郷,34,39,35.64739,140.08533,278,142225531,142225531,footway,,,162096522,tertiary,6.594,0.596,5.998,False,,,,False,0.0,False,12.1
千葉→幕張本郷,35,40,35.64628,140.08398,278,176443607,176443607,residential,,,142225531,footway,1.399,0.04,1.359,True,,,,False,0.0,True,85.4
千葉→幕張本郷,36,41,35.64694,140.08385,278,142268720,176443607,residential,,,142259721,footway,1.171,1.17,0.001,True,,,,False,0.0,False,176.2
千葉→幕張本郷,37,42,35.64746,140.08364,278,142268720,142268720,residential,,,1280925031,steps,44.589,1.759,42.831,False,,,,False,0.0,False,150.0
千葉→幕張本郷,38,43,35.64794,140.08327,278,142268720,142268720,residential,,,162096538,tertiary,15.594,0.513,15.081,False,,,,False,0.0,False,161.4
千葉→幕張本郷,39,44,35.64831,140.08289,278,142268720,142268720,residential,,,139653292,tertiary,51.244,2.208,49.036,False,,,,False,0.0,False,169.8
千葉→幕張本郷,40,45,35.64859,140.0825,278,142268720,142268720,residential,,,139653292,tertiary,4.312,3.561,0.751,True,,,,False,0.0,False,179.5
千葉→幕張本郷,41,46,35.64884,140.08195,278,142268708,142268708,residential,,,762649841,residential,0.788,0.458,0.329,True,,,,False,0.0,False,19.2
千葉→幕張本郷,42,47,35.64903,140.08095,278,142268708,142268708,residential,,,142268702,residential,19.373,1.034,18.339,False,,,,False,0.0,False,30.8
千葉→幕張本郷,43,49,35.64894,140.0806,278,142268702,142268702,residential,,,1494455755,track,18.412,2.338,16.074,False,,,,False,0.0,False,167.3
千葉→幕張本郷,44,50,35.64886,140.0796,278,142268702,142268702,residential,,,762649858,residential,0.467,0.006,0.462,True,,,,False,0.0,False,172.3
千葉→幕張本郷,45,51,35.64886,140.07847,278,142268702,142268702,residential,,,142268736,residential,1.38,0.371,1.009,True,,,,False,0.0,False,179.8
千葉→幕張本郷,46,53,35.64915,140.07673,278,142268688,142268688,residential,,,142268692,residential,1.344,0.444,0.9,True,,,,False,0.0,True,89.6
千葉→幕張本郷,47,54,35.64964,140.07413,278,142268692,142268692,residential,,,142268726,residential,2.278,0.626,1.652,True,,,,False,0.0,False,8.9
千葉→幕張本郷,48,56,35.65152,140.06937,278,139653293,139813893,unclassified,,,139653293,unclassified,0.324,0.156,0.168,True,,,,False,0.0,False,178.4
千葉→幕張本郷,49,58,35.6522,140.06794,278,139815669,139815679,residential,,,139815669,residential,1.057,0.097,0.959,True,,,,False,0.0,False,167.9
千葉→幕張本郷,50,60,35.65275,140.0663,278,176913203,176913203,footway,,,312441870,footway,1.071,0.493,0.578,True,,,,False,0.0,False,171.5
千葉→幕張本郷,51,62,35.65273,140.06544,278,312441870,312441870,footway,,,1410024945,tertiary,2.807,0.141,2.665,False,,,,False,0.0,False,58.0
千葉→幕張本郷,52,64,35.65337,140.06542,278,232975632,232975632,unclassified,,,232975633,residential,2.535,1.592,0.942,True,,,,False,0.0,True,68.8
千葉→幕張本郷,53,65,35.65333,140.06497,278,232975631,232975633,residential,,,232975631,residential,2.323,0.873,1.45,True,,,,False,0.0,False,160.0
千葉→幕張本郷,54,66,35.65338,140.06439,278,232975633,232975633,residential,,,232975637,residential,8.744,1.885,6.859,False,,,,False,0.0,False,171.9
千葉→幕張本郷,55,68,35.65405,140.06395,278,232975633,232975633,residential,,,232975638,residential,12.17,0.763,11.407,False,,,,False,0.0,False,131.4
千葉→幕張本郷,56,70,35.6548,140.06354,278,232975641,354213977,unclassified,,,232975641,residential,1.449,0.818,0.632,True,,,,False,0.0,False,3.4
千葉→幕張本郷,57,72,35.6552,140.06362,278,1328740625,1328740625,cycleway,,Hanamigawa Cycling Road,438970764,footway,0.321,0.144,0.177,True,,,,False,0.0,False,4.8
千葉→幕張本郷,58,75,35.65555,140.06387,278,1328740627,1328740627,cycleway,,Hanamigawa Cycling Road,1328740626,cycleway,10.556,0.336,10.22,False,,,,False,0.0,False,7.0
千葉→幕張本郷,59,76,35.65605,140.06392,278,1328740627,1328740627,cycleway,,Hanamigawa Cycling Road,215847533,unclassified,32.068,0.356,31.712,False,,,,False,0.0,False,1.8
千葉→幕張本郷,60,78,35.65663,140.06335,278,140120618,215847591,track,,,140120618,unclassified,1.276,0.051,1.225,True,,,,False,0.0,True,82.0
千葉→幕張本郷,61,80,35.65644,140.06299,278,140120585,140120585,unclassified,,,140120618,unclassified,17.735,0.409,17.326,False,,,,False,0.0,False,154.1
千葉→幕張本郷,62,83,35.65602,140.06282,278,22762849,22762849,unclassified,,,140120585,unclassified,4.14,1.012,3.128,False,,,,False,0.0,True,101.2
千葉→幕張本郷,63,85,35.6559,140.06241,278,219629137,219629137,residential,,,22762849,unclassified,29.786,0.28,29.506,False,,,,False,0.0,False,12.9
千葉→幕張本郷,64,88,35.65594,140.06193,278,219629137,219629137,residential,,,470866656,service,10.936,0.012,10.924,False,,,,False,0.0,False,31.3
千葉→幕張本郷,65,89,35.65598,140.06121,278,142222808,219629137,residential,,,142222808,residential,2.232,0.478,1.754,True,,,,False,0.0,False,7.3
千葉→幕張本郷,66,90,35.65647,140.06135,278,142222808,142222808,residential,,,142222813,residential,1.324,0.121,1.204,True,,,,False,0.0,True,108.1
千葉→幕張本郷,67,91,35.65667,140.06068,278,142222813,173717935,residential,,,142222813,residential,1.043,1.024,0.019,True,,,,False,0.0,True,108.6
千葉→幕張本郷,68,94,35.65702,140.06007,278,142222805,372779290,service,,,142222805,service,0.941,0.588,0.353,True,,,,False,0.0,False,25.5
千葉→幕張本郷,69,96,35.65746,140.06003,278,142222805,142222805,service,,,372777838,footway,2.633,0.379,2.254,False,,,,False,0.0,False,6.7
千葉→幕張本郷,70,97,35.6576,140.05961,278,142222805,142222805,service,,,372777838,footway,35.092,0.146,34.946,False,,,,False,0.0,False,29.8
千葉→幕張本郷,71,99,35.65799,140.05919,278,312413970,312413970,residential,yes,,739680056,service,4.29,0.392,3.898,False,,,,False,0.0,False,11.3
千葉→幕張本郷,72,100,35.65831,140.05851,278,142222828,312413970,residential,yes,,142222828,service,2.662,0.252,2.41,False,,,,False,0.0,False,1.2
千葉→幕張本郷,73,101,35.65842,140.05803,278,142222825,312413970,residential,yes,,142222825,footway,1.166,0.714,0.452,True,,,,False,0.0,False,13.9
千葉→幕張本郷,74,104,35.65882,140.05761,278,142222825,142222825,footway,,,312413970,residential,43.278,0.387,42.891,False,,,,False,0.0,False,8.2
千葉→幕張本郷,75,106,35.6591,140.05705,278,22763288,142222825,footway,,,22763288,secondary,0.516,0.439,0.077,True,,,,False,0.0,False,6.6
千葉→幕張本郷,76,108,35.65934,140.05664,278,142222817,142222817,residential,yes,,142222832,residential,20.287,1.638,18.649,False,残存A群,A,A,True,1.0,False,179.7
千葉→幕張本郷,77,111,35.65988,140.05621,278,142222832,142222832,residential,,,142222803,residential,37.922,1.678,36.244,False,,,,False,0.0,False,175.9
千葉→幕張本郷,78,112,35.66027,140.05599,278,142222803,142222832,residential,,,142222803,residential,6.032,0.557,5.475,False,,,,False,0.0,False,178.3
千葉→幕張本郷,79,113,35.66072,140.05572,278,142222832,142222832,residential,,,1086646724,footway,33.194,1.215,31.979,False,,,,False,0.0,False,169.4
千葉→幕張本郷,80,114,35.66103,140.05537,278,142222832,142222832,residential,,,312413966,unclassified,1.044,0.184,0.86,True,,,,False,0.0,False,170.5
千葉→幕張本郷,81,116,35.66179,140.05488,278,209024338,209024338,residential,,,175828538,primary,75.94,0.252,75.688,False,,,,False,0.0,False,179.2
千葉→幕張本郷,82,117,35.66379,140.05254,278,194093217,194093217,residential,,,1283620830,unclassified,14.148,2.723,11.426,False,,,,False,0.0,False,0.4
千葉→幕張本郷,83,120,35.66385,140.05217,278,194093231,194093231,service,,,1283620830,unclassified,6.778,1.969,4.809,False,,,,False,0.0,False,34.0
千葉→幕張本郷,84,122,35.66394,140.05166,278,194093231,194093231,service,,,194093235,service,1.189,0.813,0.376,True,,,,False,0.0,False,5.2
千葉→幕張本郷,85,124,35.6644,140.05169,278,194093227,194093227,residential,,,194093231,service,43.995,1.218,42.777,False,,,,False,0.0,False,15.9
千葉→幕張本郷,86,125,35.66555,140.05035,278,151811151,194093227,residential,,,151811151,residential,4.172,0.777,3.396,False,,,,False,0.0,False,1.7
千葉→幕張本郷,87,126,35.66588,140.0499,278,194093227,194093227,residential,,,151808574,unclassified,31.527,1.003,30.524,False,,,,False,0.0,False,33.2
千葉→幕張本郷,88,127,35.66563,140.04937,278,194093227,194093227,residential,,,151808574,unclassified,23.081,0.437,22.644,False,,,,False,0.0,True,61.1
千葉→幕張本郷,89,129,35.66496,140.04776,278,151808574,151811151,residential,,,151808574,unclassified,4.415,0.819,3.597,False,,,,False,0.0,False,170.9
千葉→幕張本郷,90,130,35.66532,140.0472,278,151811151,151811151,residential,,,270039222,tertiary,1.019,0.051,0.968,True,,,,False,0.0,True,116.2
千葉→幕張本郷,91,131,35.66622,140.04704,278,208926175,208926175,residential,,,270039222,tertiary,1.617,0.25,1.367,True,,,,False,0.0,True,79.4
千葉→幕張本郷,92,132,35.66688,140.04659,278,208926181,208926181,residential,,,270039222,tertiary,2.28,1.042,1.238,True,,,,False,0.0,True,84.7
千葉→幕張本郷,93,133,35.66728,140.04608,278,141626539,141626539,tertiary,,,270039222,tertiary,1.07,0.289,0.78,True,,,,False,0.0,True,78.3
千葉→幕張本郷,94,134,35.67089,140.04181,278,151808598,151808598,unclassified,,,270039222,tertiary,1.171,0.778,0.393,True,,,,False,0.0,True,93.9
千葉→幕張本郷,95,135,35.67176,140.04293,278,151808574,151808574,unclassified,,,151808598,unclassified,2.825,1.139,1.685,True,,,,False,0.0,True,117.0
千葉→幕張本郷,96,136,35.6721,140.04245,278,151808609,151808609,unclassified,yes,,352689942,footway,5.784,2.179,3.605,False,,D,D,True,1.0,False,128.1
千葉→幕張本郷,97,139,35.67235,140.04207,278,151808575,151808575,pedestrian,,,1083425463,footway,5.877,5.762,0.115,True,,,,False,0.0,False,50.7
